title,url,source,date,language,state,district,search_term,full_text,relevance_score
क्या भीषण गर्मी के कई दिनों के बाद उत्तर में एक बार फिर भारी बारिश होने वाली है? - Vietnam.vn,https://news.google.com/rss/articles/CBMiiwFBVV95cUxPRnJzWWtVN0lvTmVQSGR2N1ZNNFhyUVY1SGZKVFFkTVFJd253clc4WDhnYzB2OWVqTkZvazRaNlIwTllLVENPczk3dkpPTWY5TWlXc3FyWTRhZG1qbklhVkR2cmhneW5uT3ZYMlFBSmRPVjZMTFMzY2tCY3U4NzFHWVhkTUlHcG9qc3F3?oc=5,Vietnam.vn,2026-08-13T06:00:36+05:30,hi,Andaman and Nicobar Islands,,"(लू OR ""लू चलना"" OR ""भीषण गर्मी"" OR ""प्रचंड गर्मी"" OR ""कड़ी धूप"" OR ""तेज धूप"" OR ""गर्म हवा"" OR ""उष्ण लहर"" OR ""ताप लहर"" OR ""हीट वेव"" OR ""झुलसाने वाली गर्मी"" OR ""तपती गर्मी"" OR ""भयंकर गर्मी"" OR ""गर्मी का कहर"" OR ""गर्मी का प्रकोप"" OR ""अत्यधिक गर्मी"" OR मौसम OR ""मौसम अपडेट"" OR ""मौसम का हाल"" OR ""मौसम पूर्वानुमान"" OR ""मौसम अलर्ट"" OR आईएमडी OR ""आईएमडी पूर्वानुमान"" OR ""आईएमडी अलर्ट"" OR ""तापमान में बढ़ोतरी"" OR ""गर्मी से राहत"" OR ""गर्मी से निजात"") Andaman and Nicobar Islands","क्या भीषण गर्मी के कई दिनों के बाद उत्तर में एक बार फिर भारी बारिश होने वाली है?
मौसम पूर्वानुमान के अनुसार, लगभग 17 या 18 अगस्त से उत्तरी क्षेत्र में हल्की बारिश और छिटपुट गरज के साथ बौछारें पड़ेंगी, कुछ क्षेत्रों में भारी बारिश होगी (बारिश दोपहर और शाम के समय केंद्रित रहेगी)।
Báo Gia đình và Xã hội•12/08/2026
उत्तरी वियतनाम में इन गर्म दिनों के बाद कब भारी बारिश होगी जिससे गर्मी कम हो सके?
वीटीवी के मौसम पूर्वानुमान के अनुसार, हनोई , उत्तरी वियतनाम और उत्तर मध्य वियतनाम में गर्म मौसम जारी है। इसका कारण क्षेत्र में उत्तर से उत्तर-पश्चिम की ओर चलने वाली तेज़ हवाओं का निरंतर प्रभाव है।
आज उत्तरी वियतनाम के सभी वार्डों में, जिनमें होआन किएम वार्ड (हनोई) भी शामिल है, तापमान आमतौर पर 36-37 डिग्री सेल्सियस के आसपास रहेगा।
राष्ट्रीय जल-मौसम विज्ञान केंद्र के 10 दिवसीय मौसम पूर्वानुमान के अनुसार, उत्तरी क्षेत्र में लू की लहर सप्ताह के अंत तक जारी रहेगी। आज रात से बारिश और गरज के साथ तूफान बढ़ने की संभावना है।
लगभग 17 या 18 अगस्त से, हल्की बारिश और छिटपुट गरज के साथ बौछारें पड़ेंगी, जिनमें कुछ स्थानों पर भारी बारिश भी हो सकती है (बारिश दोपहर और शाम के समय अधिक होगी)। गरज के साथ बौछारों के दौरान बवंडर, बिजली गिरने, ओले पड़ने और तेज हवा के झोंके चलने की संभावना है।
मध्य क्षेत्र में, थान्ह होआ से लेकर खान्ह होआ तक आज का मौसम भीषण गर्मी से भरा है, तापमान 37-38 डिग्री सेल्सियस तक पहुंच गया है। इस लू के कई और दिनों तक जारी रहने का अनुमान है।
मध्य पर्वतीय और दक्षिणी क्षेत्रों में सुबह से दोपहर तक धूप खिली रहेगी। मध्य पर्वतीय क्षेत्रों में तापमान 29-33 डिग्री सेल्सियस के बीच रहेगा; जबकि दक्षिण में तापमान 32-34 डिग्री सेल्सियस तक रहेगा।
मौसम पूर्वानुमान के अनुसार, मध्य उच्चभूमि और वियतनाम के दक्षिणपूर्वी क्षेत्र में दोपहर बाद से छिटपुट गरज के साथ बारिश होने की संभावना है, और कुछ क्षेत्रों में भारी बारिश हो सकती है। गरज के साथ बारिश के दौरान बवंडर, बिजली गिरने और तेज हवाओं का खतरा हो सकता है, इसलिए सावधानी बरतने की सलाह दी जाती है।
आपको यह भी पसंद आ सकता है
देश के सभी क्षेत्रों के लिए 10 दिनों का मौसम पूर्वानुमान।
13 अगस्त की रात से 14 अगस्त की सुबह तक का मौसम पूर्वानुमान:
- उत्तरी वियतनाम: शाम और रात में छिटपुट बारिश और गरज के साथ तूफान आने की संभावना है; दिन में धूप और गर्मी रहेगी, हालांकि लाई चाऊ, डिएन बिएन , सोन ला, क्वांग निन्ह और हाई फोंग के कुछ इलाकों में भीषण गर्मी पड़ सकती है।
- थान्ह होआ से दा नांग शहर, पूर्वी क्वांग न्गाई से डैक लक और खान्ह होआ तक के क्षेत्र: शाम और रात में कुछ क्षेत्रों में बारिश और गरज के साथ तूफान; दिन के दौरान धूप और गर्मी रहेगी, कुछ क्षेत्रों में भीषण गर्मी का सामना करना पड़ेगा।
- मध्य हाइलैंड्स और दक्षिणी वियतनाम: दोपहर बाद और शाम को छिटपुट बौछारें और गरज के साथ बारिश होने की संभावना है (बारिश मध्य हाइलैंड्स और पूर्वी दक्षिणी वियतनाम में केंद्रित होगी), कुछ क्षेत्रों में छिटपुट बौछारें और गरज के साथ बारिश होगी, और कुछ क्षेत्रों में भारी बारिश भी हो सकती है, खासकर 14 अगस्त की शाम को; दिन में धूप खिली रहेगी।
- अन्य क्षेत्र: दोपहर और शाम के बाद कुछ स्थानों पर बारिश और गरज के साथ तूफान आने की संभावना है; दिन में धूप रहेगी, हालांकि कुछ क्षेत्रों में गर्मी रहेगी।
तूफान के दौरान बवंडर, बिजली गिरने, ओले गिरने और तेज हवा के झोंके आने की संभावना रहती है।
14 अगस्त की रात से 22 अगस्त तक का मौसम पूर्वानुमान:
- उत्तरी वियतनाम: शाम और रात में छिटपुट बारिश और गरज के साथ बौछारें पड़ेंगी; दिन में धूप खिली रहेगी, कुछ इलाकों में गर्मी रहेगी। लगभग 17 या 18 अगस्त से छिटपुट बारिश और गरज के साथ बौछारें पड़ेंगी, कुछ इलाकों में भारी बारिश भी हो सकती है (बारिश शाम और रात में केंद्रित रहेगी)।
आपको यह भी पसंद आ सकता है
थान्ह होआ से दा नांग शहर और क्वांग न्गाई प्रांत के पूर्वी भाग से लेकर डाक लक तक का क्षेत्र: शाम और रात में कुछ क्षेत्रों में बारिश और गरज के साथ तूफान आने की संभावना है; दिन में धूप और गर्मी रहेगी, कुछ क्षेत्रों में भीषण गर्मी का सामना करना पड़ेगा। 15 अगस्त से मध्य क्षेत्र में लू धीरे-धीरे कम होने लगेगी।
- मध्य और दक्षिणी हाइलैंड्स: कुछ क्षेत्रों में बौछारें और गरज के साथ बारिश होगी, खासकर दोपहर और शाम के समय छिटपुट बौछारें और गरज के साथ बारिश होगी, और कुछ स्थानों पर स्थानीय रूप से भारी बारिश हो सकती है।
- अन्य क्षेत्र: दोपहर और शाम के बाद कुछ स्थानों पर बारिश और गरज के साथ तूफान आने की संभावना है; दिन में धूप रहेगी, हालांकि कुछ क्षेत्रों में गर्मी रहेगी।
तूफान के दौरान बवंडर, बिजली गिरने, ओले गिरने और तेज हवा के झोंके आने की संभावना रहती है।",1.0
यूरोप की आधी से अधिक आबादी को एक नई भीषण गर्मी की लहर का सामना करना पड़ रहा है। - Vietnam.vn,https://news.google.com/rss/articles/CBMif0FVX3lxTE5BTExhaFc2Yl9OdzNmaGFRWmdWYjBSTEdNc3lvV1BRaGF4SU82YmJYSVQxNXYyZjdVYXE5cjVJeW1ONnRDVEpLc3FLRTBaREJGOFZDNThBUWZ3Z0VLa3dXSmxBVllTNlRyOEpBRjJyZlVHSC1ZalpSLUVTNHprRTA?oc=5,Vietnam.vn,2026-08-13T06:44:24+05:30,hi,Andaman and Nicobar Islands,,"(लू OR ""लू चलना"" OR ""भीषण गर्मी"" OR ""प्रचंड गर्मी"" OR ""कड़ी धूप"" OR ""तेज धूप"" OR ""गर्म हवा"" OR ""उष्ण लहर"" OR ""ताप लहर"" OR ""हीट वेव"" OR ""झुलसाने वाली गर्मी"" OR ""तपती गर्मी"" OR ""भयंकर गर्मी"" OR ""गर्मी का कहर"" OR ""गर्मी का प्रकोप"" OR ""अत्यधिक गर्मी"" OR मौसम OR ""मौसम अपडेट"" OR ""मौसम का हाल"" OR ""मौसम पूर्वानुमान"" OR ""मौसम अलर्ट"" OR आईएमडी OR ""आईएमडी पूर्वानुमान"" OR ""आईएमडी अलर्ट"" OR ""तापमान में बढ़ोतरी"" OR ""गर्मी से राहत"" OR ""गर्मी से निजात"") Andaman and Nicobar Islands","यूरोप की आधी से अधिक आबादी को 12 अगस्त को 30 डिग्री सेल्सियस से ऊपर के तापमान का सामना करना पड़ा, जिसमें लगभग 92 मिलियन लोगों ने 35 डिग्री सेल्सियस से ऊपर के तापमान का अनुभव किया, क्योंकि एक नई लू ने महाद्वीप के कई हिस्सों को अपनी चपेट में ले रखा था।
पश्चिमी और दक्षिणी यूरोप के सबसे बुरी तरह प्रभावित होने की आशंका है, जिनमें फ्रांस, इटली और स्पेन सबसे अधिक प्रभावित देशों में शामिल हैं।
स्पेन में देश के अधिकांश हिस्सों में भीषण गर्मी की चेतावनी जारी की गई है, जिसमें उत्तर-पश्चिम से दक्षिण-पूर्व तक तापमान 35 डिग्री सेल्सियस से अधिक रहने की आशंका है।
फ्रांस के कई क्षेत्रों में भी इसी तरह का तापमान दर्ज किया गया, जबकि उत्तर-पूर्वी और पहाड़ी क्षेत्रों में मौसम अधिक सुहावना था।
लू का प्रकोप बाल्कन क्षेत्र, विशेषकर ग्रीस और एड्रियाटिक तट तक भी फैल गया है। लंबे समय तक उच्च तापमान के कारण सूखा और भी गंभीर हो रहा है, ऊर्जा प्रणालियों पर दबाव बढ़ रहा है, फसलों पर असर पड़ रहा है और जंगल में आग लगने का खतरा बढ़ रहा है।
पेरिस में वियतनाम न्यूज एजेंसी के संवाददाता के अनुसार, 12 अगस्त को फ्रांस में परमाणु ऊर्जा उत्पादन क्षमता का लगभग 20% हिस्सा बाधित हो गया था।
आपको यह भी पसंद आ सकता है
ले मोंडे के अनुसार, यह स्थिति सूखे, अत्यधिक गर्मी और जेलीफिश के प्रकोप से संबंधित है जो रिएक्टर को ठंडा करने के लिए उपयोग किए जाने वाले पंपों को अवरुद्ध कर देती है।
विशेषज्ञों का मानना है कि अत्यधिक मछली पकड़ना, प्लास्टिक प्रदूषण और जलवायु परिवर्तन के कारण समुद्र के पानी का गर्म होना जेलीफिश के पनपने के लिए अनुकूल परिस्थितियां पैदा कर रहे हैं।
ब्रिटेन में, स्कॉटलैंड सहित कई क्षेत्रों में जंगल की आग की चेतावनी अभी भी प्रभावी है।
ब्रिटेन के मौसम विभाग का अनुमान है कि कई इलाकों में तापमान 35 डिग्री सेल्सियस से अधिक हो सकता है, और मध्य, पूर्वी और दक्षिण-पूर्वी क्षेत्रों में यह 36-37 डिग्री सेल्सियस तक पहुंच सकता है। ब्रिटिश सरकार भीषण गर्मी से निपटने के लिए इस साल की अपनी दूसरी कोबरा आपातकालीन बैठक बुलाने की तैयारी कर रही है।
देश की मौसम विज्ञान एजेंसी का अनुमान है कि ब्रिटेन अब तक की सबसे गर्म गर्मी की ओर बढ़ रहा है।
वैज्ञानिकों के अनुसार, जलवायु परिवर्तन के कारण यूरोप में भीषण गर्मी, शुष्क मौसम और जंगल की आग जैसी चरम मौसमी घटनाओं की आवृत्ति बढ़ रही है। यूरोप वर्तमान में दुनिया का सबसे तेजी से गर्म होने वाला महाद्वीप है, और इस गर्मी में भी कई क्षेत्रों में लगातार लू, भीषण सूखा और जंगल की आग का प्रकोप जारी है।
आपको यह भी पसंद आ सकता है
(वीएनए/वियतनाम+)
स्रोत: https://www.vietnamplus.vn/hon-12-dan-so-chau-au-doi-mat-dot-nang-nong-moi-post1129874.vnp",1.0
"उत्तर में जारी लू उम्मीद से ज्यादा समय तक चल रही है, और तापमान 37 डिग्री सेल्सियस से ऊपर बना हुआ है। - Vietnam.vn",https://news.google.com/rss/articles/CBMimgFBVV95cUxOVWdhLUN0cHlCTGJ0dXVUbW9VZGRFc3BhVVJQYTFrT2pxTjd1ZzFfS1cyQ2xCekVDZFBOenk4RkNhb1I5NTdiXzFtbHpQVjVNUkc2b3FLekZFS1BKbkNwamE4TlZjRnliN2k0elpXc0JuUTVkRU5LLUNwQ3JWRGtFV0g2Slp2dHdTbk9sejNqdnpfZUZDTzM5NVZn?oc=5,Vietnam.vn,2026-08-13T05:27:50+05:30,hi,Andaman and Nicobar Islands,,"(लू OR ""लू चलना"" OR ""भीषण गर्मी"" OR ""प्रचंड गर्मी"" OR ""कड़ी धूप"" OR ""तेज धूप"" OR ""गर्म हवा"" OR ""उष्ण लहर"" OR ""ताप लहर"" OR ""हीट वेव"" OR ""झुलसाने वाली गर्मी"" OR ""तपती गर्मी"" OR ""भयंकर गर्मी"" OR ""गर्मी का कहर"" OR ""गर्मी का प्रकोप"" OR ""अत्यधिक गर्मी"" OR मौसम OR ""मौसम अपडेट"" OR ""मौसम का हाल"" OR ""मौसम पूर्वानुमान"" OR ""मौसम अलर्ट"" OR आईएमडी OR ""आईएमडी पूर्वानुमान"" OR ""आईएमडी अलर्ट"" OR ""तापमान में बढ़ोतरी"" OR ""गर्मी से राहत"" OR ""गर्मी से निजात"") Andaman and Nicobar Islands","उत्तर में जारी लू उम्मीद से ज्यादा समय तक चल रही है, और तापमान 37 डिग्री सेल्सियस से ऊपर बना हुआ है।
SKĐS - उत्तर में गर्म मौसम जारी है, तापमान 37 डिग्री सेल्सियस से ऊपर है और आर्द्रता कम है, जिससे उमस और घुटन का एहसास हो रहा है।
Báo Sức khỏe và Đời sống•12/08/2026
राष्ट्रीय मौसम विज्ञान एवं जल विज्ञान पूर्वानुमान केंद्र के अनुसार, कल (12 अगस्त) उत्तरी क्षेत्र (लाई चाऊ और डिएन बिएन को छोड़कर), थान्ह होआ से दा नांग शहर तक, और क्वांग न्गाई से डाक लक और खान्ह होआ प्रांतों के पूर्वी भागों में भीषण गर्मी पड़ी, जहाँ अधिकतम तापमान आमतौर पर 35-38 डिग्री सेल्सियस के बीच रहा, और कुछ स्थानों पर 38 डिग्री सेल्सियस से भी अधिक रहा, जैसे कि लाक सोन (फू थो) में 38.3 डिग्री, लैंग ( हनोई ) में 38.8 डिग्री, न्हो क्वान (निन्ह बिन्ह) में 38.5 डिग्री, तिन्ह जिया (थान्ह होआ) में 38.3 डिग्री, होआई न्होन (जिया लाई) में 38.8 डिग्री आदि; न्यूनतम सापेक्ष आर्द्रता आमतौर पर 50-60% थी।
13 अगस्त को उत्तरी क्षेत्र ( डिएन बिएन और लाई चाऊ को छोड़कर) में भीषण गर्मी पड़ी, कुछ इलाकों में तो अत्यधिक गर्मी का प्रकोप रहा। अधिकतम तापमान आमतौर पर 35-37 डिग्री सेल्सियस रहा, कुछ स्थानों पर यह 37 डिग्री सेल्सियस से भी अधिक था; न्यूनतम सापेक्ष आर्द्रता आमतौर पर 55-60% थी। 14 अगस्त को उत्तरी क्षेत्र (डिएन बिएन, लाई चाऊ, सोन ला, क्वांग निन्ह और हाई फोंग को छोड़कर) में भीषण गर्मी पड़ी, अधिकतम तापमान आमतौर पर 35-36 डिग्री सेल्सियस रहा, कुछ स्थानों पर यह 36 डिग्री सेल्सियस से भी अधिक था; न्यूनतम सापेक्ष आर्द्रता आमतौर पर 60-65% थी।
13-14 अगस्त को थान्ह होआ से ह्यू शहर तक के क्षेत्र में गर्म मौसम रहेगा, कुछ इलाकों में भीषण गर्मी पड़ेगी। अधिकतम तापमान आमतौर पर 35-37 डिग्री सेल्सियस के बीच रहेगा, कुछ स्थानों पर यह 37 डिग्री सेल्सियस से अधिक भी हो सकता है; न्यूनतम सापेक्ष आर्द्रता आमतौर पर 55-60% रहेगी।
दा नांग शहर, क्वांग न्गाई के पूर्वी भाग से लेकर डैक लक और खान्ह होआ तक के क्षेत्रों में गर्म और भीषण गर्मी रहेगी, जहां अधिकतम तापमान आमतौर पर 36-38 डिग्री सेल्सियस के बीच रहेगा और कुछ क्षेत्रों में 38 डिग्री सेल्सियस से अधिक भी हो सकता है; न्यूनतम सापेक्ष आर्द्रता आमतौर पर 55-60% रहेगी।
मौसम विज्ञान एजेंसी के अनुसार, 15 अगस्त से उत्तरी क्षेत्र में व्याप्त भीषण गर्मी की लहर समाप्त होने की संभावना है और मध्य क्षेत्र में भी यह कम होने लगेगी। इस भीषण गर्मी के कारण प्राकृतिक आपदा का खतरा स्तर 1 है।
मौसम विज्ञान एजेंसी का कहना है कि लू की रिपोर्टों में तापमान का पूर्वानुमान और बाहर का वास्तविक तापमान 1-3 डिग्री या उससे भी अधिक भिन्न हो सकता है, यह अंतर कंक्रीट या डामर जैसी सतह की स्थितियों पर निर्भर करता है।
13 अगस्त को देशभर के सभी क्षेत्रों के लिए मौसम का पूर्वानुमान:
हनोई शहर
आपको यह भी पसंद आ सकता है
न्यूनतम तापमान 27-29 डिग्री; अधिकतम तापमान 35-37 डिग्री, कुछ क्षेत्रों में 37 डिग्री से अधिक। दिन में बादल छाए रहेंगे, गर्मी और धूप रहेगी, कुछ क्षेत्रों में अत्यधिक गर्मी होगी; दोपहर और शाम के बाद छिटपुट बारिश और गरज के साथ तूफान आने की संभावना है। हल्की हवा चलेगी।
उत्तर-पश्चिमी वियतनाम
न्यूनतम तापमान 25-28 डिग्री सेल्सियस, कुछ स्थानों पर 24 डिग्री से नीचे; अधिकतम तापमान 34-37 डिग्री सेल्सियस, कुछ स्थानों पर 37 डिग्री से ऊपर। लाई चाऊ और डिएन बिएन प्रांतों में: 32-35 डिग्री सेल्सियस, कुछ स्थानों पर 35 डिग्री से ऊपर। दिन में बादल छाए रहेंगे और गर्मी रहेगी, कुछ क्षेत्रों में अत्यधिक गर्मी होगी; लाई चाऊ और डिएन बिएन प्रांतों में दिन में धूप निकलेगी, कुछ क्षेत्रों में भीषण गर्मी होगी। दोपहर और शाम के बाद कुछ क्षेत्रों में बारिश और गरज के साथ तूफान आने की संभावना है। हल्की हवाएं चलेंगी।
पूर्वोत्तर वियतनाम
न्यूनतम तापमान 26-29 डिग्री सेल्सियस रहेगा, कुछ पहाड़ी क्षेत्रों में तापमान 25 डिग्री सेल्सियस से नीचे भी जा सकता है; अधिकतम तापमान 34-37 डिग्री सेल्सियस रहेगा, कुछ क्षेत्रों में यह 37 डिग्री सेल्सियस से अधिक भी हो सकता है। आसमान में बादल छाए रहेंगे, दिन गर्म और धूपदार रहेगा, कुछ क्षेत्रों में भीषण गर्मी पड़ सकती है; दोपहर और शाम के बाद छिटपुट बारिश और गरज के साथ तूफान आ सकता है। हवा हल्की चलेगी।
न्यूनतम तापमान 26-29 डिग्री; अधिकतम तापमान 34-37 डिग्री, कुछ क्षेत्रों में 37 डिग्री से अधिक। दिन में बादल छाए रहेंगे, गर्मी और धूप रहेगी, कुछ क्षेत्रों में अत्यधिक गर्मी होगी; दोपहर और शाम के बाद छिटपुट बारिश और गरज के साथ तूफान आने की संभावना है। दक्षिण-पश्चिम दिशा से 2-3 की गति की हवा चलेगी।
दक्षिण मध्य तट: न्यूनतम तापमान 26-29 डिग्री; अधिकतम तापमान 35-38 डिग्री, कुछ क्षेत्रों में 38 डिग्री से अधिक। दिन में बादल छाए रहेंगे, गर्मी रहेगी और भीषण उमस होगी; शाम और रात में छिटपुट बारिश और गरज के साथ तूफान आने की संभावना है। दक्षिण-पश्चिम दिशा से 2-3 तीव्रता की हवा चलेगी।
मध्य उच्चभूमि
न्यूनतम तापमान 21-24 डिग्री; अधिकतम तापमान 28-31 डिग्री रहेगा, कुछ क्षेत्रों में यह 32 डिग्री से अधिक भी हो सकता है। आसमान में बादल छाए रहेंगे और कुछ क्षेत्रों में छिटपुट बारिश और गरज के साथ बौछारें पड़ेंगी; विशेष रूप से दोपहर और शाम के समय छिटपुट बारिश और गरज के साथ बौछारें पड़ेंगी, कुछ स्थानों पर भारी बारिश भी हो सकती है। दक्षिण-पश्चिम दिशा से 2-3 तीव्रता की हवा चलेगी।
आपको यह भी पसंद आ सकता है
दक्षिणी वियतनाम
न्यूनतम तापमान 25-28 डिग्री; अधिकतम 32-35 डिग्री। आसमान में बादल छाए रहेंगे और कुछ क्षेत्रों में छिटपुट बारिश और गरज के साथ तूफान आने की संभावना है; विशेष रूप से दोपहर और शाम के समय, कुछ स्थानों पर छिटपुट बारिश और गरज के साथ तूफान आने की संभावना है। दक्षिण-पश्चिम दिशा से 2-3 तीव्रता की हवा चलेगी।
हो ची मिन्ह सिटी
न्यूनतम तापमान 26-28 डिग्री सेल्सियस; अधिकतम 33-35 डिग्री सेल्सियस। दिन में बादल छाए रहेंगे और धूप निकलेगी; दोपहर और शाम के बाद कभी-कभार हल्की बारिश और गरज के साथ तूफान आ सकता है। दक्षिण-पश्चिम दिशा से 2-3 तीव्रता की हवा चलेगी। गरज के साथ तूफान के दौरान बवंडर, बिजली, ओले और तेज हवाओं से सावधान रहें।",1.0
"13 अगस्त के लिए मौसम का पूर्वानुमान: उत्तरी वियतनाम में भीषण गर्मी पड़ेगी, जबकि दक्षिणी वियतनाम में दोपहर और शाम के बाद बारिश होगी। - Vietnam.vn",https://news.google.com/rss/articles/CBMiowFBVV95cUxPcFg0QUVqNk41REhrRi1hRHhBUWJQTDY5aXc3R2pac0tScS05QUdwTEM0X1gySExpVmdMakhfYWhEN000SDVENXlCTTdRVzRybmNiWFBZSXpHak5NS0pPNWFDSFNZcVpFNGlFMFpTSWNGQ0NKSEUwdURscUhNRHh6QVVCdUNHZDFPNkUxdkFwZ09ZNm03ZFVHMVJ1WG5vVXNOVmFr?oc=5,Vietnam.vn,2026-08-13T08:37:48+05:30,hi,Andaman and Nicobar Islands,,"(लू OR ""लू चलना"" OR ""भीषण गर्मी"" OR ""प्रचंड गर्मी"" OR ""कड़ी धूप"" OR ""तेज धूप"" OR ""गर्म हवा"" OR ""उष्ण लहर"" OR ""ताप लहर"" OR ""हीट वेव"" OR ""झुलसाने वाली गर्मी"" OR ""तपती गर्मी"" OR ""भयंकर गर्मी"" OR ""गर्मी का कहर"" OR ""गर्मी का प्रकोप"" OR ""अत्यधिक गर्मी"" OR मौसम OR ""मौसम अपडेट"" OR ""मौसम का हाल"" OR ""मौसम पूर्वानुमान"" OR ""मौसम अलर्ट"" OR आईएमडी OR ""आईएमडी पूर्वानुमान"" OR ""आईएमडी अलर्ट"" OR ""तापमान में बढ़ोतरी"" OR ""गर्मी से राहत"" OR ""गर्मी से निजात"") Andaman and Nicobar Islands","राष्ट्रीय मौसम विज्ञान और जल विज्ञान पूर्वानुमान केंद्र का अनुमान है कि 13 अगस्त को उत्तरी क्षेत्र से लेकर दक्षिण मध्य तट तक दिन के दौरान भीषण गर्मी पड़ेगी; शाम और रात में छिटपुट बारिश और गरज के साथ तूफान आने की संभावना है।
दक्षिणी वियतनाम और अन्य क्षेत्रों में, कुछ स्थानों पर छिटपुट बारिश और गरज के साथ तूफान आने की संभावना है, खासकर देर दोपहर और शाम के समय।
देश के सभी क्षेत्रों के लिए मौसम का पूर्वानुमान।
हनोई शहर: दिन में धूप और गर्मी रहेगी, कुछ क्षेत्रों में अत्यधिक गर्मी होगी; शाम और रात में छिटपुट बारिश और गरज के साथ तूफान आने की संभावना है; न्यूनतम तापमान 27-29 डिग्री सेल्सियस और अधिकतम तापमान 35-37 डिग्री सेल्सियस रहेगा, कुछ स्थानों पर तापमान 37 डिग्री सेल्सियस से अधिक हो सकता है।
आपको यह भी पसंद आ सकता है
उत्तर-पश्चिमी क्षेत्र: दिन में धूप और गर्मी रहेगी, कुछ क्षेत्रों में अत्यधिक गर्मी होगी; शाम और रात में छिटपुट बारिश और गरज के साथ तूफान आने की संभावना है; न्यूनतम तापमान 25-28 डिग्री सेल्सियस, अधिकतम तापमान 34-37 डिग्री सेल्सियस रहेगा, कुछ स्थानों पर तापमान 37 डिग्री सेल्सियस से अधिक हो सकता है।
पूर्वोत्तर वियतनाम: दिन में धूप और गर्मी रहेगी, कुछ क्षेत्रों में अत्यधिक गर्मी होगी; शाम और रात में छिटपुट बारिश और गरज के साथ तूफान आएगा; न्यूनतम तापमान 26-29 डिग्री सेल्सियस, अधिकतम तापमान 34-37 डिग्री सेल्सियस रहेगा, कुछ स्थानों पर 37 डिग्री सेल्सियस से अधिक रहेगा।
थान्ह होआ से ह्यू तक: दिन में धूप और गर्मी रहेगी, कुछ क्षेत्रों में अत्यधिक गर्मी होगी; शाम और रात में छिटपुट बारिश और गरज के साथ तूफान आएगा; न्यूनतम तापमान 26-29 डिग्री सेल्सियस और अधिकतम तापमान 34-37 डिग्री सेल्सियस रहेगा, कुछ स्थानों पर यह 37 डिग्री सेल्सियस से अधिक हो सकता है।
दक्षिण मध्य तट: दिन में धूप और गर्मी रहेगी, शाम और रात में छिटपुट बारिश और गरज के साथ बौछारें पड़ेंगी; न्यूनतम तापमान 26-29 डिग्री सेल्सियस और अधिकतम तापमान 35-38 डिग्री सेल्सियस रहेगा, कुछ स्थानों पर तापमान 38 डिग्री सेल्सियस से अधिक भी हो सकता है।
मध्य उच्चभूमि: कुछ क्षेत्रों में, विशेषकर दोपहर और शाम के समय, छिटपुट बौछारें और गरज के साथ बारिश होगी, कुछ स्थानों पर स्थानीय रूप से भारी बारिश हो सकती है; न्यूनतम तापमान 21-24 डिग्री सेल्सियस, अधिकतम तापमान 28-31 डिग्री सेल्सियस रहेगा, कुछ स्थानों पर तापमान 32 डिग्री सेल्सियस से ऊपर भी जा सकता है।
आपको यह भी पसंद आ सकता है
दक्षिणी वियतनाम: कुछ क्षेत्रों में, विशेषकर दोपहर और शाम के बाद, बारिश और गरज के साथ तूफान आने की संभावना है; न्यूनतम तापमान 25-28 डिग्री सेल्सियस, अधिकतम तापमान 32-35 डिग्री सेल्सियस रहेगा।
हो ची मिन्ह सिटी: दिन में धूप खिली रहेगी, दोपहर और शाम के बाद कभी-कभार बारिश और गरज के साथ बौछारें पड़ेंगी; न्यूनतम तापमान 26-28 डिग्री सेल्सियस, अधिकतम तापमान 33-35 डिग्री सेल्सियस रहेगा।
स्रोत: https://giaoducthoidai.vn/du-bao-thoi-tiet-ngay-138-bac-bo-nang-nong-gay-gat-nam-bo-mua-ve-chieu-toi-post787963.html",1.0
उत्तरी वियतनाम में फैली भीषण गर्मी की लहर 15 अगस्त से समाप्त होने की संभावना है। - Vietnam.vn,https://news.google.com/rss/articles/CBMijgFBVV95cUxQVWRBY1BrSlFjYVI1aVMxVHVJc2lCR2xWSHRXZTlfQ3R5d0JVaGNBT1FOeE9WYmVld2luUEc1dXdIV3BZTWtmWmxBVDA3Rm10QTdGR3Z3UlFhQ2djOHdiaWlpejIwc1JwckE0RmU0S3N0U1VtRWtkYXJPVFp3TGxiMHJOQmppa2lIQjdzcEpn?oc=5,Vietnam.vn,2026-08-13T06:30:05+05:30,hi,Andaman and Nicobar Islands,,"(लू OR ""लू चलना"" OR ""भीषण गर्मी"" OR ""प्रचंड गर्मी"" OR ""कड़ी धूप"" OR ""तेज धूप"" OR ""गर्म हवा"" OR ""उष्ण लहर"" OR ""ताप लहर"" OR ""हीट वेव"" OR ""झुलसाने वाली गर्मी"" OR ""तपती गर्मी"" OR ""भयंकर गर्मी"" OR ""गर्मी का कहर"" OR ""गर्मी का प्रकोप"" OR ""अत्यधिक गर्मी"" OR मौसम OR ""मौसम अपडेट"" OR ""मौसम का हाल"" OR ""मौसम पूर्वानुमान"" OR ""मौसम अलर्ट"" OR आईएमडी OR ""आईएमडी पूर्वानुमान"" OR ""आईएमडी अलर्ट"" OR ""तापमान में बढ़ोतरी"" OR ""गर्मी से राहत"" OR ""गर्मी से निजात"") Andaman and Nicobar Islands","लंबे समय तक उच्च तापमान के संपर्क में रहने पर गर्म मौसम से शरीर में निर्जलीकरण हो सकता है।
राष्ट्रीय मौसम विज्ञान एवं जल विज्ञान पूर्वानुमान केंद्र के अनुसार, कल (12 अगस्त) उत्तरी क्षेत्र (लाई चाऊ और डिएन बिएन को छोड़कर), थान्ह होआ से दा नांग शहर तक, और क्वांग न्गाई से डाक लक और खान्ह होआ प्रांतों के पूर्वी भागों में गर्म मौसम रहा, कुछ क्षेत्रों में भीषण गर्मी पड़ी। दोपहर 1 बजे तापमान आमतौर पर 35-37 डिग्री सेल्सियस था, कुछ स्थानों पर यह 37 डिग्री सेल्सियस से अधिक भी था, जैसे: थाट खे (लैंग सोन) 37.1 डिग्री सेल्सियस, लैंग (हनोई) 37.2 डिग्री सेल्सियस, सैम सोन (थान्ह होआ) 37.7 डिग्री सेल्सियस, क्वांग न्गाई 37.3 डिग्री सेल्सियस, फान रंग (खान्ह होआ) 37.7 डिग्री सेल्सियस...; दोपहर 1 बजे सापेक्ष आर्द्रता आमतौर पर 55-65% थी।
लंबे समय तक उच्च तापमान के संपर्क में रहने पर गर्म मौसम से शरीर में निर्जलीकरण हो सकता है।
13 अगस्त के मौसम पूर्वानुमान के अनुसार उत्तरी क्षेत्र ( डिएन बिएन और लाई चाऊ को छोड़कर) में गर्म मौसम रहेगा, कुछ क्षेत्रों में भीषण गर्मी पड़ सकती है। अधिकतम तापमान आमतौर पर 35-37 डिग्री सेल्सियस के बीच रहेगा, कुछ स्थानों पर यह 37 डिग्री सेल्सियस से अधिक भी हो सकता है; न्यूनतम सापेक्ष आर्द्रता आमतौर पर 55-60% रहेगी।
14 अगस्त को उत्तरी क्षेत्र (डिएन बिएन, लाई चाऊ, सोन ला, क्वांग निन्ह और हाई फोंग को छोड़कर) में गर्म मौसम रहा, जिसमें अधिकतम तापमान आमतौर पर 35-36 डिग्री सेल्सियस के बीच रहा और कुछ क्षेत्रों में 36 डिग्री सेल्सियस से अधिक हो गया; न्यूनतम सापेक्ष आर्द्रता आमतौर पर 60-65% थी।
13-14 अगस्त को थान्ह होआ से दा नांग शहर, पूर्वी क्वांग न्गाई से डाक लक और खान्ह होआ तक के क्षेत्र में गर्म मौसम रहेगा, कुछ क्षेत्रों में भीषण गर्मी पड़ेगी। अधिकतम तापमान आमतौर पर 35-37 डिग्री सेल्सियस के बीच रहेगा, कुछ स्थानों पर यह 37 डिग्री सेल्सियस से अधिक भी हो सकता है; न्यूनतम सापेक्ष आर्द्रता आमतौर पर 55-60% रहेगी।
15 अगस्त से उत्तरी क्षेत्र में फैली भीषण गर्मी की लहर के समाप्त होने की संभावना है, और मध्य क्षेत्र में भी गर्मी की लहर की तीव्रता कम हो जाएगी।
आपको यह भी पसंद आ सकता है
लू के कारण प्राकृतिक आपदा के खतरे का चेतावनी स्तर: स्तर 1।
गर्म मौसम और कम आर्द्रता के प्रभावों के कारण, बिजली की बढ़ती मांग के चलते आवासीय क्षेत्रों में विस्फोट और आग लगने का खतरा बहुत अधिक है।
इसके अलावा, लंबे समय तक उच्च तापमान के संपर्क में रहने पर गर्म मौसम से शरीर में निर्जलीकरण हो सकता है।
मौसम विज्ञान एजेंसी का कहना है कि लू की रिपोर्टों में तापमान का पूर्वानुमान और बाहर का वास्तविक तापमान 1-3 डिग्री सेल्सियस या उससे भी अधिक भिन्न हो सकता है, जो कंक्रीट या डामर जैसी सतह की स्थितियों पर निर्भर करता है।
समुद्र में तेज हवाओं, ऊंची लहरों और गरज के साथ तूफान आने का पूर्वानुमान है।
समुद्र में, फु क्वी विशेष आर्थिक क्षेत्र में वर्तमान में तीव्रता 6 की तेज़ दक्षिण-पश्चिम हवाएँ चल रही हैं, जिनकी गति कभी-कभी तीव्रता 7 तक पहुँच जाती है; हुएन ट्रान स्टेशन पर कभी-कभी तीव्रता 6 की तेज़ हवाएँ चलती हैं। दक्षिण चीन सागर के मध्य और दक्षिणी भागों के पूर्वी हिस्से (जिसमें ट्रूंग सा विशेष आर्थिक क्षेत्र भी शामिल है) में छिटपुट बारिश और गरज के साथ तूफान आ रहे हैं।
पूर्वानुमानों के अनुसार, 12 अगस्त की रात और 13 अगस्त की पूरी रात दक्षिण चीन सागर के पूर्वी हिस्से में छिटपुट बारिश और गरज के साथ तूफान आने की संभावना है। तूफान के दौरान बवंडर, तेज हवा के झोंके (स्तर 7-8) और 2 मीटर से अधिक ऊंची लहरें उठने की प्रबल संभावना है।
13 अगस्त की रात और 14 अगस्त के दिन, दक्षिण चीन सागर के उत्तरपूर्वी भाग में 5 तीव्रता की, कभी-कभी 6 तीव्रता की, और 7 तीव्रता तक के झोंकों वाली दक्षिण-पश्चिमी हवाएँ चलेंगी; लहरें 2-3 मीटर ऊँची होंगी; समुद्र अशांत रहेगा। मध्य दक्षिण चीन सागर, दक्षिण चीन सागर के उत्तरी भाग (ट्रुओंग सा विशेष क्षेत्र के उत्तरी भाग सहित), और जिया लाई से डोंग थाप तक के समुद्री क्षेत्र में, 6 तीव्रता की, और 7-8 तीव्रता तक के झोंकों वाली तेज़ दक्षिण-पश्चिमी हवाएँ चलेंगी; लहरें 2-4 मीटर ऊँची होंगी; समुद्र अशांत रहेगा।
आपको यह भी पसंद आ सकता है
प्राकृतिक आपदा जोखिम का स्तर: स्तर 2।
इन क्षेत्रों में चलने वाले सभी जहाजों को तेज हवाओं और ऊंची लहरों से प्रभावित होने का उच्च जोखिम रहता है।
स्रोत: https://vtv.vn/tu-15-8-nang-nong-dien-rong-o-bac-bo-kha-nang-ket-thuc-10026081217334802.htm
स्रोत: https://baothanhhoa.vn/tu-ngay-15-8-nang-nong-dien-rong-o-bac-bo-kha-nang-ket-thuc-297959.htm",1.0
13 अगस्त के लिए मौसम का पूर्वानुमान: उत्तरी और मध्य वियतनाम में भीषण गर्मी। - Vietnam.vn,https://news.google.com/rss/articles/CBMiigFBVV95cUxQSHdTOWw4c0Rmcm54UU1VUk9RZGsyOTJBZEdTemlkVVhYUUhFdjVNeGpSNGdJN2FhZWd1d3NHeUx5b2RsRDFqOFZacWtZVE40TVhlTEhtZXVScHo1dmlKdUtBRGtEdF91WHRLUE5VNlYybmR5TVJBMUlOMmR3elRBYW1XbUtjRWZSOGc?oc=5,Vietnam.vn,2026-08-13T05:21:57+05:30,hi,Andaman and Nicobar Islands,,"(लू OR ""लू चलना"" OR ""भीषण गर्मी"" OR ""प्रचंड गर्मी"" OR ""कड़ी धूप"" OR ""तेज धूप"" OR ""गर्म हवा"" OR ""उष्ण लहर"" OR ""ताप लहर"" OR ""हीट वेव"" OR ""झुलसाने वाली गर्मी"" OR ""तपती गर्मी"" OR ""भयंकर गर्मी"" OR ""गर्मी का कहर"" OR ""गर्मी का प्रकोप"" OR ""अत्यधिक गर्मी"" OR मौसम OR ""मौसम अपडेट"" OR ""मौसम का हाल"" OR ""मौसम पूर्वानुमान"" OR ""मौसम अलर्ट"" OR आईएमडी OR ""आईएमडी पूर्वानुमान"" OR ""आईएमडी अलर्ट"" OR ""तापमान में बढ़ोतरी"" OR ""गर्मी से राहत"" OR ""गर्मी से निजात"") Andaman and Nicobar Islands","13 अगस्त के लिए मौसम का पूर्वानुमान: उत्तरी और मध्य वियतनाम में भीषण गर्मी।
वियतनाम स्वास्थ्य संगठन (VHO) - राष्ट्रीय जल-मौसम विज्ञान पूर्वानुमान केंद्र के अनुसार, 13 अगस्त को उत्तरी और मध्य वियतनाम में भीषण गर्मी जारी है, कई क्षेत्रों में तापमान 37 डिग्री सेल्सियस से ऊपर और कुछ स्थानों पर 38 डिग्री सेल्सियस से भी अधिक दर्ज किया गया है। वहीं, मध्य उच्चभूमि और दक्षिणी वियतनाम में दोपहर और शाम के समय हल्की बारिश और गरज के साथ बौछारें पड़ रही हैं, साथ ही कुछ स्थानों पर भारी बारिश भी हो रही है।
Báo Văn Hóa•12/08/2026
हनोई: भीषण गर्मी , तापमान 37 डिग्री सेल्सियस से अधिक।
न्यूनतम तापमान: 27-29 डिग्री सेल्सियस
अधिकतम तापमान: 35-37 डिग्री सेल्सियस
मौसम पूर्वानुमान: दिन में गर्म और धूप खिली रहेगी, कुछ क्षेत्रों में भीषण गर्मी पड़ सकती है; शाम और रात में छिटपुट बारिश और गरज के साथ तूफान आ सकता है। उत्तर-पश्चिम से पश्चिम की ओर हवाएं चलेंगी, जिनकी तीव्रता 2-3 होगी।
हो ची मिन्ह सिटी: दोपहर/शाम के बाद गरज के साथ बारिश होने की संभावना है।
न्यूनतम तापमान: 26-28 डिग्री सेल्सियस
अधिकतम तापमान: 33-35 डिग्री सेल्सियस
मौसम पूर्वानुमान: दिन में धूप खिली रहेगी, दोपहर और शाम के बाद छिटपुट बारिश और गरज के साथ तूफान आ सकता है। दक्षिण-पश्चिम दिशा से 2-3 तीव्रता की हवाएं चलेंगी। गरज के साथ तूफान के दौरान बवंडर, बिजली गिरने और तेज हवा के झोंके आने की संभावना है।
उत्तर पश्चिमी वियतनाम: व्यापक लू की लहर
न्यूनतम तापमान: 24-28 डिग्री सेल्सियस, कुछ स्थानों पर 23 डिग्री सेल्सियस से नीचे।
अधिकतम तापमान: 34-37 डिग्री सेल्सियस, कुछ स्थानों पर 37 डिग्री सेल्सियस से ऊपर।
मौसम पूर्वानुमान: दिन में गर्म और धूप खिली रहेगी, कुछ क्षेत्रों में भीषण गर्मी पड़ सकती है, शाम और रात में छिटपुट बारिश और गरज के साथ तूफान आ सकता है। तूफान के दौरान बवंडर, बिजली, ओले और तेज हवाओं के लिए तैयार रहें।
आपको यह भी पसंद आ सकता है
पूर्वोत्तर वियतनाम: कई क्षेत्रों में भीषण गर्मी की लहर।
न्यूनतम तापमान: 26-29 डिग्री सेल्सियस, पर्वतीय क्षेत्रों में 25 डिग्री सेल्सियस से नीचे।
अधिकतम तापमान: 34-37 डिग्री सेल्सियस, कुछ स्थानों पर 37 डिग्री सेल्सियस से ऊपर।
मौसम पूर्वानुमान: व्यापक रूप से गर्म और धूप वाला मौसम रहेगा, कुछ क्षेत्रों में भीषण गर्मी पड़ सकती है। शाम और रात के दौरान कुछ क्षेत्रों में बारिश और गरज के साथ तूफान आने की संभावना है। तूफान के दौरान बवंडर, बिजली गिरने, ओले पड़ने और तेज हवा के झोंके चलने की भी संभावना है।
थान्ह होआ से ह्यू तक: भीषण गर्मी जारी है
न्यूनतम तापमान: 26-29 डिग्री सेल्सियस
अधिकतम तापमान: 34-37 डिग्री सेल्सियस, कुछ स्थानों पर 37 डिग्री सेल्सियस से ऊपर।
मौसम पूर्वानुमान: दिन में गर्म और धूप खिली रहेगी, कुछ क्षेत्रों में भीषण गर्मी पड़ सकती है, शाम और रात में छिटपुट गरज के साथ बारिश हो सकती है। दक्षिण-पश्चिम दिशा से 2-3 की तीव्रता वाली हवाएं चलेंगी।
दक्षिण मध्य तट: कुछ क्षेत्रों में तापमान 38 डिग्री सेल्सियस से अधिक।
न्यूनतम तापमान: 26-29 डिग्री सेल्सियस
अधिकतम तापमान: 35-38 डिग्री सेल्सियस, कुछ स्थानों पर 38 डिग्री सेल्सियस से ऊपर।
मौसम पूर्वानुमान: भीषण गर्मी रहेगी, शाम और रात में छिटपुट बारिश और गरज के साथ तूफान आने की संभावना है। तूफान के दौरान बवंडर, बिजली गिरने और तेज हवा के झोंके चलने की भी आशंका है।
सेंट्रल हाइलैंड्स: कुछ क्षेत्रों में स्थानीय रूप से भारी बारिश हो सकती है।
न्यूनतम तापमान: 21-24 डिग्री सेल्सियस
आपको यह भी पसंद आ सकता है
अधिकतम तापमान: 28-31 डिग्री सेल्सियस, कुछ स्थानों पर 32 डिग्री सेल्सियस से ऊपर।
मौसम पूर्वानुमान: बौछारें और गरज के साथ तूफान आने की संभावना है, कुछ स्थानों पर भारी बारिश भी हो सकती है। दक्षिण-पश्चिम दिशा से 2-3 तीव्रता की हवाएं चलेंगी। बवंडर, बिजली गिरने और तेज हवाओं के झोंकों के लिए तैयार रहें।
दक्षिणी वियतनाम: दोपहर और शाम के बाद छिटपुट गरज के साथ बारिश होने की संभावना है।
न्यूनतम तापमान: 25-28 डिग्री सेल्सियस
अधिकतम तापमान: 32-35 डिग्री सेल्सियस
मौसम पूर्वानुमान: दिन में धूप खिली रहेगी, दोपहर और शाम के बाद छिटपुट बारिश और गरज के साथ तूफान आने की संभावना है। दक्षिण-पश्चिम दिशा से 2-3 तीव्रता की हवाएं चलेंगी। गरज के साथ तूफान के दौरान बवंडर, बिजली गिरने और तेज हवा के झोंके आने की संभावना है।",1.0
"आज (13 अगस्त): उत्तरी वियतनाम में भीषण गर्मी जारी है, लाओ काई के कुछ इलाकों में तापमान 37 डिग्री सेल्सियस तक पहुंच गया है। - Vietnam.vn",https://news.google.com/rss/articles/CBMinAFBVV95cUxQS1hLU0tVTXFuRjNkX3FEUV9ha2tTNFltZXNDdlQ1Y28xSk9ZaU1pRnppSjBvdHFaWkNpWGh5cV9zZUVkNzNVWU13dW0wc2M2b3Y3c0tCV0l3cmltWlV3QmI4ZlBldC1TTDJ6akZlMlZ3bTF0MUR1UEpweVc5VnNaMDlqZ09uYkRpTmxueTB2VHI1eWJZcHdhS3dRakU?oc=5,Vietnam.vn,2026-08-13T06:38:22+05:30,hi,Andaman and Nicobar Islands,,"(लू OR ""लू चलना"" OR ""भीषण गर्मी"" OR ""प्रचंड गर्मी"" OR ""कड़ी धूप"" OR ""तेज धूप"" OR ""गर्म हवा"" OR ""उष्ण लहर"" OR ""ताप लहर"" OR ""हीट वेव"" OR ""झुलसाने वाली गर्मी"" OR ""तपती गर्मी"" OR ""भयंकर गर्मी"" OR ""गर्मी का कहर"" OR ""गर्मी का प्रकोप"" OR ""अत्यधिक गर्मी"" OR मौसम OR ""मौसम अपडेट"" OR ""मौसम का हाल"" OR ""मौसम पूर्वानुमान"" OR ""मौसम अलर्ट"" OR आईएमडी OR ""आईएमडी पूर्वानुमान"" OR ""आईएमडी अलर्ट"" OR ""तापमान में बढ़ोतरी"" OR ""गर्मी से राहत"" OR ""गर्मी से निजात"") Andaman and Nicobar Islands","राष्ट्रीय मौसम विज्ञान और जल विज्ञान पूर्वानुमान केंद्र के अनुसार, उत्तरी क्षेत्र (लाई चाऊ और डिएन बिएन को छोड़कर), थान्ह होआ से दा नांग शहर तक, प्रांतों के पूर्वी हिस्से क्वांग न्गाई से डाक लक और खान्ह होआ तक, लू और भीषण गर्मी का सामना कर रहे हैं।
आज (13 अगस्त): उत्तरी वियतनाम में भीषण गर्मी जारी है, लाओ काई के कुछ इलाकों में तापमान 37 डिग्री सेल्सियस तक पहुंच गया है।
13 अगस्त, 2026 के लिए मौसम का पूर्वानुमान: उत्तरी वियतनाम में भीषण गर्मी जारी रहेगी और कुछ क्षेत्रों में तापमान 37 डिग्री सेल्सियस से अधिक रहेगा; मध्य वियतनाम लू की चपेट में रहेगा।
मौसम पूर्वानुमानों के अनुसार, 13 अगस्त को उत्तरी वियतनाम में गर्म मौसम जारी रहेगा, कुछ क्षेत्रों में भीषण गर्मी पड़ेगी। लाई चाऊ और डिएन बिएन में धूप खिली रहेगी, कुछ क्षेत्रों में गर्म मौसम रहेगा और अधिकतम तापमान आमतौर पर 35-37 डिग्री सेल्सियस के बीच रहेगा, जबकि कुछ स्थानों पर यह 37 डिग्री सेल्सियस से अधिक भी हो सकता है; न्यूनतम सापेक्ष आर्द्रता आमतौर पर 55-60% रहेगी; दोपहर और शाम के बाद छिटपुट बारिश और गरज के साथ तूफान आने की संभावना है।
लाओ काई प्रांत में, टाइफून डॉल्फिन से कमजोर हुए निम्न दबाव क्षेत्र के सुदूर दक्षिण-पश्चिमी किनारे के प्रभाव और ऊपरी स्तर पर अपसरण क्षेत्र के कारण, 13 और 14 अगस्त को प्रांत के निचले इलाकों में भीषण गर्मी जारी रही। अधिकतम तापमान 35-37 डिग्री सेल्सियस तक पहुँच गया; न्यूनतम सापेक्ष आर्द्रता 50-55% थी।
14 अगस्त को उत्तरी क्षेत्र (डिएन बिएन, लाई चाऊ, सोन ला, क्वांग निन्ह और हाई फोंग को छोड़कर) में गर्म मौसम जारी रहा, हालांकि इसकी तीव्रता पहले से कम थी। अधिकतम तापमान 35-36 डिग्री सेल्सियस के बीच रहा, कुछ क्षेत्रों में यह 36 डिग्री सेल्सियस से भी अधिक था; न्यूनतम सापेक्ष आर्द्रता आमतौर पर 60-65% थी।
पूर्वानुमानों से संकेत मिलता है कि 15 अगस्त से उत्तरी क्षेत्र में व्यापक लू की लहर समाप्त होने की संभावना है और मध्य क्षेत्र में यह कम होने लगेगी।
मौसम विज्ञान एजेंसी सलाह देती है कि लू के दौरान, लोगों को दोपहर और दोपहर बाद के शुरुआती समय के बीच (जब गर्मी सबसे तीव्र होती है) बाहरी गतिविधियों को कम से कम करना चाहिए।
विशेष रूप से, सतह की स्थितियों (कंक्रीट, डामर) और आर्द्रता के आधार पर, वास्तविक रूप से महसूस किया गया बाहरी तापमान पूर्वानुमानित तापमान से 1-3 डिग्री अधिक हो सकता है।
स्रोत: https://baolaocai.vn/hom-nay-138-mien-bac-duy-tri-nang-nong-gay-gat-lao-cai-co-noi-37-do-c-post905965.html",1.0
सावन में भी बारिश नहीं: पूर्णिया में उमस और गर्मी से बेहाल - Prabhat Khabar,https://news.google.com/rss/articles/CBMiiAFBVV95cUxOSlBwZEsxV0JYbWtMVllCU0xmZFJvaE11VFM2S1JSNWtINlA5NV93RlhQYjU1UVRaY3RqZDkwX1VRV1FHWjJ0MXE2NVNyYXlrN2p1X20tNTlUaWRPS2wyWVVvOVkwdGw1dDlLeTVPa0Y0aWx5dy1mNTJBSnpoRDlwRmR1eGF3VTkt0gGOAUFVX3lxTE9zb19ENjZxdGlvcnpwNnVpaW12RURQamhQRVFuSWhudW8xVU5weFJxTTV4akdPbGRxeG80MTFWV0lDNFB5bm5aMWh0U2pRSEZONC1FT05LUk13ZjFGMXZWNUR6T2NOOUV1TzVQQ2hGWHdzLTZrQ3ZJSk93QlV2WU9GY0MtQ0VPZVhweG9ERVE?oc=5,Prabhat Khabar,2026-08-13T09:18:09+05:30,hi,Andaman and Nicobar Islands,,"(सूर्याघात OR तापाघात OR ""लू लगना"" OR ""लू से मौत"" OR ""गर्मी से मौत"" OR ""हीट स्ट्रोक"" OR ""सन स्ट्रोक"" OR ""लू से मरे"" OR निर्जलीकरण OR डिहाइड्रेशन OR ""अस्पताल में भर्ती"" OR ""गर्मी से बेहाल"" OR ""गर्मी से त्राहि-त्राहि"") Andaman and Nicobar Islands","सावन में भी बारिश को तरसे लोग, छाए रहेंगे बादल पर धूप और उमस से छूटेगे पसीने
सुबह 5.50 बजे की तस्वीर, आंख दिखाती धूप | Prabhat Khabar Network
सावन के महीने में भी पूर्णिया और सीमांचल के लोग बारिश के लिए तरस रहे हैं. आसमान में बादल छाए रहने के बावजूद तीखी धूप और उमस से लोग बेहाल हैं, तापमान 35 डिग्री तक पहुंचने का अनुमान है. मौसम विभाग हल्की बारिश के आसार जता रहा है, लेकिन फिलहाल राहत मुश्किल दिख रही है.
सावन के महीने में जहां झमाझम बारिश की उम्मीद रहती है, वहीं पूर्णिया और पूरे सीमांचल के लोगों को मौसम से लगातार निराशा ही हाथ लग रही है. आसमान में बादलों की आवाजाही के बावजूद लोग बारिश की एक-एक बूंद के लिए तरस रहे हैं. मंगलवार की सुबह भले ही सुहावनी रही, लेकिन दिन चढ़ने के साथ ही तीखी धूप, भारी उमस और चिपचिपी गर्मी लोगों को बेहाल करने वाली है.
मौसम विभाग ने नहीं जारी की चेतावनी, पर बारिश के आसार
मौसम विभाग (IMD) की ओर से आज पूर्णिया जिले के लिए किसी तरह की अलर्ट या चेतावनी जारी नहीं की गई है. मौसम पूर्वानुमान इंडेक्स के अनुसार, आसमान में आंशिक रूप से बादल छाए रहने और एक-दो स्थानों पर हल्की से मध्यम बारिश होने की गुंजाइश जरूर बनी हुई है. हालांकि, बादलों के बीच धूप खिलने से दिनभर उमस का असर काफी अधिक देखने को मिलेगा.
35 डिग्री सेल्सियस तक पहुंचेगा पारा
पूर्णिया के तापमान की बात करें तो आज जिले का अधिकतम तापमान 35.0 डिग्री सेल्सियस और न्यूनतम तापमान 28.0 डिग्री सेल्सियस के आसपास रहने का अनुमान है. कमजोर मानसून और तीखी धूप के कारण तापमान सामान्य से अधिक महसूस होगा. स्थानीय लोगों का कहना है कि बादलों की मौजूदगी के बाद भी बारिश न होने से उमस की स्थिति और अधिक गंभीर हो गई है.
तेज हवाओं के साथ छिटपुट बारिश की संभावना
आइएमडी के सामान्य पूर्वानुमान के अनुसार, दिन के उत्तरार्ध में जिले में तेज हवाओं के साथ कुछ इलाकों में छिटपुट बौछारें पड़ सकती हैं. किसानों और आम लोगों को उम्मीद है कि यदि हवाओं की दिशा अनुकूल रही, तो मानसून का यह मिजाज बदलेगा और आने वाले दिनों में अच्छी बारिश से राहत मिल सकेगी.
प्रभात खबर डिजिटल टॉप स्टोरी
Prabhat Khabar App :
देश, एजुकेशन, मनोरंजन, बिजनेस अपडेट, धर्म, क्रिकेट, राशिफल की ताजा खबरें पढ़ें यहां. रोजाना की ब्रेकिंग हिंदी न्यूज और लाइव न्यूज कवरेज के लिए डाउनलोड करिए",1.0
"हरियाणा में आज रात से मानसून फिर पकड़ेगा रफ्तार, 15 अगस्त तक तेज बारिश का अलर्ट - ETV Bharat",https://news.google.com/rss/articles/CBMi1AFBVV95cUxPTWlGRDhrcjJQWFJtWEpjcHZFa2diVGtmLUY1eXEtVHFQZEEzbFhTMGl3U1R3OXB2dGJwZjkxekV3MjJoR3VfcXY5NWFzTDV3clVCSFItUGdPajhBeW5raWVaTHhPUV9PUHpBTk42cFd5ekJsd3p3Zml2XzRFcWo1QUZNWm16S2Uxd0JmOC1fenFiVmZLNjdYbW9hZkRSVEliXzV2UGxhNVNieU9IcmRfT00xZ0NMMmdvUk44UmphMzVFMmFLM3F3WjVXWk90UkFpSTdOctIB2gFBVV95cUxOeFlqSHAzUFM0U3BpUEdyZ0JVa0UyRlI2ZDhicnpEMHR1RVl4aG1UdmdBakJnSk1zVXFmOWxtTTF1d0hpczM5UjBSeDRDRGNvMGRfVDlkQUtDbWc0TkR2VFhfTGxKRFRXN2o2YTlWdWNEeGJJY2tLcV8xdmdES2tNZ0paR2lIaXNWY0dZOW5PREMtWTZHYXVSTUplWHc0dTRkY3Vscmhrd1hsMU1XOHRQX0M0TDFxbHJYLTFoS05PcjVscTlqcnliWWpjU2pGZ19mUFRMdl9VUm9ldw?oc=5,ETV Bharat,2026-08-13T09:47:52+05:30,hi,Andaman and Nicobar Islands,,"(""पारा चढ़ा"" OR ""पारा पहुंचा"" OR तापमान OR ""तापमान बढ़ा"" OR ""रिकॉर्ड तोड़ गर्मी"" OR ""डिग्री सेल्सियस"" OR ""पारा उबला"" OR ""अधिकतम तापमान"" OR ""तापमान 40 पार"" OR ""तापमान 45 पार"" OR ""तापमान बढ़ने की संभावना"") Andaman and Nicobar Islands","हरियाणा में आज रात से मानसून फिर पकड़ेगा रफ्तार, 15 अगस्त तक तेज बारिश का अलर्ट
हरियाणा में आज रात से मानसून सक्रिय होगा. 15 अगस्त तक गरज-चमक, तेज हवा के साथ तेज बारिश के आसार हैं.
चंडीगढ़: हरियाणा में पिछले दिनों सुस्त पड़ा मानसून अब एक बार फिर सक्रिय होने जा रहा है. मौसम विभाग के मुताबिक आज रात से प्रदेश में मानसूनी गतिविधियां बढ़ने की संभावना है. 15 अगस्त तक ज्यादातर हिस्सों में गरज-चमक और तेज हवाओं के साथ बारिश हो सकती है.
मानसून टर्फ उत्तर की ओर खिसकने के आसार: मौसम वैज्ञानिक डॉ. मदन खीचड़ ने बताया कि, ""आज मानसून टर्फ की अक्षय रेखा के उत्तर की तरफ खिसकने और राजस्थान के ऊपर चक्रवातीय परिसंचरण बनने से हरियाणा में मानसूनी गतिविधियां बढ़ेंगी. इसके प्रभाव से कई इलाकों में हल्की से मध्यम बारिश होने की संभावना है, जबकि कुछ स्थानों पर तेज बारिश भी हो सकती है.""
15 अगस्त तक बारिश का दौर: मौसम विभाग के मुताबिक आज रात से 15 अगस्त के दौरान प्रदेश के अधिकांश हिस्सों में बादल छाए रहेंगे. इस दौरान हवाओं के साथ गरज-चमक देखने को मिल सकती है. कुछ स्थानों पर तेज बारिश होने का अनुमान है. बादल छाए रहने के कारण दिन के तापमान में मामूली गिरावट आएगी, जबकि रात के तापमान में हल्की बढ़ोतरी हो सकती है.
4.2 डिग्री बढ़ा औसत अधिकतम तापमान: बीते 24 घंटों में हरियाणा के औसत अधिकतम तापमान में 4.2 डिग्री सेल्सियस की बढ़ोतरी दर्ज की गई. मौसम केंद्र चंडीगढ़ के अनुसार गुरुग्राम स्थित नॉर्थकैप यूनिवर्सिटी AWS में प्रदेश का सबसे अधिक तापमान 37.1°C रहा. चंडीगढ़ में 36.4°C, अंबाला में 36.2°C, हिसार और रोहतक में 35.4°C तथा करनाल में 34.5°C तापमान दर्ज किया गया.
गुरुग्राम में रात सबसे ठंडी: दिन में जहां गुरुग्राम सबसे गर्म रहा, वहीं रात के तापमान में प्रदेश में मामूली गिरावट दर्ज हुई. औसत न्यूनतम तापमान में 0.1°C की कमी आई. गुरुग्राम में न्यूनतम तापमान 22.0°C रहा, जो सामान्य से 4.3°C कम है. चंडीगढ़ में 24.4°C, पंचकूला में 24.8°C, भिवानी में 25°C और करनाल में 25.3°C तापमान दर्ज किया गया.
बारिश से तापमान में आएगी राहत: मौसम विभाग के अनुसार अगले कुछ दिनों में बादल और बारिश का असर दिन के तापमान पर दिखाई देगा. तेज धूप से बढ़े पारे में गिरावट आने की संभावना है. वहीं, बादलों की मौजूदगी के कारण रात का तापमान थोड़ा बढ़ सकता है. किसानों और आम लोगों को मौसम में बदलाव के दौरान सतर्क रहने की सलाह दी गई है.",0.8
"हनोई देश का सबसे गर्म शहर बना हुआ है, जहां तापमान 39 डिग्री सेल्सियस के करीब पहुंच गया है। - Vietnam.vn",https://news.google.com/rss/articles/CBMikwFBVV95cUxOMU9VdHJ4cWtNUFJmdndxUk55cUZGUWstcWNkSjdYaVhSXzhBRXJJdHZNSm9kdllwOVZlakQ3b2ZVNVV2YUFwSUg2RDNKck9OV2J1MXBSSW43U2I0UU1GS0pQOEFGMkFhSjdzejE4NE5ERVJ5NTNGQ1ZmLVE3R0NoS2lpcWI1LVFDd2k3bmswMkNjRms?oc=5,Vietnam.vn,2026-08-13T09:54:02+05:30,hi,Andaman and Nicobar Islands,,"(""पारा चढ़ा"" OR ""पारा पहुंचा"" OR तापमान OR ""तापमान बढ़ा"" OR ""रिकॉर्ड तोड़ गर्मी"" OR ""डिग्री सेल्सियस"" OR ""पारा उबला"" OR ""अधिकतम तापमान"" OR ""तापमान 40 पार"" OR ""तापमान 45 पार"" OR ""तापमान बढ़ने की संभावना"") Andaman and Nicobar Islands","हनोई देश का सबसे गर्म शहर बना हुआ है, जहां तापमान 39 डिग्री सेल्सियस के करीब पहुंच गया है।
एसकेडीएस - 12 अगस्त को दर्ज किए गए उच्चतम तापमान के अनुसार, उत्तरी आयरलैंड के कई इलाकों में तापमान 37-38 डिग्री सेल्सियस दर्ज किया गया, जिसमें हनोई में 38.8 डिग्री सेल्सियस तक तापमान पहुंच गया।
Báo Sức khỏe và Đời sống•13/08/2026
सबसे अधिक तापमान वाले क्षेत्र
राष्ट्रीय मौसम विज्ञान एवं जल विज्ञान पूर्वानुमान केंद्र के अनुसार, 12 अगस्त को उत्तरी क्षेत्र (लाई चाऊ और डिएन बिएन को छोड़कर), थान्ह होआ से दा नांग शहर तक, और प्रांतों के पूर्वी भाग, क्वांग न्गाई से डाक लक और खान्ह होआ तक, में भीषण गर्मी रहेगी। अधिकतम तापमान आमतौर पर 35-38 डिग्री सेल्सियस के बीच रहेगा, और कुछ क्षेत्रों में 38 डिग्री सेल्सियस से अधिक भी हो सकता है, जैसे कि लाक सोन (फू थो) में 38.3 डिग्री, लैंग ( हनोई ) में 38.8 डिग्री, न्हो क्वान (निन्ह बिन्ह) में 38.5 डिग्री, तिन्ह जिया (थान्ह होआ) में 38.3 डिग्री, होआई न्होन (जिया लाई) में 38.8 डिग्री, आदि; न्यूनतम सापेक्ष आर्द्रता आमतौर पर 50-60% रहेगी।
12 अगस्त को दर्ज किए गए उच्चतम तापमान के अनुसार, उत्तरी वियतनाम के कई इलाकों में तापमान 37-38 डिग्री सेल्सियस के बीच रहा। विशेष रूप से, लाक सोन (फू थो) में 38.3 डिग्री सेल्सियस; होआ बिन्ह में 38.2 डिग्री सेल्सियस; बाक मे (तुयेन क्वांग) में 38.1 डिग्री सेल्सियस; थाट खे (लैंग सोन) में 38.2 डिग्री सेल्सियस; और हाई डुओंग ( हाई फोंग ) में 38.1 डिग्री सेल्सियस तापमान दर्ज किया गया।
हनोई में, सबसे अधिक तापमान लैंग स्टेशन पर 38.8 डिग्री सेल्सियस दर्ज किया गया। हा डोंग स्टेशन पर 38.2 डिग्री सेल्सियस, सोन ताई में 37.6 डिग्री सेल्सियस और होआई डुक में 37.3 डिग्री सेल्सियस तापमान रहा।
आपको यह भी पसंद आ सकता है
निन्ह बिन्ह क्षेत्र में भी उच्च तापमान दर्ज किया गया, जहां न्हो क्वान में 38.5 डिग्री सेल्सियस तापमान रहा। थान्ह होआ में, सबसे अधिक तापमान तिन्ह जिया में 38.3 डिग्री सेल्सियस, सैम सोन में 38.2 डिग्री सेल्सियस और थान्ह होआ में 38 डिग्री सेल्सियस दर्ज किया गया।
न्घे आन प्रांत में, क्विन्ह लू में तापमान 38.1 डिग्री सेल्सियस दर्ज किया गया। हा तिन्ह प्रांत में, होन्ह सोन स्टेशन पर उच्चतम तापमान 37.7 डिग्री सेल्सियस रहा।
ह्यू से दक्षिण की ओर भी तापमान अधिक रहा। ह्यू में 37.8 डिग्री सेल्सियस, दा नांग में 37.5 डिग्री सेल्सियस और क्वांग न्गाई में 37.8 डिग्री सेल्सियस तापमान दर्ज किया गया। विशेष रूप से, होआई न्होन (गिया लाई) में 38.8 डिग्री सेल्सियस, फान रंग (खान्ह होआ) में 38 डिग्री सेल्सियस और कैम रान्ह में 37.9 डिग्री सेल्सियस तापमान दर्ज किया गया।
आंकड़ों से पता चलता है कि 12 अगस्त को भीषण गर्मी की लहर व्यापक थी, कई मौसम केंद्रों ने 38 डिग्री सेल्सियस से अधिक तापमान दर्ज किया। सबसे अधिक तापमान 38.8 डिग्री सेल्सियस लैंग (हनोई) और होआई न्होन ( जिया लाई ) में दर्ज किया गया।
मध्य वियतनाम में भीषण गर्मी जारी है और तापमान 38 डिग्री सेल्सियस से अधिक है।
13 अगस्त को उत्तरी क्षेत्र (डिएन बिएन, लाई चाऊ और क्वांग निन्ह को छोड़कर) में गर्म मौसम रहा, कुछ क्षेत्रों में भीषण गर्मी पड़ी। अधिकतम तापमान आमतौर पर 35-37 डिग्री सेल्सियस था, कुछ स्थानों पर यह 37 डिग्री सेल्सियस से अधिक भी रहा; न्यूनतम सापेक्ष आर्द्रता आमतौर पर 55-60% थी। 14 अगस्त को उत्तरी क्षेत्र (डिएन बिएन, लाई चाऊ, सोन ला, क्वांग निन्ह और हाई फोंग को छोड़कर) में गर्म मौसम रहा, अधिकतम तापमान आमतौर पर 35-36 डिग्री सेल्सियस था, कुछ स्थानों पर यह 36 डिग्री सेल्सियस से अधिक भी रहा; न्यूनतम सापेक्ष आर्द्रता आमतौर पर 60-65% थी।
13-14 अगस्त को थान्ह होआ से ह्यू शहर तक के क्षेत्र में गर्म मौसम रहेगा, कुछ इलाकों में भीषण गर्मी पड़ेगी। अधिकतम तापमान आमतौर पर 35-37 डिग्री सेल्सियस के बीच रहेगा, कुछ स्थानों पर यह 37 डिग्री सेल्सियस से अधिक भी हो सकता है; न्यूनतम सापेक्ष आर्द्रता आमतौर पर 55-60% रहेगी।
आपको यह भी पसंद आ सकता है
दा नांग शहर, क्वांग न्गाई के पूर्वी भाग से लेकर डैक लक और खान्ह होआ तक के क्षेत्रों में भीषण गर्मी पड़ेगी। अधिकतम तापमान आमतौर पर 36-38 डिग्री सेल्सियस के बीच रहेगा और कुछ क्षेत्रों में 38 डिग्री सेल्सियस से भी अधिक हो सकता है। न्यूनतम सापेक्ष आर्द्रता आमतौर पर 50-55% रहेगी। 15 अगस्त से उत्तरी क्षेत्र में व्यापक लू समाप्त होने की संभावना है और मध्य क्षेत्र में इसका प्रभाव कम हो जाएगा। लू के कारण प्राकृतिक आपदा जोखिम चेतावनी स्तर 1 है।
भीषण गर्मी और कम आर्द्रता के कारण आवासीय क्षेत्रों में बिजली की मांग बढ़ने से विस्फोट और आग लगने का खतरा बढ़ जाता है। इसके अलावा, लंबे समय तक उच्च तापमान में रहने वाले लोगों में निर्जलीकरण भी हो सकता है।
कृपया ध्यान दें कि लू की रिपोर्टों में तापमान का पूर्वानुमान और बाहर का वास्तविक तापमान कंक्रीट या डामर जैसी सतहों की स्थिति के आधार पर 1-3 डिग्री या उससे भी अधिक भिन्न हो सकता है।",1.0
Temperatures to soar to 38C as amber extreme heat warning comes into force - BBC,https://news.google.com/rss/articles/CBMiXkFVX3lxTE5Ca29TcVhvVW90Z0RLNEVSdFFLWnNYcld5VFUzN245RkxWMjQ3dlFfbWJRQy1qLTFsWEtiSEUxYm93RzJJMGtFa2F4ZzVNbXlnalRNdDVqd25zWnE0ZUE?oc=5,BBC,2026-08-13T08:01:39+05:30,en,Andaman and Nicobar Islands,,"(heatwave OR ""heat wave"" OR ""severe heatwave"" OR ""extreme heat"" OR ""heat spell"" OR ""scorching heat"" OR ""blistering heat"" OR ""sweltering heat"" OR ""hot winds"" OR loo OR ""hot loo winds"" OR ""intense heat"" OR ""unbearable heat"" OR ""deadly heat"" OR heat OR ""weather forecast"" OR ""weather update"" OR ""weather alert"" OR ""IMD forecast"" OR ""IMD prediction"" OR ""IMD alert"" OR IMD OR ""rising temperatures"" OR ""temperatures expected to rise"" OR ""relief from heat"" OR ""respite from heat"" OR ""heat respite"" OR ""respite from scorching heat"") Andaman and Nicobar Islands","- Published
A rare amber weather warning for extreme heat is in effect across a large swathe of the UK on Thursday, with temperatures set to soar as high as 38C (100F).
Thursday will mark the peak of the UK's fifth widespread heatwave this year, with temperatures to be in the mid-30s Celsius across most of the warning area.
Amber heat health alerts, external, which warn of significant impacts to health and social care services, are also in force for the entirety of England until 21:00 BST on Friday.
The searing heat could lead to power cuts, rail and air travel delays, and cause serious health impacts such as dehydration and heat exhaustion.
The extreme heat warning will be in force until 23:59 BST across Eastern England, London and the south-east, the Midlands, north-west England, south-west England and parts of Yorkshire and Humber.
It will run alongside amber heat health alerts issued by the UK Health Security Agency across the entirety of England.
In effect until 21:00 BST on 14 August, these warn of significant impacts across health and social care services, including a rise in deaths, particularly among those aged 65 and over or with health conditions.
Adding to the risks associated with the heatwave, a few tropical nights - where temperatures fail to drop below 20C - are also on the cards as increasingly humid air spreads into western areas.
The cumulative effect of persistent heat by day and night can place additional stress on the body.
Fortunately, this heatwave is likely to be short-lived, lasting three days at most.
Temperatures will begin to fall away by the weekend, although at their lowest they will still be average or a little above average for mid-August.
More temperature records likely to fall
There are likely to be long-standing temperature records broken over the coming days, adding to a long list of records already set this year.
Wednesday became the first day in August to reach 35C or more, making it the 4th consecutive month to reach this temperature.
If temperatures reach 36C or higher, 2026 will become the first year on record to register four separate days at or above that threshold.
This will surpass the previous record of three days, which is currently shared by 1990, 2003, 2020 and 2026.
It is not out of the question that a few locations, including London, could touch 38C.
Should this happen, it would be the second time the UK hit 38C this summer - the highest reading so far this year - tied with Lingwood in Norfolk on 26 June.
Currently the hottest August day on record stands at 38.5C, recorded in 2003.
As long as August temperatures remain average or above for the month as a whole, this summer will replace 2025 as the warmest on record.",1.0
"Manchester heatwave: Temperatures to soar to 33°C today, August 13, 2026 - The Times of India",https://news.google.com/rss/articles/CBMi1gFBVV95cUxOc25fb0paU3ptdkpuQTJSTmVSUEswR1BwRVBZY2wtczhoQnFMdXM1LVE4VE5MWDBqa0NqWGtXTFU4UU5zeUhxV0Z4Rm5aaEJ5WTdCMl9jOWttZWhYbGJlMlZBNXYxdVV3VU0wRmJjWVFmbHp1TElBVjYwYjRsVURrcnFsdjRiSnBmOW1rV3hmUzZZblB5amdpYWViTHVUN1cybFF4d0FpaEdTOEVHejlHejNtT3l6RTZ5V1ZPQ3R6MGRiS194aDZCTHdENzNJcnVicE5Wc3BR0gHbAUFVX3lxTE50VWRMaF9fOWlPUkp5TS1TbEY3WVdnSFZzYUZEMnllT1JMbWFLV3MzMmh1bEQyVzVQaEE4UE5JeXFCNGZ2ZVNGcEhKYWdxT2k1ck5ERi16M1RTOUoyTkkzTUZ5YmZOT3B2SVpCd29VVWFkSFFyX0lmQklCNExSTjNTcU1MbUNtSktYcnpLOE9Rd05HMEZ2RzV1Yy1Tc0FjZlZwN2w3NlZBMjFLY1BSalRsazFBcjYtSkpnZzRXazJFX0NvNzh0UHZzVjF6R1czdDFNdnhMVGRGbUJkdw?oc=5,The Times of India,2026-08-13T10:34:00+05:30,en,Andaman and Nicobar Islands,,"(heatwave OR ""heat wave"" OR ""severe heatwave"" OR ""extreme heat"" OR ""heat spell"" OR ""scorching heat"" OR ""blistering heat"" OR ""sweltering heat"" OR ""hot winds"" OR loo OR ""hot loo winds"" OR ""intense heat"" OR ""unbearable heat"" OR ""deadly heat"" OR heat OR ""weather forecast"" OR ""weather update"" OR ""weather alert"" OR ""IMD forecast"" OR ""IMD prediction"" OR ""IMD alert"" OR IMD OR ""rising temperatures"" OR ""temperatures expected to rise"" OR ""relief from heat"" OR ""respite from heat"" OR ""heat respite"" OR ""respite from scorching heat"") Andaman and Nicobar Islands","Manchester is bracing for a significant heatwave today,
August 13, 2026, with temperatures expected to reach a peak of
33°C, prompting advice for residents to stay hydrated and seek shade. Following this intense heat, a gradual cooling trend is anticipated for the rest of the week, with temperatures dropping and a chance of light rain appearing later in the week.
Today's forecast for Manchester indicates a sweltering start to the week, with clear skies and intense sunshine. Very little relief is expected until the evening. The mercury is unlikely to dip below a warm
16°C overnight. The average temperature for the day is predicted to be a balmy
24.5°C.
Humidity levels will be relatively high, reaching
75%, which could make the heat feel more oppressive. There is a very low chance of rain, with the daily chance of precipitation noted as less than
5%. Winds are expected to be brisk, with maximum speeds of up to
45.06 kph, adding a slight breeze to the otherwise hot conditions.
Precautions Against the Heat
With temperatures expected to reach extreme levels today, it is crucial for all Manchester residents to take precautions against the heat.",0.8500000000000001
Tajikistan | Heat Wave: Early Action Protocol Annual Report (EAP No.: EAP2021TJ01 / Operation No.: MDRTJ034) - ReliefWeb,https://news.google.com/rss/articles/CBMi0wFBVV95cUxPMTNHRHY3b28yYWVMRC04c1VlQ09IZldUdkYzbUkyWEowdnFYWmNNbjNJb3J2UFNDcUZRN3RZZ1o4YkxNYUJreHJXdmg0djg1ZGdXb0IwRUVDU0FyM1ZkWFEwNzNoaURmUTdmaXltX195dHRrRm4xY2x5SDVJNFpDSTFpSkwzdTVKdzNlSlJKZnJrcDBHanEtVzJVQUM0Z0ZHV1NtNnJxR3RTeVRBcWRJNDNKTTBoNWVndnNNTnduZXhRd09FcUtQLVdUM1ZoLXZLeVc4?oc=5,ReliefWeb,2026-08-13T06:54:11+05:30,en,Andaman and Nicobar Islands,,"(heatwave OR ""heat wave"" OR ""severe heatwave"" OR ""extreme heat"" OR ""heat spell"" OR ""scorching heat"" OR ""blistering heat"" OR ""sweltering heat"" OR ""hot winds"" OR loo OR ""hot loo winds"" OR ""intense heat"" OR ""unbearable heat"" OR ""deadly heat"" OR heat OR ""weather forecast"" OR ""weather update"" OR ""weather alert"" OR ""IMD forecast"" OR ""IMD prediction"" OR ""IMD alert"" OR IMD OR ""rising temperatures"" OR ""temperatures expected to rise"" OR ""relief from heat"" OR ""respite from heat"" OR ""heat respite"" OR ""respite from scorching heat"") Andaman and Nicobar Islands","JavaScript is disabled
In order to continue, we need to verify that you're not a robot. This requires JavaScript. Enable JavaScript and then reload the page.",0.6833333333333333
Japan's 'Human Refrigerator': Vending Machine Maker Develops Cooling Booth To Beat Extreme Heat - Outlook India,https://news.google.com/rss/articles/CBMizwFBVV95cUxNTU05X0ZWa0dXQXdYZlpXNk1fU1dxbVctbl9VNWRma3NVQS1Ma0MzenJUcXlYMWNIU3JqdUhZQWx0cGUteGhmMVdQNERYNFBRWkNtbjhQQUViN0loTjFqcnBZSWw1UWMtR2dZTUNfWGs0OC1nWnZFX2lZMXZnWTBhcmJkQmN4d1JYZS1taEhhU1ZiSTdpX0g1TUJEQnlXZ0Y1RDlLSlQtV0Q2dm05UUlzYUpjbjB3cUZBOFhYcmFTWUstN0J5VFhtMUFvYWQ2SjTSAdwBQVVfeXFMTlRVTklLU0tfOEhOWlloNGItUElxMmtSTTIyUDRuTUVISWNFZDBZY3FqMW1lVnkzU3dWeUg5Q0NKWW1DVS14VzVjR3BjSHViMVJUczdIaXFMbFdiSmxvRnExQmtXLXQxVDJON3ZLNFhmT3VyU0JXYXh0WnVZdHlpWWxRaVBNMUxGRU9qbk1QTTVmaklNVkExNHAwTk5lcWo1RDg0WUExb1BKdzlFU25xVzBnSWdKcDJhNjZWNjBXbG5zSkczM0dyYjYwX2FzdTVzUmd6ckxMTEp4cFZjVw?oc=5,Outlook India,2026-08-13T13:12:14+05:30,en,Andaman and Nicobar Islands,,"(heatwave OR ""heat wave"" OR ""severe heatwave"" OR ""extreme heat"" OR ""heat spell"" OR ""scorching heat"" OR ""blistering heat"" OR ""sweltering heat"" OR ""hot winds"" OR loo OR ""hot loo winds"" OR ""intense heat"" OR ""unbearable heat"" OR ""deadly heat"" OR heat OR ""weather forecast"" OR ""weather update"" OR ""weather alert"" OR ""IMD forecast"" OR ""IMD prediction"" OR ""IMD alert"" OR IMD OR ""rising temperatures"" OR ""temperatures expected to rise"" OR ""relief from heat"" OR ""respite from heat"" OR ""heat respite"" OR ""respite from scorching heat"") Andaman and Nicobar Islands","Japanese vending machine maker SDRS has developed a human-sized stainless-steel cooling booth to help people escape extreme heat.
The Do Hiemon Box can blow air as cold as 5°C and is designed to cool one person in about 20 minutes.
The invention comes as Japan experiences increasingly severe heatwaves and record numbers of heatstroke cases.
As Japan grapples with increasingly severe summer heat, a vending machine manufacturer has developed an unusual solution: a human-sized stainless-steel refrigerator designed to cool one person at a time and help prevent heatstroke.
Japanese manufacturer SDRS's Do Hiemon Box functions as a personal cooling booth, blowing air as cold as 5°C through vents at the top and rear. The product is being marketed as a quick way for people working or spending time outdoors to escape extreme temperatures.
How Does The 'Human Refrigerator' Work?
The Do Hiemon Box is an insulated stainless-steel enclosure measuring 1.75 metres (5.7 feet) in height and designed to accommodate a single person on a narrow seat.
Users can adjust the temperature and airflow through three settings, while cool air is circulated through vents positioned at the top and back of the booth.
The unit is mounted on casters and runs from a regular electrical outlet, allowing it to be moved between locations. Its developers envisage it being used at construction sites, factories and outdoor events where workers and visitors may need temporary relief from extreme heat.
Trusco Nakayama, which sells the product, claims that the booth can help cool the entire body in about 20 minutes while consuming roughly half the energy of an average portable air conditioner.
The company describes the concept as a ""human refrigerator"" and says it offers full-body cooling compared with wearable solutions such as fan-equipped jackets, which are commonly used by outdoor workers in Japan.
Why Is Japan Turning To Extreme Cooling Solutions?
The development comes as Japan experiences increasingly intense summer temperatures and a growing number of heat-related illnesses.
Japan recorded a particularly severe heatwave last year, while meteorologists have adopted the term ""kokushobi"", meaning ""cruel heat day"", for days when temperatures reach 40°C or higher.
Recently, Japan experienced an unprecedented five consecutive days of kokushobi conditions. In Tokyo alone, 453 people were reportedly hospitalised for heat-related illness in a single day — the highest figure recorded since monitoring began more than a decade ago. At least 14 people died across the country during the heatwave.
The extreme conditions have increased demand for ways to protect people who cannot simply remain indoors in air-conditioned spaces.
The Do Hiemon Box is particularly aimed at workers and others who spend long periods outside, offering a dedicated space where they can temporarily escape the heat.
Can 'Human Refrigerators' Solve The Heat Problem?
The cooling booth reflects a broader challenge facing countries experiencing more frequent and intense heatwaves: many solutions designed to protect people from heat also consume significant amounts of energy.
Air conditioning remains one of the most common ways of coping with extreme temperatures, but it contributes to the problem in several ways. Air-conditioning systems release waste heat into their surroundings and consume electricity, while refrigerants can contribute to warming when they leak.
The Do Hiemon Box is being promoted partly on its lower energy consumption compared with portable air conditioners. But it is ultimately a short-term adaptation to increasingly dangerous heat rather than a solution to the underlying climate crisis.
For Japan's outdoor workers and event-goers, however, the ""human refrigerator"" could offer something increasingly valuable during the country's hottest days: a small, mobile refuge from extreme heat.",1.0
UK PM Andy to chair emergency Cobra meeting as heatwave fuels wildfires and drought - Daily Excelsior,https://news.google.com/rss/articles/CBMitgFBVV95cUxNVE1OcEFjSDh3S3Z5aVZZbmRtSmJLS0F6QU1qaTJ1bDd1eTNXODhwRlZpZkx5ZG1uNlVEZ21ZRHZUOUZKNXEyYTNrLV9MLTZVdlhsY0Q5VVhKdnAxWFRYeFhKRTZwYnZ6S21ZX2Z2NHhheTVhWW1kS2kybWM1NEpIZHl6SElwSmZNX0ozeU9fbURoMTJRWUVwZUtiLWU0N19NTnk5eTFtdU1pNGZnakJoN2VrajQzUdIBugFBVV95cUxPUlRTSGowczhjSVpzdnFrRHFpRlVVcjBkbl9FSXVLT2JmVmlGUXBIWHVkUkY3dzZ1T2JiYl9ZZ1M5eFcyWGJ6X2FyU3BhQzBpYV9QNFRoNTN5akpsZXBTSjVxbXFLYkoweGphTVJtOEZXYU1LQThLaEt2WFRJT1R3eWRhcU4xUDlCRmZIekNXVFd1azJjNkczaUV2blZtYzhGYlZYeGliaU9tM0tHYzZ3c1lMTGNLWmZPX2c?oc=5,Daily Excelsior,2026-08-13T04:00:55+05:30,en,Andaman and Nicobar Islands,,"(heatwave OR ""heat wave"" OR ""severe heatwave"" OR ""extreme heat"" OR ""heat spell"" OR ""scorching heat"" OR ""blistering heat"" OR ""sweltering heat"" OR ""hot winds"" OR loo OR ""hot loo winds"" OR ""intense heat"" OR ""unbearable heat"" OR ""deadly heat"" OR heat OR ""weather forecast"" OR ""weather update"" OR ""weather alert"" OR ""IMD forecast"" OR ""IMD prediction"" OR ""IMD alert"" OR IMD OR ""rising temperatures"" OR ""temperatures expected to rise"" OR ""relief from heat"" OR ""respite from heat"" OR ""heat respite"" OR ""respite from scorching heat"") Andaman and Nicobar Islands","UK PM Andy to chair emergency Cobra meeting as heatwave fuels wildfires and drought
LONDON, Aug 12 : British Prime Minister Andy Burnham will chair an emergency Cobra meeting on Wednesday to coordinate the government's response to extreme heat, wildfires and worsening drought conditions across the UK. Burnham will meet ministers, officials and emergency...
LONDON, Aug 12 : British Prime Minister Andy Burnham will chair an emergency Cobra meeting on Wednesday to coordinate the government's response to extreme heat, wildfires and worsening drought conditions across the UK.
Burnham will meet ministers, officials and emergency agencies as temperatures continue to climb, with highs of 33 C forecast for Wednesday and up to 38 C expected on Thursday, according to local media reports.
A No 10 spokesperson said the government recognised the challenges posed by the extreme weather, particularly for firefighters, farmers and NHS staff, local media reported.
Wednesday's meeting will be the second Cobra session this year focused on heatwaves, following a meeting in June.
It comes as parts of the UK experience their fifth heatwave of the summer and the number of days with temperatures reaching 30 C or higher has hit a new annual record.
The Met Office said the UK has recorded 35 such days so far this year, surpassing the previous record of 34 days set in 1995. The weather agency has also issued a rare amber extreme heat warning for Thursday.
Green Party leader Zack Polanski called for urgent government action, saying, ""We cannot negotiate with the science.""
Writing on X, Polanski called for fossil fuel companies to be taxed to help fund firefighting helicopters, alongside measures including a cool space in every community, a maximum working temperature and an end to new oil and gas extraction in the North Sea.
The emergency meeting follows the latest heatwave, which has pushed more parts of England into drought status. Firefighters are also continuing to battle a major wildfire in the New Forest in Hampshire.
On Tuesday, the Met Office said the UK was on course to record its hottest summer on record based on average temperature.
Wales declared a drought on July 30 after sustained high temperatures and deteriorating conditions. A drought had already been declared across large parts of England following record-low rainfall and prolonged heat.
The human impact has also been significant. Last month, the UK Health Security Agency said Britain recorded 2,877 excess deaths during the May and June heatwaves, almost double the 1,504 excess deaths recorded during the summer 2025. (UNI)",1.0
"Nurses fainting in ‘inhumane’ conditions due to extreme heat, union warns - The Guardian",https://news.google.com/rss/articles/CBMiugFBVV95cUxQbTY4b2paeHQ2N3d1ekppWXk3dVllZ2hOWExCSTYwcHF2OGVldXNGY3ZrSmVxSDE4c2pEWmVWNjdQVG1kSDR4STBTNGRhbjJ5MTljUlNueXp2T05jeFBLV2R6TFpjRGstNmpTZktiWHhWSk5EOHlXcmdlLUNkLUVGZVZkZVc2SE5DZVJtbFRrUzA2ejNQU2lXc1NSMk9jdmZOYVFrNjVnT3Z5YUZkWkVhUllHQVkxNkpxcXc?oc=5,The Guardian,2026-08-13T04:37:53+05:30,en,Andaman and Nicobar Islands,,"(heatwave OR ""heat wave"" OR ""severe heatwave"" OR ""extreme heat"" OR ""heat spell"" OR ""scorching heat"" OR ""blistering heat"" OR ""sweltering heat"" OR ""hot winds"" OR loo OR ""hot loo winds"" OR ""intense heat"" OR ""unbearable heat"" OR ""deadly heat"" OR heat OR ""weather forecast"" OR ""weather update"" OR ""weather alert"" OR ""IMD forecast"" OR ""IMD prediction"" OR ""IMD alert"" OR IMD OR ""rising temperatures"" OR ""temperatures expected to rise"" OR ""relief from heat"" OR ""respite from heat"" OR ""heat respite"" OR ""respite from scorching heat"") Andaman and Nicobar Islands","Nurses are collapsing during shifts amid “inhumane and impossible” conditions caused by extreme heat, their union has warned, as Andy Burnham promised to grapple with “the bigger questions” of climate adaptation.
Amid growing pressure from Labour backbenches to fully acknowledge the urgency of adaptation measures as the climate crisis bites, Burnham said he was for now focusing on the immediate crises caused by an ongoing summer of extreme heat.
Speaking after a meeting of the government’s Cobra emergency committee, Burnham refused to say if the summer had made the case against renewed drilling in the North Sea, which his government is considering.
“It is really important that we deal today with the situation that we are in right now and we focus on making sure that we have the serious incidents under control across the country, and those incidents are under control,” he said.
“The bigger questions obviously will come at the right moment in time,” he added.
An amber warning for heat across large parts of England will come into force again on Thursday morning, with temperatures forecast to reach 36C or potentially higher.
Train passengers on some networks are being warned by rail operators to only travel if the journey is vital, saying services are likely to be disrupted because of the weather.
Three-quarters of England is now officially in drought. Firefighters are continuing to tackle a blaze in the New Forest in Hampshire, with warnings across parts of eastern and southern Scotland about a very high risk of wildfires.
With the number of days of 30C-plus heat in the UK already at a new record of 35, the Royal College of Nursing became the latest union to warn of unsafe working conditions for many members in hospital wards and care homes.
The RCN, which runs an advice hotline, said some staff had collapsed. Others were left dizzy, nauseous or at risk of fainting while dripping with sweat “from head to toe”. They also faced pressure to keep elderly and vulnerable patients safe alongside keeping medications cool.
Working within a critical care unit in an NHS hospital in the south-west of England, a 37-year-old nurse told the Guardian her ward had reached temperatures of more than 30C and staff were struggling in the conditions.
“Our ward doesn’t have air conditioning, and so we’re all really struggling. We’ve had hot summers before, but I can’t remember ever working in conditions like these back to back,” she said.
Another nurse, working in a community health centre in England, said: “It gets to the point you dread going to work, especially when wearing PPE and providing patient care. We drip with sweat from head to toe.”
Prof Nicola Ranger, the general secretary and chief executive of the RCN, said that these testimonies were a “wake-up call”, calling for an urgent programme to install air conditioning, improve ventilation and ensure heat-appropriate uniforms were available.
On Monday, the Fire Brigades Union warned that firefighters needed new equipment and resources to face the growing threats from a climate changing at speed.
According to a freedom of information request submitted by the Guardian, just 20 staff are working on climate adaptation within the Department for Environment, Food and Rural Affairs.
The government has been warned by the climate change adaptation committee that it is lagging far behind in terms of adapting to a new climate.
Speaking on Wednesday morning, Burnham raised the idea of a possible ban on disposable barbecues, which are a known fire risk. Later in the day, he said retailers should withdraw them from sale, adding: “Longer term we will look at whether a temporary ban in the summer months is justified.”
One Labour MP, Chris Hinchliff, who had previously warned Burnham about the need to prepare the country for a fast-changing climate, called for more immediate action, saying the summer “has to be a real wake-up call for Westminster”.
Some Labour MPs are also privately concerned that he has as yet not shown he understands the urgency of the issue.
“Adaptation has always been the poor relation in government,” one Labour MP said. “Look how much better we are at getting energy projects off the ground than reservoirs.”
Some MPs argued Burnham took too long to hold a Cobra meeting, with one saying: “He barely talks about the climate crisis. He should be doing as many social media video clips on this as he does on the cost of living crisis.”
Hinchliff, the MP for North East Hertfordshire, said the events of the summer should be enough to spark action.
He said: “It’s a well-recognised fact that our country was built for a climate that no longer exists. It’s putting enormous pressure on our infrastructure, our railways, our schools, our hospitals, and it threatens a real impact on people’s living standards. This has to be one of the top priorities for government.
“It is indisputable that up to now we haven’t treated these issues with the importance that they deserve, and the proof is what we are experiencing.”
Another MP said Burnham should use the subject to his advantage and “lean into climate adaptability”.
“Let Nigel Farage be on the side of the wildfires – he can be the pro-wildfire politician, and Andy can be the anti-wildfire prime minister. This is an opportunity for him to seize,” they added.
Health and social care secretary Yvette Cooper said: “The extreme heat is hitting public health and our NHS. Across the NHS and social care, staff are doing a remarkable job to respond to rising A&E attendances and ambulance call-outs, heat problems among the elderly and difficult working conditions. I want to thank them for all their work.
“But I have also been clear that the NHS now needs to plan for summer pressures in the way we currently plan for winter pressures. That includes making sure buildings are more resilient in these new extreme heat conditions as well as responding to additional patient needs.”",1.0
"Leeds heatwave: Temperatures to reach 33°C today, August 13, with gradual cooling expected - The Times of India",https://news.google.com/rss/articles/CBMi7gFBVV95cUxQNmZrUFVNN1JZWkVpck54WklRNmxzNUhqa2JYUUVGMDJMMzRCWVphTGRVWXlremZTLWk3ZVlpbjdNYS1sVzM4U3AwVHpHOTRTamZhUnVmUlVCdDkzZGhRMmV3SFMtbTBIc0FJbldrUkFVVmFMeWRQMGRKU3FLcXNVa3ZJOHR4VlAzdTA1TndkTDNhbnh1M1kxd21PNnJ3V29TNk4yNEE1Q0QyaW4tcWZqT1Vpd09QUDUyS05ESWF2STJDOUtHZlRiajd6MFhZQU4wdnZHTFhYUW5pUUNGTExMVm5XNU5pNWYxaHhuVXRR0gHzAUFVX3lxTFBpbnYxM1lJbldldXQ5eTgzaWxvWXY2Z0hhSVpHaXZQbXI4T3R4WTIteE9za0E5WDR0Vll0ZC1FaDFjOFR6Z2h5XzFxSzBjdkVIOGZYVEt4UkN3MV9WeFJZcVJGekpEbWh5UjJKV1dpaVJJV2JHM0xVWXpQRjhwM3dnZkNVMmNCUmZzeHZ2TGZBOEJpXzF5eWNPeXhJNnY4eGZRckpSeTJOWWlOSmhLNHVPUkhhTERReG1BNHR0NlF5cV92eDM0Y1lYcUJSa0lRNkczdGdPUTJkS05DS09LTVBGR1RhdHdnalYtcmVZdGxfVFgtZw?oc=5,The Times of India,2026-08-13T10:34:00+05:30,en,Andaman and Nicobar Islands,,"(heatwave OR ""heat wave"" OR ""severe heatwave"" OR ""extreme heat"" OR ""heat spell"" OR ""scorching heat"" OR ""blistering heat"" OR ""sweltering heat"" OR ""hot winds"" OR loo OR ""hot loo winds"" OR ""intense heat"" OR ""unbearable heat"" OR ""deadly heat"" OR heat OR ""weather forecast"" OR ""weather update"" OR ""weather alert"" OR ""IMD forecast"" OR ""IMD prediction"" OR ""IMD alert"" OR IMD OR ""rising temperatures"" OR ""temperatures expected to rise"" OR ""relief from heat"" OR ""respite from heat"" OR ""heat respite"" OR ""respite from scorching heat"") Andaman and Nicobar Islands","Leeds residents are bracing for a significant heatwave starting
today, August 13, 2026, with temperatures expected to reach a high of
33°C under clear, sunny skies. This intense heat necessitates precautions to stay cool and hydrated, though a gradual cooling trend is anticipated throughout the week.
Today, the average temperature in Leeds will be around
25.0°C, with a minimum of
17°C, ensuring balmy overnight conditions. Humidity will be at
66%, contributing to the oppressive heat. There is a
less than 5% chance of rain, with no precipitation expected, and uninterrupted sunshine is forecast. Wind speeds could reach up to
43.45 kph, offering minimal relief. Sunrise is at
05:41 and sunset at
20:40.
Safety Recommendations",0.8500000000000001
Solar boat trip in heatwave not all smooth sailing - BBC,https://news.google.com/rss/articles/CBMiWkFVX3lxTE5zQmZGYmFKSmVoTEZCc2VQTzFwZEpOR2prOWxlUTk2TFk5cXBRZFE0ZWsydjZjVmpveENBYzNDREdGRGlITlJBU3F0bzFIdVVlOHA5Vy1ncy1GZw?oc=5,BBC,2026-08-13T10:46:45+05:30,en,Andaman and Nicobar Islands,,"(heatwave OR ""heat wave"" OR ""severe heatwave"" OR ""extreme heat"" OR ""heat spell"" OR ""scorching heat"" OR ""blistering heat"" OR ""sweltering heat"" OR ""hot winds"" OR loo OR ""hot loo winds"" OR ""intense heat"" OR ""unbearable heat"" OR ""deadly heat"" OR heat OR ""weather forecast"" OR ""weather update"" OR ""weather alert"" OR ""IMD forecast"" OR ""IMD prediction"" OR ""IMD alert"" OR IMD OR ""rising temperatures"" OR ""temperatures expected to rise"" OR ""relief from heat"" OR ""respite from heat"" OR ""heat respite"" OR ""respite from scorching heat"") Andaman and Nicobar Islands","Solar boat trip in heatwave not all smooth sailing
Making the most of the ongoing sunny weather, a married couple are attempting to travel 124 miles (200km) down the River Thames - all in a solar powered boat.
Tim Knox's vessel is using only the power of the sun to travel from Lechlade, in Gloucestershire, to Teddington in South West London.
Having set off on Monday, Knox and his wife Sue are now travelling along the river through Oxfordshire, before making it into Berkshire towards the end of the week.
Knox said he had been building solar powered boats for the past 15 years, and that the main reason behind his latest creation was ""my wife doesn't like solar [energy]"".
""I wanted to build a boat that she really liked going on, because I absolutely adore being on the water - I'm one of the water people,"" he said.
The couple are taking on the journey as the UK experiences yet another heatwave, which should provide the vessel with plenty of energy for its solar powered battery.
But just days into their expedition, Knox said the weather had also hindered the trip.
""The water shortages are causing a little bit of an issue, which is adding a little bit of a stress to the whole thing - it's become a torture test for the boat, and for me and my wife,"" he said.
He said timetabled lock opening times, implemented due to low water levels, had left the boat needing to ""rush between them"".
""The mad thing about the boat is that if you go at a gentle speed, you can easily do it on solar power, but we've had to rush between locks,"" he said.
""So just like with a car, if you go fast, you use more fuel - which is eking into my battery power.""
Knox said the days on the water had been ""more gruelling"" than he had predicted.
During their voyage, the couple will take in famous towns along the Thames - including Wallingford, Henley and Eton.
The boat - which Knox has named Dayboat 1 - is set to reach Teddington on Sunday, at which point, its captain said he ""might be silly enough"" to carry on to the tidal Thames in central London.",0.5166666666666666
Extreme heat set to cause rail disruption across North West - BBC,https://news.google.com/rss/articles/CBMiXEFVX3lxTE1OX0ZwSzl5TTdaLTRqTkJPSlJMTHJTcWNTV1VnMWE1U0tueXR5UGRycFMyODJmM1N3d1YwRjhDam9sY1dheWFxRG16N2hZcFNUR3h1Y3p5eVpxc0xz?oc=5,BBC,2026-08-13T10:52:26+05:30,en,Andaman and Nicobar Islands,,"(heatwave OR ""heat wave"" OR ""severe heatwave"" OR ""extreme heat"" OR ""heat spell"" OR ""scorching heat"" OR ""blistering heat"" OR ""sweltering heat"" OR ""hot winds"" OR loo OR ""hot loo winds"" OR ""intense heat"" OR ""unbearable heat"" OR ""deadly heat"" OR heat OR ""weather forecast"" OR ""weather update"" OR ""weather alert"" OR ""IMD forecast"" OR ""IMD prediction"" OR ""IMD alert"" OR IMD OR ""rising temperatures"" OR ""temperatures expected to rise"" OR ""relief from heat"" OR ""respite from heat"" OR ""heat respite"" OR ""respite from scorching heat"") Andaman and Nicobar Islands","- Published
Rail passengers are being warned to expect disruption across the north west of England as extreme heat affects train services during the latest summer heatwave.
Operator Northern said fewer trains would operate on a number of routes, including some services to and from Manchester Oxford Road and Manchester Piccadilly.
The Met office has issued a rare amber weather warning, external for extreme heat covering parts of England between 09:00 and 23:59 BST on Thursday, while temperatures in the north west of England expected to reach 33C.
A Northern spokesperson urged passengers to check before they travel, carry water and allow extra time for their journeys.
They warned that timetable changes would affect some routes across Greater Manchester, the North West and Yorkshire.
Northern said the changes were needed ""to reduce the potential for disruption for customers, and to provide stability and resilience"".
The operator said trains would be required to run at reduced speeds on some routes and that both rolling stock and infrastructure could be impacted by extreme temperatures.
""Taking trains out of the timetable means trains are less likely to be caught up in disruption, or cancelled on the day due to failures,"" the spokesperson added.
They said the measures were designed to minimise inconvenience for passengers. At Alderley Edge, for example, services would be reduced but the station would still receive two trains per hour.
Which train services are affected?
The following Northern services will operate with reduced timetables:
Rochdale to Blackburn
Southport to Wigan/Manchester Oxford Road
Alderley Edge to Manchester Piccadilly
Hazel Grove/Buxton to Manchester Piccadilly
Rose Hill and Hadfield to Manchester Piccadilly
Leeds to Rochdale (between 10:12 and 16:34 BST
Leeds to York via Harrogate (between 10:45 and 15:45)
There will also be no Yorkshire Flyer fast service between Leeds and Sheffield until the 16:52 from Sheffield to Leeds and the 17:45 from Leeds to Sheffield.
Northern said its stopping service would continue to operate throughout the day.
A full timetable will run between Scarborough and Hull on the Scarborough to Sheffield via Hull route, but services between Hull and Doncaster/Sheffield will be reduced.
In addition, no trains will run between Rochdale and Manchester Victoria because of planned engineering work.
Avanti West Coast and TransPennine Express have also been approached for comment.",0.8500000000000001
"Tourists enjoy themselves on beach amid heatwave in Sperlonga, Italy - Xinhua",https://news.google.com/rss/articles/CBMifEFVX3lxTFBsOVh3UjJQcEhkWWJITW9YNGU2YUd3LXNURmlTOFdpVE5CSW1uNFZRU0FxcmNIeUpqLWNnV015YlM1dmVadXF2NC1pNXNGMnktQ08xM3B6TU43M0hSbjlUSy1OaV9EZ1ZxclhBWm9sZzJ3a3dRdGExTHVLN0k?oc=5,Xinhua,2026-08-13T07:57:30+05:30,en,Andaman and Nicobar Islands,,"(heatwave OR ""heat wave"" OR ""severe heatwave"" OR ""extreme heat"" OR ""heat spell"" OR ""scorching heat"" OR ""blistering heat"" OR ""sweltering heat"" OR ""hot winds"" OR loo OR ""hot loo winds"" OR ""intense heat"" OR ""unbearable heat"" OR ""deadly heat"" OR heat OR ""weather forecast"" OR ""weather update"" OR ""weather alert"" OR ""IMD forecast"" OR ""IMD prediction"" OR ""IMD alert"" OR IMD OR ""rising temperatures"" OR ""temperatures expected to rise"" OR ""relief from heat"" OR ""respite from heat"" OR ""heat respite"" OR ""respite from scorching heat"") Andaman and Nicobar Islands","Tourists enjoy themselves on a beach during a heatwave in Sperlonga, Italy, Aug. 12, 2026. (Xinhua/Wang Kaiyan)
Tourists enjoy themselves on a beach during a heatwave in Sperlonga, Italy, Aug. 12, 2026. (Xinhua/Wang Kaiyan)
Tourists enjoy themselves on a beach during a heatwave in Sperlonga, Italy, Aug. 12, 2026. (Xinhua/Wang Kaiyan)
Tourists enjoy themselves on a beach during a heatwave in Sperlonga, Italy, Aug. 12, 2026. (Xinhua/Wang Kaiyan)
Tourists enjoy themselves on a beach during a heatwave in Sperlonga, Italy, Aug. 12, 2026. (Xinhua/Wang Kaiyan)
A girl plays with sand on a beach during a heatwave in Sperlonga, Italy, Aug. 12, 2026. (Xinhua/Wang Kaiyan)
Tourists enjoy themselves on a beach during a heatwave in Sperlonga, Italy, Aug. 12, 2026. (Xinhua/Wang Kaiyan)
Tourists enjoy themselves on a beach during a heatwave in Sperlonga, Italy, Aug. 12, 2026. (Xinhua/Wang Kaiyan)
Tourists enjoy themselves on a beach during a heatwave in Sperlonga, Italy, Aug. 12, 2026. (Xinhua/Wang Kaiyan)",0.5166666666666666
Peterborough residents urged to avoid fireworks in heat spell - BBC,https://news.google.com/rss/articles/CBMiWkFVX3lxTE9rZWMwVk1TWHNPeTd3blhza2s3dGFFUnFhandmblVvVjRrQ0g1OFFIZVNyWFQ4aU5wQ0FteDVoYkFZd2N2bF9IRHNEQjlkTkJCbWRfa3hCUVFLQQ?oc=5,BBC,2026-08-13T11:03:03+05:30,en,Andaman and Nicobar Islands,,"(heatwave OR ""heat wave"" OR ""severe heatwave"" OR ""extreme heat"" OR ""heat spell"" OR ""scorching heat"" OR ""blistering heat"" OR ""sweltering heat"" OR ""hot winds"" OR loo OR ""hot loo winds"" OR ""intense heat"" OR ""unbearable heat"" OR ""deadly heat"" OR heat OR ""weather forecast"" OR ""weather update"" OR ""weather alert"" OR ""IMD forecast"" OR ""IMD prediction"" OR ""IMD alert"" OR IMD OR ""rising temperatures"" OR ""temperatures expected to rise"" OR ""relief from heat"" OR ""respite from heat"" OR ""heat respite"" OR ""respite from scorching heat"") Andaman and Nicobar Islands","MPs make fireworks plea in 'tinderbox' conditions
Two MPs and the council leader have urged people to stop setting off ""nuisance"" fireworks during the heatwave to stop fires taking hold.
In an open letter, Peterborough's Labour MPs Andrew Pakes and Sam Carling, and Labour city council leader Shabina Qayyum asked people to ""think twice"" due to the ""tinder-dry conditions"".
They also cited ""ongoing noise nuisance caused by anti-social, late-night firework use in recent days"" and also advised people against using disposable barbecues.
Pakes said: ""Fireworks can be brilliant fun when they're organised and done properly, but right now, in this heat, with everything as dry as it is, a single spark is all it takes to cause real damage.""
He added that firefighters were already under significant pressure and said residents could help reduce the risk by avoiding activities that could ignite dry vegetation.
The letter references Cambridgeshire Fire and Rescue Service's continued efforts to tackle a major peatland fire at Holme Fen Nature Reserve, which has occupied crews since Saturday. The cause of the fire is yet to be established.
The BBC has asked the fire service how many firework-related incidents they have attended in recent weeks.
'Exercise caution'
Carling, MP for the North West Cambridgeshire constituency, which includes Holme Fen, said: ""This isn't about spoiling anyone's fun; it's about recognising that conditions right now make fireworks and disposable barbecues genuinely dangerous.""
Qayyum added: ""I'd urge everyone to exercise real caution. That means thinking twice about fireworks and disposable barbecues, and looking out for each other by speaking up if you see something risky.""
The Nene Park Trust has banned the use of disposable barbecues in its parks, including at Ferry Meadows in Peterborough.
The fire service is urging residents to use fireworks responsibly, including supervising sparklers carefully, and reminding people that fireworks must not be sold to under-18s or set off in public places.
Cambridgeshire Police said it had received one report in the past week relating to fireworks being let off near homes.
The call was made by a concerned resident in Dogsthorpe in Peterborough at about 22:00 BST on Monday.
On Wednesday, residents of the Longthorpe and Netherton area of the city said fireworks were being let off for periods of several minutes during the daytime.
Do you have a story suggestion for Peterborough? Contact us below.",0.8500000000000001
Heatwave reveals lost gardens at Longleat and Glastonbury - BBC,https://news.google.com/rss/articles/CBMiWkFVX3lxTFBiODAwaURtRi1YNVZaX0t3dkpCX1JSUDlqeXE1ZTBVYXhfZzRDUXY5WUF2N1NnSWstM0xVUzA2d0diWHZja3o4akxnUkJpamNxU25WamdKT1pudw?oc=5,BBC,2026-08-13T10:48:00+05:30,en,Andaman and Nicobar Islands,,"(heatwave OR ""heat wave"" OR ""severe heatwave"" OR ""extreme heat"" OR ""heat spell"" OR ""scorching heat"" OR ""blistering heat"" OR ""sweltering heat"" OR ""hot winds"" OR loo OR ""hot loo winds"" OR ""intense heat"" OR ""unbearable heat"" OR ""deadly heat"" OR heat OR ""weather forecast"" OR ""weather update"" OR ""weather alert"" OR ""IMD forecast"" OR ""IMD prediction"" OR ""IMD alert"" OR IMD OR ""rising temperatures"" OR ""temperatures expected to rise"" OR ""relief from heat"" OR ""respite from heat"" OR ""heat respite"" OR ""respite from scorching heat"") Andaman and Nicobar Islands","Centuries-old lost gardens revealed by heatwave
Traces of centuries-old gardens and buildings have been revealed by months of hot, dry weather.
Staff at the Bishop's Palace in Wells, Somerset, said visitors had been ""fascinated"" to see signs of garden designs from the 18th Century, while relics of old structures at Glastonbury Abbey and Longleat House have also been exposed by the conditions.
The phenomenon occurs when grass laid over old flowerbeds or stone has shorter roots so burns more quickly, creating a contrast with the more bedded-in lawn around it.
James Cross, the head gardener at the Bishop's Palace, said some remnants of gardens past had appeared in spots they had never noticed before.
""They're showing up almost certainly Dutch-style gardens that were popular here, or at least laid out here, probably [in] the middle of the 1700s,"" he said.
The old garden, he explained, featured gravel pathways and hedging in a formal and ""very symmetrical"" style, with recent drone footage showing elements that had never been uncovered before.
""It has been fascinating to find those Dutch-style gardens showing up in a spot that we didn't think there was actually anything,"" he said.
Historical drainage systems have reappeared in Stoke Park in Bristol, too, following months of prolonged heat and dry weather.
Steve England, an outdoor educator, horticulturist and historian, said the lines that stretch across the field date back to medieval times when monks used to farm the land.
""They dug a trench, and they lined it about a foot deep with crushed limestone stones, basically gravel,"" he said.
""When it rains, all the rain is going to go into the little trenches and be filtered off somewhere, so it was drying up the land.""
According to England, the lines had become visible because the stones underneath had heated up and killed the grass roots.
""This is what makes Stoke Park one of the more special places in Bristol - it's the fact that there's layer upon layer upon layer of history,"" he added.
Lucy Newman, the collections manager at Glastonbury Abbey, told the BBC the parched conditions had uncovered traces of foundations, stone columns and earlier excavation work.
""This year in particular, they've been really sharp and really clear,"" she said.
""So it helps our visitors get an understanding of which bits of the Abbey [remain]... we've got a few bits and pieces where we've still got tall walls, but not very many, [so] it just gives that little bit of extra information on the ground.""
At Longleat a 'leat' - a West Country term for a man-made stream feeding a watermill - has been revealed, as well as the possible location of the watermill itself. The leat is thought to have given the historic estate its name.
Drone footage has also revealed ""the clearest evidence in memory"" of long-lost formal gardens, Longleat curator Dr James Ford said, including previously unrecorded features dating back to the 17th Century.
""Altogether, these marks offer a rare glimpse of earlier phases of Longleat's landscape, from its medieval priory origins to its later formal gardens and 18th-century redesign,"" said Ford.",1.0
Commentary: Japan’s earthquake shows extreme heat can turn one disaster into two - CNA,https://news.google.com/rss/articles/CBMirgFBVV95cUxQZVRMZ00weWZMSVJ2ZWdBaktCUDZIQlY4UUVUcjRYZ3pNQ3BXX0Rkek9NR1BkT0xXamtYMzZncm9OVmlzeEgteGJheFZjUjNMcTdKTHctZ0xzTkVka0FFOWFXTzU1Z1NkY3Fpak9zb2w1VzJvUzgzS3Jod3F3ZmJtTXU1cHpndXhFNGVZakNzZ1lIb2ZEUjlhRm80TGRSS0xreEQtUEV0Z3Q4clZvbVE?oc=5,CNA,2026-08-13T03:28:00+05:30,en,Andaman and Nicobar Islands,,"(heatwave OR ""heat wave"" OR ""severe heatwave"" OR ""extreme heat"" OR ""heat spell"" OR ""scorching heat"" OR ""blistering heat"" OR ""sweltering heat"" OR ""hot winds"" OR loo OR ""hot loo winds"" OR ""intense heat"" OR ""unbearable heat"" OR ""deadly heat"" OR heat OR ""weather forecast"" OR ""weather update"" OR ""weather alert"" OR ""IMD forecast"" OR ""IMD prediction"" OR ""IMD alert"" OR IMD OR ""rising temperatures"" OR ""temperatures expected to rise"" OR ""relief from heat"" OR ""respite from heat"" OR ""heat respite"" OR ""respite from scorching heat"") Andaman and Nicobar Islands","Commentary: Japan’s earthquake shows extreme heat can turn one disaster into two
As the climate changes, the impact of any disaster will increasingly depend not only on the primary event but also on the climatic conditions in which it unfolds, says a climatology professor.
DURHAM, England: Emergency workers attempting to rescue survivors after a recent earthquake in Kyushu, Japan, also had to cope with extreme summer heat.
After the earthquake killed at least 38 people and left thousands homeless in late July, daytime temperatures climbed into the high 30 degrees and in some places hit 40°C for the first time ever, with high humidity.
Extreme heat affects almost every aspect of an emergency response. For the close to 7,000 people in 130 evacuation shelters and in temporary accommodation across the Kumamoto region, on the southernmost of Japan’s four main islands, hot and humid conditions increase the risk of dehydration, heat exhaustion and heatstroke.
Older adults, infants and people with chronic illnesses are particularly susceptible. It is suspected that one older woman has already died of heatstroke while sheltering in her car.
Heat also makes it harder for people to sleep, especially when air conditioning is unavailable or electricity supplies have been interrupted. Poor sleep can worsen stress, impair decision-making and slow recovery following traumatic events. Emergency responders are similarly affected.
Rescue work, debris removal and infrastructure repairs are physically demanding activities. High temperatures reduce physical performance, increase fatigue and require more frequent rest breaks, potentially slowing recovery operations.
The effects extend beyond health. Damaged water infrastructure increases demand for drinking water precisely when supplies may be constrained. Electricity demand for cooling rises at the same time as power outages. Some medicines require refrigeration. Businesses face longer interruptions. Schools and community facilities may remain closed for longer. This creates a complex web of interacting risks.
Water supplies have been disrupted in some areas and electricity outages have limited access to cooling equipment, leaving evacuation centres very hot. These conditions create a second emergency that receives far less attention than the earthquake itself but can have profound consequences for public health and recovery. This is an example of what hazard scientists call a compound event.
THE SECOND EMERGENCY
Often natural hazards are thought of as isolated events, but they frequently interact with one another, so that their combined impacts are greater than the sum of each individually. Sometimes the interaction is between different weather extremes, such as heatwaves followed by drought or wildfire. In other cases, climate hazards combine with other geophysical hazards such as earthquakes.
The conditions in 2026 are very different to those when Kumamoto last experienced large earthquakes, in April 2016.
The 2016 Kumamoto earthquake caused widespread destruction. However, the April temperatures were relatively mild. The recent earthquake occurred during one of the hottest parts of the Japanese summer. Although rescue priorities remain the same, the environmental conditions are fundamentally different.
As the climate changes, the impact of any disaster will increasingly depend not only on the primary event but also on the climatic conditions in which it unfolds. The Kumamoto earthquake shows how extreme heat can become a powerful disaster risk multiplier. A similar lesson emerged after the catastrophic western Japan floods of 2018, when a record-breaking heatwave, subsequently shown by research to have been virtually impossible without human-induced climate change, compounded the disaster, increasing health risks and hampering recovery efforts.
Together, these events demonstrate how heatwaves following other disasters can amplify the consequences.
PLANNING AHEAD
The Kumamoto earthquake shows that disaster resilience is no longer just about building stronger infrastructure or improving earthquake-resistant design. It also means preparing communities for multiple interacting hazards.
As climate change increases the frequency and intensity of extreme heat, those planning for emergencies will have to factor this in.
The question is no longer simply how societies respond to earthquakes or heatwaves separately, but how they prepare for all of these circumstances.
As the world experiences more heatwaves, extreme temperatures will pose new challenges for disaster recovery during the hottest parts of the year.
Glenn McGregor is Professor of Climatology at Durham University. This commentary first appeared on The Conversation.",1.0
Dangerous heat wave grips Gulf Coast as tropical activity increases - fox10tv.com,https://news.google.com/rss/articles/CBMiqgFBVV95cUxNc0NkaXdjTWxONDJGemFPM0RZOUd0TjBzMEh2WXRJVG1Ebm1vYUpJTzJPLTB2NGhwSHphbjhMM3h6YmNOUExxNmJVUmUxYldOWHp3cFcyQkRxMEw4QXJMX2xIc0t4YlVHaVZUc0FYdUZSSXFxZjJTdDRJeHkwdG1wWFJFSm1RaFJQUE5tTl83QXpXb2RHVTI5c096R2VXSHZVREpCUzl6SzZPQQ?oc=5,fox10tv.com,2026-08-13T04:56:00+05:30,en,Andaman and Nicobar Islands,,"(heatwave OR ""heat wave"" OR ""severe heatwave"" OR ""extreme heat"" OR ""heat spell"" OR ""scorching heat"" OR ""blistering heat"" OR ""sweltering heat"" OR ""hot winds"" OR loo OR ""hot loo winds"" OR ""intense heat"" OR ""unbearable heat"" OR ""deadly heat"" OR heat OR ""weather forecast"" OR ""weather update"" OR ""weather alert"" OR ""IMD forecast"" OR ""IMD prediction"" OR ""IMD alert"" OR IMD OR ""rising temperatures"" OR ""temperatures expected to rise"" OR ""relief from heat"" OR ""respite from heat"" OR ""heat respite"" OR ""respite from scorching heat"") Andaman and Nicobar Islands","Updated: Aug. 11, 2026 at 6:36 PM CDT
|A dangerous heat wave is building across the Central Gulf Coast, with heat index values expected to reach near 110 degrees by this weekend.",0.6833333333333333
Expert urges parents to watch for hidden summer health risks in children - The Peninsula Qatar,https://news.google.com/rss/articles/CBMivgFBVV95cUxNcE9VdFN2UUR2dkNyRnBTVmhPYS1vcjZXVlpvNmtuZG9nX0E4Qk5xZWpZZWdrcWRTTXMwS2tDR05SMTh3bWVqZmhRbE9GUU9KZGJMSy0za0p5THFwTmNfNEZDTkdKQU0yOFJfV3ZLZ1BmaXk0YjhWSUJWY3VCY2htbDhMMEF2MEp5b1VDN1Jmb3dfaDhmZGE1c3dINFdlRlpkWXFiU3lWYXRaQ3RKVkphczhmbGN5LWhjVW9rRWRR?oc=5,The Peninsula Qatar,2026-08-13T11:16:29+05:30,en,Andaman and Nicobar Islands,,"(heatstroke OR ""heat stroke"" OR sunstroke OR ""heat exhaustion"" OR ""heat-related death"" OR ""heat casualty"" OR ""heat fatality"" OR ""suspected heat death"" OR dehydration OR ""heat cramps"" OR ""heat illness"") Andaman and Nicobar Islands","Representational image
Doha, Qatar: As summer temperatures soar in Qatar, children can move from playing outdoors to becoming seriously unwell in a matter of minutes, with dehydration, heat exhaustion and heat stroke among the risks parents need to recognise early, according to Chair of Pediatric Medicine at Sidra Medicine, Dr. Ahmed Al Hammadi.
Children are particularly vulnerable to extreme heat because their bodies generate more heat during physical activity and are less efficient than adults at regulating body temperature. Infants and young children face an even greater risk because they depend on adults to ensure they remain hydrated, appropriately dressed and protected from prolonged heat exposure.
“The most common conditions we see include dehydration, heat cramps, heat exhaustion, and, in more severe cases, heat stroke,” Dr Al Hammadi told The Peninsula.
While most heat-related illnesses are preventable, he stressed that parents should not wait for children to complain of thirst before offering fluids. “The habit worth building is steady drinking throughout the day rather than waiting for thirst, because by the time a child feels thirsty, dehydration has already begun,” he said.
Early signs of dehydration include thirst, dry lips and mouth, reduced and darker urine, and low energy. In babies, parents may notice fewer wet nappies, while young children may become irritable or suddenly lose interest in eating and drinking. As dehydration worsens, children can develop lethargy, sunken eyes, few or no tears when crying and difficulty being roused.
One of the most important distinctions for parents is knowing the difference between heat exhaustion and potentially life-threatening heat stroke.
A child experiencing heat exhaustion will typically remain responsive but may be very thirsty, tired, dizzy or nauseated, with heavy sweating and cool, clammy skin.
Heat stroke is much more serious and occurs when the body loses its ability to regulate its temperature. Warning signs include confusion, unusual drowsiness, seizures or loss of consciousness. The child may stop sweating and develop hot, dry skin.
“My guidance is simple: if a child is confused or not behaving like themselves after time in the heat, treat it as an emergency immediately,” Dr Al Hammadi said.
Parents should seek medical attention if a child is unable to keep fluids down because of persistent vomiting, shows signs of moderate to severe dehydration, develops a persistent fever following heat exposure, or fails to improve after being moved to a cool environment and given fluids.
Emergency medical care is required without delay if a child becomes faint or extremely tired, is unusually sleepy or difficult to wake, becomes confused or loses coordination, develops a severe headache, breathes faster or deeper than normal, has a seizure or loses consciousness.
“At Sidra Medicine, we encourage parents to trust their instincts,” Dr Al Hammadi said. “If a child looks seriously unwell or is deteriorating despite home measures, it is always safer to seek help.”
Heat is not the only summer danger. Swimming pools, beaches and other bodies of water can present serious risks, particularly when children are not under direct adult supervision.
“A young child should never be alone in or near water even for a few seconds, and whether they can swim makes little difference to that rule,” Dr Al Hammadi said, stressing that drowning can happen silently and quickly.
He advised parents to ensure children swim only in designated areas with appropriate supervision. Properly fitted life jackets should be used when children are boating or taking part in water sports, while age-appropriate swimming lessons can form part of a broader approach to water safety. Inflatable toys, armbands and other flotation devices should never be treated as replacements for a life jacket or direct adult supervision.
Sun protection is another essential part of summer safety. For infants under six months, Dr Al Hammadi recommends relying on shade, protective clothing and hats rather than routine sunscreen use.
For children aged six months and older, he recommends a broad-spectrum, water-resistant sunscreen with SPF 30 or higher on exposed skin. Mineral-based formulations containing zinc oxide or titanium dioxide may be particularly suitable for children with sensitive skin.
Sunscreen should be applied 15 to 30 minutes before going outdoors and reapplied every two hours, as well as after swimming or heavy sweating.
However, sunscreen should complement rather than replace other protective measures such as shade and appropriate clothing.
“Hydration is not optional; sunscreen is not cosmetic, and supervision around water is not negotiable,” Dr Al Hammadi said.
He urged families to make fluids, shade, protective clothing and sunscreen part of their daily summer routine, while learning to recognise the early signs of dehydration, heat exhaustion and heat stroke.
“These are not small details; they are life-saving habits,” he said. “By practising them consistently, we can ensure that summer remains a season of play and growth, not of preventable tragedy.”",0.8
"Weather tomorrow: IMD predicts very heavy rain across several states; yellow alert in Kerala, Rajasthan - The Times of India",https://news.google.com/rss/articles/CBMigwJBVV95cUxPQzRSTTZkcTB1OGN5bGtjVGJDRmszLWpaOXl1aV9LbDBzY2JSMzhwZFdId21SaXQ4TzdOVWF0QUNXMG5yRTVlck9FV2x5Vkg0UjQ1WGZyc2lza1o2SThhRjN3ejdSN1ROcmF4a2RsZnNSdzJ6ZlowMXh2amEyaXZCd0pBWU5wbnNPcXBoMVVxMS1hY084ZHJVYTgwb0dMVFpJbFpMbVZObkZ3bGttdGhlSkhQbDN6RlI3dzdmWGRleVJibTlVeUxlbDNiOTh6SVdOaW1XaXRsVTU1dVNyU0NTczdxWkhXRWZYS2ZfWFhDWGk0bHoxVWJIRDEyd3NXLTZQX0k40gGIAkFVX3lxTE9OdTBpVFlTT2ZDeEJ2eUZlelNlMm82eGQ1TjVZdzdsQlVkb3N6ZmhnWFktemZDM29YSWUxbkpESFRQNF9lWmJTemh4V0JOdVhxSW9saW1udlZzMlZtWlNHOXVFd1VzbXJMMFR2ZmdEdVlCWmZfekNMOXhCek9ETWV2M0tEdXpSaEVCVjl4bzVCX1FwS1ZaYjROVTlyaENMcHlfWW1NS0syaFJ3ZjBjTUNickFpS1I5b185eWFWSmNuRUQ3QlZZSVd2NUFHa2VlV0hnSmgzWmFnWENtdWp5c2wwUHI3SmZBZ2p1cHZhcXBub2I4ZUpXdWg5bDNNbFBzODIzNkI4QXlKVQ?oc=5,The Times of India,2026-08-13T09:28:00+05:30,en,Andaman and Nicobar Islands,,"(""heat advisory"" OR ""heat action plan"" OR ""heat alert"" OR ""IMD warning"" OR ""IMD alert"" OR ""red alert"" OR ""orange alert"" OR ""yellow alert"" OR ""NDMA advisory"" OR ""cooling shelter"" OR ""relief measures"" OR ""heat compensation"" OR ""severe weather warning"") Andaman and Nicobar Islands","NEW DELHI: The India Meteorological Department (IMD) has forecast fairly widespread to widespread rainfall across several parts of the country on Friday, August 14, with heavy to very heavy rain likely over parts of north, central, eastern, northeastern and western India. Thunderstorms, lightning and gusty winds are also expected in several states.
Delhi-NCRRainfall activity is expected to increase over Delhi-NCR on August 14, with fairly widespread to widespread rain likely across Delhi, Haryana and Punjab. Heavy rainfall is also forecast over Haryana, Chandigarh and Delhi from August 14 to 19.
Haryana, Chandigarh and PunjabHaryana, Chandigarh and Punjab are likely to receive fairly widespread to widespread rainfall on August 14 and 15. Heavy rainfall is expected over the region from August 14 to 19.
Uttar PradeshEast Uttar Pradesh is likely to witness fairly widespread to widespread rainfall from August 14 to 19, with isolated heavy rainfall expected throughout the period. West Uttar Pradesh may also receive heavy rain from August 14 to 17. Thunderstorms and lightning are likely over Uttar Pradesh on August 14.
Himachal Pradesh, Jammu and Kashmir, UttarakhandFairly widespread to widespread rainfall is likely across Himachal Pradesh, Jammu and Kashmir, Ladakh and Uttarakhand.
Heavy rainfall is forecast over Jammu and Kashmir, Ladakh and adjoining areas from August 13 to 19. Himachal Pradesh may receive very heavy rainfall on August 14, while Uttarakhand is also likely to witness very heavy rain on August 14. Thunderstorms and lightning are expected over Uttarakhand.
RajasthanEast Rajasthan is likely to receive rainfall on August 14, with isolated heavy rainfall expected. Rainfall activity is likely to remain limited over other parts of Rajasthan.
The IMD said on Thursday that yellow and orange alerts have been issued for parts of southeastern and eastern Rajasthan, with heavy rainfall expected over the next 48 hours.
Madhya Pradesh and ChhattisgarhWest Madhya Pradesh is likely to receive fairly widespread to widespread rainfall on August 14, while East Madhya Pradesh and Chhattisgarh are expected to see widespread rainfall. Heavy rainfall is likely over East Madhya Pradesh on August 14, with very heavy rainfall forecast over the region during August 15-16.
Chhattisgarh is also expected to receive heavy to very heavy rainfall, with isolated very heavy rain likely on August 14. Thunderstorms and lightning are also expected over Chhattisgarh.
Bihar, Jharkhand and OdishaBihar is likely to see fairly widespread to widespread rainfall from August 14, with heavy rainfall expected from August 14 to 17.
Jharkhand is expected to receive widespread rainfall, with heavy rain likely on August 14. Very heavy rainfall is also possible at isolated places.
Odisha is likely to receive widespread rainfall on August 14, with heavy to very heavy rainfall expected. The state may continue to receive heavy rain through August 16.
West Bengal and SikkimSub-Himalayan West Bengal and Sikkim are likely to witness widespread rainfall on August 14, with heavy rain expected. Gangetic West Bengal may also receive heavy to very heavy rainfall, with very heavy rain likely at isolated places.
Thunderstorms, lightning and gusty winds are expected over Gangetic West Bengal, with wind speeds potentially reaching 40-50 kmph and gusting to 60 kmph.
Northeast IndiaRainfall activity is expected to remain strong across the Northeast. Arunachal Pradesh, Assam and Meghalaya and Nagaland, Manipur, Mizoram and Tripura are likely to receive fairly widespread to widespread rainfall.
Heavy rain is forecast over Arunachal Pradesh and Assam and Meghalaya on August 14. Nagaland, Manipur, Mizoram and Tripura may also receive heavy rainfall. Thunderstorms and lightning are likely across several parts of the region.
Maharashtra and GujaratKonkan and Goa are likely to receive widespread rainfall on August 14, with isolated heavy rain expected. Madhya Maharashtra is also likely to witness widespread rainfall, with isolated very heavy rainfall forecast on August 14.
Marathwada and Saurashtra and Kutch may receive scattered rainfall, while Gujarat is expected to continue seeing rainfall activity.
South IndiaCoastal
Karnataka and Kerala and Mahe are likely to receive fairly widespread to widespread rainfall on August 14. Coastal Andhra Pradesh, Rayalaseema, Telangana, Interior Karnataka and Tamil Nadu may see isolated to scattered showers.
Heavy rainfall is likely over Tamil Nadu, Puducherry and Karaikal and Kerala and Mahe on August 14.
Coastal Andhra Pradesh and Rayalaseema may witness thunderstorms, lightning and gusty winds, while Telangana is also likely to experience thunderstorms and gusty winds.
The IMD has issued a yellow alert for Pathanamthitta, Kottayam and Idukki in Kerala on Friday, warning of isolated heavy rainfall.
Weather OutlookThe IMD's Friday forecast points to active monsoon conditions across northern, central, eastern, northeastern and western India. Heavy to very heavy rainfall is likely over parts of Jammu and Kashmir, Himachal Pradesh, Uttarakhand, Uttar Pradesh, Madhya Pradesh, Chhattisgarh, Bihar, Odisha, West Bengal, the Northeast and Maharashtra. Thunderstorms, lightning and gusty winds are also expected over several parts of the country.",0.8333333333333333
"Heavy rain hits city, Red alert issued for two districts - millenniumpost.in",https://news.google.com/rss/articles/CBMioAFBVV95cUxNbV8zTHdvUHktWVRvZEZpSmNvMmo5VUlXNVRtZEV4eTZpUmdwVTVXWDlfVkhBcHBBYWZCeWp0WXRLMWhxajI5TnRzX3pyaGlQTzh2ZlV6LXZPTmJXcDdPbWdqbnl6TFk0UmpWNXpGZ2lIaUVyOWhSbmNBT0o1YTFyS0FuTXdrYW1zMThkWjE1WC1oOVFtTGFsZnJtN2wzQlJf0gGmAUFVX3lxTE9KaklScDd4MjJQdzFZVi1wZDhPZktZSXpfUEZ6TXRLb2prZTBJVlhIMm5UMWFkRENQQU5WVjNoVnlHY2pmT2kzZ3hWZzFhS1lTMm80RGRjNElaX2QyTWNISWRxTkJyaUl6WDEyM3J6MzhxdlZLTW5iaC1VczZXR3J1ZkFpMkZMUTNoUVNQSzhrcjJYTEVQVnRmX0dFQWI2R2NqSnhZY3c?oc=5,millenniumpost.in,2026-08-13T00:32:27+05:30,en,Andaman and Nicobar Islands,,"(""heat advisory"" OR ""heat action plan"" OR ""heat alert"" OR ""IMD warning"" OR ""IMD alert"" OR ""red alert"" OR ""orange alert"" OR ""yellow alert"" OR ""NDMA advisory"" OR ""cooling shelter"" OR ""relief measures"" OR ""heat compensation"" OR ""severe weather warning"") Andaman and Nicobar Islands","Heavy rain hits city, Red alert issued for two districts
Kolkata: Heavy rain lashed Kolkata and several districts of south Bengal on Wednesday afternoon under the influence of a low-pressure area over the north Bay of Bengal. The rain triggered waterlogging in several parts of the city and slowed traffic movement during the afternoon and evening hours. However, by Wednesday evening, most waterlogged stretches had been cleared and traffic gradually returned to normal.
According to the weather Department, the low-pressure area over the north Bay of Bengal off the West Bengal-Bangladesh coast is likely to intensify into a well-marked low-pressure area and subsequently concentrate into a depression. The system is expected to move northwestwards across the West Bengal and adjoining Bangladesh coasts during August 13-14.
The weather office has warned that the strengthening system is likely to bring heavy to very heavy rainfall across several districts of south Bengal on Thursday, with extremely heavy rainfall at one or two places in Bankura and West Midnapore. Red alert has been issued for these two districts.
Orange alert has been sounded for Purulia, Jhargram, East Midnapore, East and West Burdwan and Hooghly districts, where heavy to very heavy rainfall is expected. Kolkata, Howrah, North 24-Parganas and other districts are likely to receive heavy rain.
North Bengal is also expected to receive widespread light to moderate rain and thundershowers on Thursday. Heavy rainfall has been forecast at one or two places in Darjeeling, Kalimpong and Jalpaiguri districts, along with thunderstorms, lightning and gusty winds reaching 30-40 kmph. The IMD has warned that the depression could keep both south and north Bengal under a spell of widespread rain and thunderstorms on Thursday and Friday, with the possibility of fresh waterlogging in low-lying areas.",1.0
"209 roads blocked, orange alert in 3 Himachal districts for Friday | Hindustan Times - Hindustan Times",https://news.google.com/rss/articles/CBMi1wFBVV95cUxOcnlGeUFtSWlQS1NYeHhEdTF1RTB4WkRPRHFobFlhcm5JanBUMkZUX25PeExhWHZORFVVWDg1S0xqZ1VfeldaRkFEOUUzTmFHTWJqOG9TM0RZZjl1UUc3WlY5Y3BPamFxaXVHMGZCaE52S194UnE1OXk1QnpmYUpLVUxlMk9NbnlxWndjOEVWcmpmZFVqNGx3ZjQwb3BIOGtYQUNmcUkwTUxmcXVaT253TkRkRkZKZjVTX0NkZ0hMbVAwSGZoeGVuRFdQSnhGd3JuQlFENndBTdIB3AFBVV95cUxOLW9zQmcycXpHemV6cDBaWXpsLUU5TnhIWUg1ZGU0b212bUlXQ0I0cW9IVGJKdHYtdGtwYTZIVVVqeVBSVVFMMGo3Uk5rSURtX1BXbFlsWlVXSlNzMkxaWWtIdVhEZUU3eFdsYldVWjVlN1ExSlRKa05qS0NtRWM3VktmUFEwU2s4S25pX0hwUlk2R1FOU3JlSFB4ZVRiSVR2NUtKS0psTDhoeUdjMXV1eGFiVUZaN0Eyd2Y1eGVSZTBWV3FLXzdPMjI2YlZmSEpKQmhXa2I3YWM2UkJ3?oc=5,Hindustan Times,2026-08-13T08:10:00+05:30,en,Andaman and Nicobar Islands,,"(""heat advisory"" OR ""heat action plan"" OR ""heat alert"" OR ""IMD warning"" OR ""IMD alert"" OR ""red alert"" OR ""orange alert"" OR ""yellow alert"" OR ""NDMA advisory"" OR ""cooling shelter"" OR ""relief measures"" OR ""heat compensation"" OR ""severe weather warning"") Andaman and Nicobar Islands","209 roads blocked, orange alert in 3 Himachal districts for Friday
The weather office has also sounded a yellow alert of heavy rainfall for August 13 in Chamba, Kangra, Mandi and Sirmaur districts. For August 15, a yellow alert of heavy rainfall has been sounded in Una, Bilaspur, Kangra, Mandi, Solan and Sirmaur districts.
The India Meteorological Department (IMD), Shimla, has predicted heavy showers to continue in parts of the state in coming days, and has sounded an orange alert of heavy to very heavy rainfall for August 14 in Bilaspur, Kangra and Sirmaur districts.
The weather office has also sounded a yellow alert of heavy rainfall for August 13 in Chamba, Kangra, Mandi and Sirmaur districts. For August 15, a yellow alert of heavy rainfall has been sounded in Una, Bilaspur, Kangra, Mandi, Solan and Sirmaur districts.
IMD officials said that heavy showers are likely to continue in parts of the hill state till August 18. Thunderstorms, lightning and gusty winds (30-40 kmph) are likely at isolated places over low hills and mid hills during this period.
During the last 24 hours, light to moderate rain at most places and heavy rain at isolated places was observed over the state. The highest rainfall of 8 cm was recorded in Dhaulakuan Aws, followed by Jatton Barrage (7 cm), Dharamshala (6 cm), Palampur (5 cm), Paonta (5 cm), Nahan (3 cm), Sarahan (3 cm), Sujanpur Tira (2 cm), Dehra Gopipur (2 cm), Pachhad (1 cm), Murari Devi (1 cm), Bilaspur Sadar (1 cm), and Manali (1 cm).
As many as 209 roads remained blocked in the hill state on Wednesday, with 94 roads blocked in Mandi district alone, followed by 60 in Kullu district, 21 in Shimla district and 10 in Chamba district. Authorities said that 70 water supply schemes also remained disrupted in the state.",1.0
"200 roads blocked in Himachal; rain to continue, yellow alert in 4 districts - tribuneindia.com",https://news.google.com/rss/articles/CBMiugFBVV95cUxNX0R6YXZrZ2UzcUpicnZRYkFuNXI4X211YmY5UjZYRUhSeHJSa1RSTWtiVGR3US1Bakh1XzZvaGdINnh0QTBDS0FPb0lnazhOYm5QRjN3SmliSlNMSkJObVRNZzNiT0s0Xzc2TUFHQThfbUlwbms5Yk0zQ2J0aTF6bkdGRXJwcFpLdkpBTmFMUE9XWG9UeDVTeFJJd3pjTnIzQlUxc0JHdkQ5WFRsNDRiUXVvUW9mR19ZNHfSAb4BQVVfeXFMTi1nT0VwcUVPMmZQdTIzVTV5dnhqN19fZWFBdVN5QVk2OWRIUEEyNHNJTjgxMUozb2hUdnhBVHF4aWR2cnhMdDhKeENwYWpFVnQ4UVJoU0toVnRZeGUyVHpfeTNQdmZxaldEei1iUTF1UnlkYXpzRUM4U3gtay1BWG5KRjZvcl9FZWtnV0VXYnRNRVhvWTFLYXRIYWZaS3pHNlhWQ25ZbXR4cnlIUi13S2RwZVl1UWxyR3BqZ0FIZw?oc=5,tribuneindia.com,2026-08-13T11:23:10+05:30,en,Andaman and Nicobar Islands,,"(""heat advisory"" OR ""heat action plan"" OR ""heat alert"" OR ""IMD warning"" OR ""IMD alert"" OR ""red alert"" OR ""orange alert"" OR ""yellow alert"" OR ""NDMA advisory"" OR ""cooling shelter"" OR ""relief measures"" OR ""heat compensation"" OR ""severe weather warning"") Andaman and Nicobar Islands","200 roads blocked in Himachal; rain to continue, yellow alert in 4 districts
Around 45 transformers and 39 water supply schemes have also been disrupted following torrential rains
As many as 200 roads continue to remain blocked across Himachal Pradesh, while around 45 transformers and 39 water supply schemes have also been disrupted following torrential rains.
According to the State Emergency Operation Centre, Mandi has the highest number of blocked roads at 64, followed by Kullu (60), Shimla (32), Chamba (24), Sirmaur (6), Kangra (5), Una (4), Lahaul and Spiti (3) and Kinnaur (2).
Of the 45 disrupted transformers, 35 are in Sirmaur, six in Chamba, three in Shimla and one in Mandi.
Similarly, 39 water supply schemes remain disrupted, including 17 in Shimla, 13 in Chamba, seven in Mandi and two in Hamirpur.
Meanwhile, light to moderate rain is likely to continue at several places across the state today. The Meteorological Department has issued a yellow alert for Solan, Mandi, Sirmaur and Kinnaur districts. The weather is likely to remain dry in the rest of the state.",0.5166666666666666
"Odisha under red alert, IMD warns of heavy rain in Bengal, Jharkhand, Chhattisgarh - The Times of India",https://news.google.com/rss/articles/CBMi7wFBVV95cUxQUXBxdVU3TXdIdmRoclhjdUdhQzNMT0hZZDdwVG5wUzhaX2RaMFpaaWhQeTFLeUdBTjdUNWZxS29hWk5yUTdpbnNvSkI1RlFIM3VlOUJjU1A2Q1FqR1B5bVJJZ2xXS0hqZW9TTzA4RjNfLU1KV1NjRERFSF9YaU9Ic001OXY5aEY1RjYtY05YUzJyUWMyRzRVLUkzcHJ2M09XUTZFMmxQYmRDY3k3OWN3U0YtNjlSVTU5RDVTVThEQlBTSjEtWlpHeWMxV0s2SVJLbU45ZmJray10S0l1Q0JWQ0llZi1WNVFrV19XdXZXUdIB9AFBVV95cUxObmVGM0tqb2lDTGliYlFsN2JRd1IwZndidXVwZDZ3SkxmYWxINy14NFhvNGQ0RW5fM3pRcE5wUkR4S2ZUVEFOSUlIZEhNdzRUSU95b0ZTQy1TX1hndXYzRWFzNmJQZk85V2dZZVVUWEJaOHlIUVMxZEFYdHBEc0U0WE55c1I5Mm9xTXg3TlprV25vaW9RdlVZSjhrUjd3WUxuYXZZa0VLYmdyTEhKTHBvRGNmWnVvSUFnYnlZTFdxRDN4QXh0cHhEVUlxenVwUVVObnQ5VXhuOG1vU0hITTY0Y25ENjBSUTNSZmZISTh4Y09UeVNI?oc=5,The Times of India,2026-08-13T12:49:00+05:30,en,Andaman and Nicobar Islands,,"(""heat advisory"" OR ""heat action plan"" OR ""heat alert"" OR ""IMD warning"" OR ""IMD alert"" OR ""red alert"" OR ""orange alert"" OR ""yellow alert"" OR ""NDMA advisory"" OR ""cooling shelter"" OR ""relief measures"" OR ""heat compensation"" OR ""severe weather warning"") Andaman and Nicobar Islands","BHUBANESWAR: Heavy rain lashed several parts of Odisha over the past 24 hours as a low-pressure area over the Bay of Bengal became well-marked, the India Meteorological Department (IMD) said on Thursday.
The weather agency issued a red warning for Odisha, forecasting very heavy to extremely heavy rainfall across several parts of the state.
The national weather agency in its morning message said, ""The well-marked low-pressure area over North Bay of Bengal and adjoining Bangladesh-West Bengal coast moved northwestwards. It is likely to continue to move northwestwards across Gangetic West Bengal towards Jharkhand and may concentrate into a depression during the next 12 hours.""
A depression is a weather system that is stronger than a low-pressure area but less intense than a tropical cyclone.
While issuing a red warning for very heavy to extremely heavy rainfall in Odisha on Thursday, the IMD said Gangetic West Bengal, Chhattisgarh and Jharkhand were also likely to be affected by the ongoing wet spell triggered by the low-pressure system over the Bay of Bengal.
In view of the weather conditions, the IMD advised fishermen not to venture into the North Bay of Bengal and along the Odisha-West Bengal-Bangladesh coast until August 14.
According to the Meteorological Centre, Bhubaneswar, Bhograi in Balasore district recorded the highest rainfall of 236 mm, followed by 230 mm at Shyamakhuntam, 215 mm at Baripada in Mayurbhanj district and 204 mm at Rajghat in Balasore district.
According to news agency PTI, Balasore town recorded 137 mm of rainfall by 5.30 am on Thursday, the highest in the state during the period.
Reports of very heavy rainfall were also received from the Similipal Hills in Mayurbhanj district.
The heavy rains in Mayurbhanj have led to a rise in the water levels of the Budhabalanga and Jalaka rivers in Balasore district. A large part of Balasore town is also experiencing waterlogging, an official said.
Meanwhile, in the wake of the heavy rainfall since last night, the authorities declared the closure of all educational institutions in Mayurbhanj district on Thursday.
A district administration notification directed all headmasters, headmistresses, principals and teachers to report to their respective schools as usual and inform students and their parents or guardians about the closure through available communication channels, including class WhatsApp groups, phone calls and SMS.
The Meteorological Centre, Bhubaneswar, said winds along the Odisha coast could reach 30-40 kmph under the influence of the low-pressure system.
Residents have been advised to remain alert during thunderstorms and lightning and follow weather advisories issued by the authorities.
(With agency inputs)",0.8333333333333333
"First Alert Weather: Heat Advisory Lifted, But Hot Stretch Continues in Our Backyard; Tracking the Tropics - ABC7 WWSB",https://news.google.com/rss/articles/CBMiywFBVV95cUxQM3VMMVhQOHZhTE1BcEhqQVFYT2JSUEFsbTRNTXY3V0FoMGVjWmRjWnlDYXZKQlBYNGxtei1aMjV5dFFTaUVZR1ozNk9udjlhS002SlJxbk9OLXU4Y2RUXzgyTWUtLUxTbkY0alF2cUwzMlljcHFnd1lNN1JELTRfaGpWSDQyaGRoeVBoR090ME5naTBSRFRaZDU3Q3BJSTFTU0FQb3NaSjdoSlhfVFVkdjlIaEJuTW41TUJJVGdaYmx3YmVDQ0E2RU04NNIB3wFBVV95cUxPcVVjVlB4VE5GeFp6YnRYZklvU3pfd3dZZEt2aUJkaGxnUVYzMWRoeGpXcmVjZ3FKZkU4MmpRUjFLUXMxUzZ2QmlTd0R2bFlhdm1qZTgtZkY5MGhacGI0Y002T2ZYODd6MnpEaFN1UlVHcEVrQ2RyekxYaVlNTldUZ0kxcTFKcFE2bDYxQ3V1bC1OTVVGODduRHVGQVhjY2xtQ0dHcWZSeWtlYWlLNEppci1RU1NLWGRpV0xYUldCUUM3YkEzRWpxUmNRTzNpLXppVFBfNDg4LVFFNVJnR2dV?oc=5,ABC7 WWSB,2026-08-13T06:25:00+05:30,en,Andaman and Nicobar Islands,,"(""heat advisory"" OR ""heat action plan"" OR ""heat alert"" OR ""IMD warning"" OR ""IMD alert"" OR ""red alert"" OR ""orange alert"" OR ""yellow alert"" OR ""NDMA advisory"" OR ""cooling shelter"" OR ""relief measures"" OR ""heat compensation"" OR ""severe weather warning"") Andaman and Nicobar Islands","SARASOTA, Fla. (WWSB) — While the official Heat Advisory has been lifted for Sarasota and Manatee counties, the summer sizzle is far from over in our backyard. The First Alert Weather Team is tracking a continuation of well-above-normal temperatures, a brief window for rain, and developing tropical activity out in the Atlantic.
Here is what you need to know to stay ahead of the weather.
1. The Immediate Outlook: Hot, Humid, and Hazy
Even without an active advisory, high pressure and dry air parked directly over our region are keeping conditions extremely hot.
- Wednesday Night: Expect a warm, muggy night with overnight lows settling around a sticky 79 degrees.
- Thursday: Prepare for a hot, humid, and hazy afternoon. Highs will soar into the mid-90s, well above our seasonal normal of 91 degrees.
- First Alert Safety Tip: With humidity factored in, feels-like temperatures will remain high. Remember to stay hydrated, take frequent breaks in the shade if working outdoors, and check on neighbors and pets.
2. Friday Brings Our Best Chance for Rain
If you are looking for relief from the dry heat, Friday afternoon is your best bet.
We are tracking a brief pattern shift that will bring showers and thunderstorms back to the area during the afternoon and evening hours.
- Where: The highest storm chances will be concentrated inland, while coastal spots in Sarasota and Manatee will see more limited coverage.
- The Weekend Ahead: Enjoy the rain while it lasts, because a hot and dry pattern returns quickly on Saturday. Highs will bounce right back to near 94 degrees, with Saturday morning starting in the upper 70s and hitting 90 degrees by noon.
3. Marine Forecast: Smooth Sailing for Boaters
If you are planning to get out on the water, Thursday looks like a great day to do so. Boaters in Sarasota and Manatee counties can expect a light chop with no significant hazards or issues on our local coastal waters.
4. Tracking the Tropics: Activity Rising, But No Threat to Land
We are also keeping a close eye on the Atlantic basin as tropical activity begins to pick up. The important news first: There are currently no active tropical threats to Florida or the U.S. mainland.
Here is what our First Alert Weather Team is monitoring more than 2,000 miles away:
- Tropical Storm Cristobal: Currently active but facing hostile conditions. It is expected to dissipate within the next 12 hours, leaving behind a weak tropical low in the open Atlantic.
- Area of Interest (Potential Dolly): A second system has an 80% chance of development over the next few days. However, a strong El Niño pattern in the Caribbean is expected to disrupt and weaken this system as it moves west.
- A Third Disturbance: A wave tracking behind the second system is also showing early signs of development, but remains far out in the eastern Atlantic.
Stay with WWSB ABC7 and the First Alert Weather Team on-air, online, and in our mobile app for the latest local updates and radar tracking.
Copyright 2026 WWSB. All rights reserved.",0.8333333333333333
"Colombia Declares 'Economic Emergency' After Deadly Earthquake, Announces Relief Measures - Outlook India",https://news.google.com/rss/articles/CBMiyAFBVV95cUxNZ3VfTWpzZGFmWjhFUjZCbTJRY3Y2bThaUFRzODR4YmgwcTZQNm5HYVQyUlFkN3AtOE1kRDdDazcxdDRJOHhqU0dxUC1LZzc1RVdiMzhqbTVoZ2JvcnpPclNmU3hkRzczeWF6MXlUUE1xRFdyTE5nWVlqLW5BSTk3LWg1SVZSQktDOWNjNEZnLWZVT2Nwb180THZjNnNqd2NocEtHbVctVXpnQzBHQmlZSHlsUHI5ZUtyQ3E2NWY1SHdQWnE5UHhvU9IB1gFBVV95cUxPLXNpTHlkTFh0QUlULUdSWnhwc2VOSlB2OEd5ZGZLcldfYVppZ2dlLVA2cWQzellvQXF2MDR1VERyX3pCTlNOU2ZfSWoxSURJLTNpSm5RR1Q1RXc4clVsOGszX1gtbFdRZC1mSWJ5a0RDSnVWdHl3Z19rRVpOSWVjeEVJZkJBQW84RWFKblFtX0JuMnc1Z2kzdEo4ODNVS3llcEcxSTd1N0tNdlY0Ulg2MVQxNnFIYVM1cVotQnYzTnRIRWNFaHJqUmQ5b0doZXNibGJKeUR3?oc=5,Outlook India,2026-08-13T11:58:56+05:30,en,Andaman and Nicobar Islands,,"(""heat advisory"" OR ""heat action plan"" OR ""heat alert"" OR ""IMD warning"" OR ""IMD alert"" OR ""red alert"" OR ""orange alert"" OR ""yellow alert"" OR ""NDMA advisory"" OR ""cooling shelter"" OR ""relief measures"" OR ""heat compensation"" OR ""severe weather warning"") Andaman and Nicobar Islands","Colombia President Abelardo De La Espriella declared an economic emergency following the devastating earthquake and announced relief measures for affected families.
The government will provide utility payment relief, rental subsidies, tax and financial assistance, while a new Milagro Fund will support reconstruction.
International aid and rescue teams are arriving as the death toll rises and search-and-rescue operations continue across affected areas.
Colombian President Abelardo De La Espriella declared an economic emergency on Thursday following the devastating earthquake that killed hundreds and left thousands missing, announcing a series of relief and reconstruction measures for affected communities.
However, according to CNN, Colombia began receiving international aid and rescuers after initially refusing some offers in the crucial hours following Monday’s devastating earthquake. As per Reuters, the death toll has now risen to 265.
What Relief Measures Has Colombia Announced?
Espriella announced the economic emergency to take measures that would assist the affected families. “We will implement temporary reliefs on public utility payments, rental subsidies for those who lost their homes, tax and financial reliefs, economic support for the most vulnerable families, and backup mechanisms for affected merchants and small business owners,” he said.
He also announced about the creation of Milagro Fund, which will channel national and international resources for the reconstruction of hospitals, educational centers, housing, roads, airports, and other affected infrastructure.
The government announced they will adopt measures to reactivate the economy, stimulate investment, and generate employment in the hardest-hit territories.
Why Did Colombia Declare An Economic Emergency?
After the 7.4 magnitude earthquake struck the nation, at least 250 people were reported dead, and many more injured. Espriella's broader message said his priority is to reduce the burden on affected people, rebuild damaged infrastructure and restore normalcy.
Leaders across the Americas had offered support immediately after the earthquake struck. But Colombia either turned some of them down or limited how they would help, as per CNN. This came withing the critical window of 72 hours for rescuing survivors trapped underneath buildings. Several countries and organisations said they had not received a request for aid from Colombian authorities.
Spokesperson for the UN Office for the Coordination of Humanitarian Affairs, Jens Laerke, told CNN, “If that happens, the United Nations system and humanitarian actors are prepared to provide all the support we can.”
Meanwhile, the Trump Administration has mobilized an immediate response following the devastating earthquake. The Department of State announced $15.5 million in life-saving emergency shelter, food, and protection assistance, in addition to post-earthquake structural assessments.
The Department also activated a Disaster Assistance Response Team (DART), which includes humanitarian experts from across the State Department.
Locals and officials in Colombia have begun a massive search and rescue effort to find survivors. The United States Geological Survey said the magnitude 7.4 earthquake occurred primarily due to strike-slip faulting at a depth of approximately 110 kilometres.
In simple terms, a strike-slip earthquake occurs when two blocks of Earth’s crust slide horizontally past one another, rather than moving up or down.",0.5166666666666666
Tracking storms: Heat Advisory continues as thunderstorms sweep across the area - News4JAX,https://news.google.com/rss/articles/CBMiyAFBVV95cUxNMmREWDBCb3pZNU81dEJfWEMtRmxNQkNQU2o1U0JuWFFzMnpLb3VFTVl6VnRrZ0RpN0Y1RVA0SXlMMC0teTRydGxTNklkZWxHaW1EbnItNGZmODJHcnlnLU5rNDA3NUhPOVFjY1llbEgwbWUwYzliYnBiUE5LTlZhTU5wS1Y4UnRYLUtoZGlldXItckxJbk5adV9GMEJ6cXVyS19pSFU2TDgtT180WXpPcGF2bXNnUk1rQl96SXNYeGp6SmRkejRmUQ?oc=5,News4JAX,2026-08-13T01:54:59+05:30,en,Andaman and Nicobar Islands,,"(""heat advisory"" OR ""heat action plan"" OR ""heat alert"" OR ""IMD warning"" OR ""IMD alert"" OR ""red alert"" OR ""orange alert"" OR ""yellow alert"" OR ""NDMA advisory"" OR ""cooling shelter"" OR ""relief measures"" OR ""heat compensation"" OR ""severe weather warning"") Andaman and Nicobar Islands","WEATHER
Tracking storms: Heat Advisory continues as thunderstorms sweep across the area
Weather
Weather",0.8333333333333333
Heat advisory issued Wednesday; More storms on the way - gulfcoastnewsnow.com,https://news.google.com/rss/articles/CBMitAFBVV95cUxPbGM2RWVPRFZiZTlFcC1PN05kTWx0clJnNnZWUG9sX2J3SUhCc2hTMWdOMjJjWmlTdldoeUxxWmFjLTFSRThNSnJxZ29vY281WUtOSi10NzdjMU5OcGRWRjk4cGVZdXJfRm1qTERtOXdqdVFLZWUyenlNQVpYYnd5b25ZdkpHM3JhQUVOenN6SnlsNl9nM09YTk04SnBtUjl5RzlHYVBSQ2dBNXlyaXk1YlRTWXE?oc=5,gulfcoastnewsnow.com,2026-08-13T01:31:00+05:30,en,Andaman and Nicobar Islands,,"(""heat advisory"" OR ""heat action plan"" OR ""heat alert"" OR ""IMD warning"" OR ""IMD alert"" OR ""red alert"" OR ""orange alert"" OR ""yellow alert"" OR ""NDMA advisory"" OR ""cooling shelter"" OR ""relief measures"" OR ""heat compensation"" OR ""severe weather warning"") Andaman and Nicobar Islands","Heat advisory issued Wednesday; More storms on the way
By the late afternoon, it will feel as hot as 105 to 110 degrees across the Gulf Coast.
By the late afternoon, it will feel as hot as 105 to 110 degrees across the Gulf Coast.
We're in store for another scorcher of a Wednesday. Your Gulf Coast Weather Most Accurate Forecast says a heat advisory has been issued for the entire region again as feels-like temperatures will reach the triple digits.
Be sure to stay hydrated, wear lightweight clothing and consider limiting outdoor workouts. Highs will reach the mid 90s, though we'll see slightly higher storm coverage today. Scattered storms will target coastal communities for the late afternoon and evening.
Rain chances will gradually increase through the rest of the week. By Sunday, drier air will briefly return to the region. Highs will remain in the mid-90s over the next week.
In the tropics, there are two areas of interest outlined by the NHC as well as Tropical Storm Cristobal. For the latest, click here.
However you watch or scroll, we're committed to delivering your Gulf Coast Weather Most Accurate Forecast, one you can rely on every day, wherever you are.
Live Interactive Radar: Track conditions in real time with the Gulf Coast Live Radar.
Watch Gulf Coast Weather: Find the latest weather forecast videos, streaming live or on demand, on TV and online.
Stream on the Go: Download the free Gulf Coast News app to watch on your phone or tablet.
Your Gulf Coast Weather Team
Follow on Social: Follow, like, and subscribe to Gulf Coast News on social media to share your tips and be part of the conversation with Southwest Florida's most experienced, trusted weather team: Facebook | Instagram | YouTube | TikTok | Threads | Bluesky | Nextdoor | X
DOWNLOAD the free Gulf Coast News app for your latest breaking news and weather alerts. And check out the Very Local Gulf Coast app to stream news, entertainment, and original programming on your TV.",1.0
PSG chief breaks silence after Bradley Barcola snub as Liverpool on red alert for transfer - Liverpool Echo,https://news.google.com/rss/articles/CBMirAFBVV95cUxPWnJvTE16S2U4ZWg5YzBHMG5LdHBaZ0g5bF9HYklfU3ZHS180aWxvNWgySngxb2JDbkZjNWpKVllBQmg4VlVKcWNsZFM4MHN3cXBNUWVUa3ctcVlreE5PN3J5aUF3ZDJKR2ZRRlpWbDFXNWlTQ1FaQzFpVzlEa1dzTnphSC1CcDJuVlNLTWZSUmZmUkFPTVNiN2JDWkdsbkkxT1ZjYnp2ZHFuVUVK0gGyAUFVX3lxTE5JVGc5NHpCekdQNFhrTi1OUHdPZF9rMzg0MnI1cTVKM0lFeDhHZ1FEbEQzZ0xDa0xlTDlfNlFtMlZpbUZnekpjSzFJcFQzdmMwcGl1UTRCTkdlR1FfODdzakxnbzNPdU1kNTNKbGd6aUlBd0NRV3dyZXZwNWcxNElGN3gxUC0ybGRkR2JSZGJsYmRVbXJXek1jMzdNeFF5NnhNRGx1dnh6ck5uX3lTdEhqR1E?oc=5,Liverpool Echo,2026-08-13T12:09:00+05:30,en,Andaman and Nicobar Islands,,"(""heat advisory"" OR ""heat action plan"" OR ""heat alert"" OR ""IMD warning"" OR ""IMD alert"" OR ""red alert"" OR ""orange alert"" OR ""yellow alert"" OR ""NDMA advisory"" OR ""cooling shelter"" OR ""relief measures"" OR ""heat compensation"" OR ""severe weather warning"") Andaman and Nicobar Islands","JavaScript is disabled
In order to continue, we need to verify that you're not a robot. This requires JavaScript. Enable JavaScript and then reload the page.",0.5166666666666666
