title,url,source,date,language,state,district,search_term,full_text,relevance_score
"भीषण गर्मी के बाद राहत की बारिश, मौसम सुहावना - Prabhat Khabar",https://news.google.com/rss/articles/CBMitgFBVV95cUxNa2hRdjhLM1NRbmhhaXpQSFV4Xy1WMi0tcjYxTzZPSnI0bGVHN1BXQ3B4SlJRMk1CU1I2NzVza1o4bHZoUF9zWGJfbFNidmZFbW55MzRIZTRPWHdFdlBITnE0cExJMlJCbXdRa3A3b3k3QnlCUkFYUlhuX1hfVHdlenlQZFBfbXJENkhIZkE0b3lKeDJVRkNpZ0kyUnkxSVlmTzhYNE5OMFJrRXRnRDdaZG5McEtLQdIBuwFBVV95cUxOSlBZRFFyTThqQ1llZUdfbENZbXd3WXBsaHBVdGpLZWt1WkotY2lfVUdrU1FUNzliSUpTRW56cWxHWFRlS19TTWJOZ1RXUUkzczRJVkZXNHVKdzZDdFRYRWxpMXZpM0M5ZzFIX2NGNFFETWRQTmJUNFBjdF91eVhrYlZ3V1FmOU0xME9aOTB3MXN1S2RYZlFVQkZPYy1sUFNkcEtJT0pFTXdNM29LSkZtZmlENkJ3S204amZ3?oc=5,Prabhat Khabar,2026-07-27T11:47:06+05:30,hi,Andaman and Nicobar Islands,,"(लू OR ""लू चलना"" OR ""भीषण गर्मी"" OR ""प्रचंड गर्मी"" OR ""कड़ी धूप"" OR ""तेज धूप"" OR ""गर्म हवा"" OR ""उष्ण लहर"" OR ""ताप लहर"" OR ""हीट वेव"" OR ""झुलसाने वाली गर्मी"" OR ""तपती गर्मी"" OR ""भयंकर गर्मी"" OR ""गर्मी का कहर"" OR ""गर्मी का प्रकोप"" OR ""अत्यधिक गर्मी"" OR मौसम OR ""मौसम अपडेट"" OR ""मौसम का हाल"" OR ""मौसम पूर्वानुमान"" OR ""मौसम अलर्ट"" OR आईएमडी OR ""आईएमडी पूर्वानुमान"" OR ""आईएमडी अलर्ट"" OR ""तापमान में बढ़ोतरी"" OR ""गर्मी से राहत"" OR ""गर्मी से निजात"") Andaman and Nicobar Islands","चार दिनों की भीषण गर्मी और उमस के बाद राहत की बारिश, सुहावना हुआ मौसम
Ai Image
अररिया जिले के रानीगंज प्रखंड क्षेत्र में पिछले चार दिनों से जारी भीषण गर्मी और चिलचिलाती धूप से परेशान लोगों को सोमवार सुबह आखिरकार बड़ी राहत मिली. सोमवार की अलसुबह मौसम ने अचानक करवट ली और गरज-चमक के साथ हुई बारिश ने मौसम को सुहावना बना दिया. बारिश के बाद तापमान में आई गिरावट से स्थानीय लोगों को उमस भरी गर्मी से निजात मिली है.
अररिया जिले के रानीगंज प्रखंड क्षेत्र में पिछले चार दिनों से जारी भीषण गर्मी और चिलचिलाती धूप से परेशान लोगों को सोमवार सुबह आखिरकार बड़ी राहत मिली. सोमवार की अलसुबह मौसम ने अचानक करवट ली और गरज-चमक के साथ हुई बारिश ने मौसम को सुहावना बना दिया. बारिश के बाद तापमान में आई गिरावट से स्थानीय लोगों को उमस भरी गर्मी से निजात मिली है.
चार दिनों की तपन ने उड़ा दी थी रातों की नींद
रानीगंज प्रखंड और आसपास के इलाकों में बीते चार दिनों से स्थिति काफी विकट बनी हुई थी:
- घर से निकलना हुआ था मुश्किल: सुबह से ही कड़क धूप निकल आने के कारण दोपहर में सड़कों और बाजारों में सन्नाटा पसर जाता था.
- उमस से बेहाल थे लोग: तेज धूप और हवा में बढ़ी नमी (Humidity) के कारण लोगों का रात में भी चैन से सोना दुश्वार हो गया था. अचानक बढ़े तापमान ने क्षेत्रवासियों को भीषण गर्मी का अहसास करा दिया था.
सोमवार सुबह हुई बारिश से सुहाना हुआ मौसम
सोमवार की सुबह आसमान में काले बादलों ने डेरा डाला और झमाझम बारिश शुरू हो गई:
- तापमान में गिरावट: बारिश होने से हवा में ठंडक घुल गई, जिससे पिछले चार दिनों से तप रहे इलाकों में लोगों ने राहत की सांस ली.
- जनजीवन को मिली राहत: सुबह-सुबह हुई इस वर्षा से मौसम खुशनुमा हो गया. मॉर्निंग वॉक पर निकले लोगों और जरूरी काम से घर से बाहर जाने वाले नागरिकों को इस सुहावने मौसम से काफी सहूलियत महसूस हुई.
प्रभात खबर डिजिटल टॉप स्टोरी
रविंद्र यादव प्रिंट माध्यम में 08 वर्षों से और डिजिटल माध्यम में पिछले 3 सालों से पत्रकारिता में एक्टिव हैं. रानीगंज (अररिया) क्षेत्र में काम कर रहे हैं. सामाजिक कार्यों, शिक्षा, राजनीति व खेल में रुचि रखते हैं.
Prabhat Khabar App :
देश, एजुकेशन, मनोरंजन, बिजनेस अपडेट, धर्म, क्रिकेट, राशिफल की ताजा खबरें पढ़ें यहां. रोजाना की ब्रेकिंग हिंदी न्यूज और लाइव न्यूज कवरेज के लिए डाउनलोड करिए",1.0
"अमृतसर में दो दिन से बिजली गुल, गर्मी से बेहाल लोगों ने सड़क पर लगाया जाम - Amar Ujala",https://news.google.com/rss/articles/CBMi5wFBVV95cUxPaHZ6Si1EWlFuTGlxNVJSWUZ2UTZFX05ydVRvNWxaQzZPdElQdjJjdEVrcDI5MEw2ZXVYckJ4VDdNNGhFSXU3VUp6YzIzd0Qtb3ZrZEdla1hTdmRVMVJEWUFIRGJHQ055dDlIbkwyZ1JCQXd4VENCMU5vTmo5b3FERkJ0bDZ6UXZ6RkdIN1RmQVlDWWRFN00xOXcxRG9IeUJiUUxiaHl1aGg3VWNCOFowSVhxOFF4Y0lOS21JZVl0bFdpV0NfM0RYZUg2QVh0SUR1UmJXUU9uZGdCY2lFdGZBTWxDNGdUSXfSAewBQVVfeXFMTS04dEFhamVvSnE4OFpaYUl2MjZ3dE13NDdXekFLUmdRMkFtWC1Zc0t1RnV4MmtnWFpKZF83VjVrLTAtVTdZVGkwWGd1UWx5MEFvVWNfckE0RFFjRUVLeVRIbzdNODduVWwtUWN4aFZIM1dNVmFnYVZPd0FhNXQ1dUswcDR3Y0Zvdk5wZVhxZ3B5OFRoZnFSVVZiLWJPSVdSbkIwdnpHNVJGRG83RW5RZFNmVEFTLUhFaER4cV9YdFhTc3hOYjRPUzNUNHNvMDRyUTdyTnV2dHgwMnk0clVZNkxUZldRdmE1SVA3T1E?oc=5,Amar Ujala,2026-07-27T09:06:48+05:30,hi,Andaman and Nicobar Islands,,"(सूर्याघात OR तापाघात OR ""लू लगना"" OR ""लू से मौत"" OR ""गर्मी से मौत"" OR ""हीट स्ट्रोक"" OR ""सन स्ट्रोक"" OR ""लू से मरे"" OR निर्जलीकरण OR डिहाइड्रेशन OR ""अस्पताल में भर्ती"" OR ""गर्मी से बेहाल"" OR ""गर्मी से त्राहि-त्राहि"") Andaman and Nicobar Islands","Hindi News
›
Video
›
Punjab
›
Amritsar News
›
Power outage in Amritsar for two days; residents, distressed by the heat, blocked the road.
{""_id"":""6a66d250eba8bedaf203164e"",""slug"":""video-power-outage-in-amritsar-for-two-days-residents-distressed-by-the-heat-blocked-the-road-2026-07-27"",""type"":""video"",""status"":""publish"",""title_hn"":""अमृतसर में दो दिन से बिजली गुल, गर्मी से बेहाल लोगों ने सड़क पर लगाया जाम"",""category"":{""title"":""City & states"",""title_hn"":""शहर और राज्य"",""slug"":""city-and-states""}}
अमृतसर में दो दिन से बिजली गुल, गर्मी से बेहाल लोगों ने सड़क पर लगाया जाम
भीषण गर्मी के बीच लगातार बिजली कटौती से परेशान लोगों का गुस्सा रविवार को फूट पड़ा। जोड़ा फाटक, मोहकमपुरा चौक, रसूलपुर कल्लर और कृष्णा नगर समेत कई इलाकों में करीब दो दिन से बिजली आपूर्ति ठप रहने के विरोध में लोग सड़क पर उतर आए और मोहकमपुरा चौक के पास धरना देकर प्रदर्शन किया। प्रदर्शन के दौरान हल्का पूर्वी से कांग्रेस नेता व पूर्व इम्प्रूवमेंट ट्रस्ट चेयरमैन दिनेश बस्सी अपने बेटे वंश बस्सी और पार्षद छिंदर बिड़लान के साथ लोगों के बीच धरने पर बैठ गए।
प्रदर्शनकारियों ने बिजली विभाग और पंजाब सरकार के खिलाफ नारेबाजी करते हुए आरोप लगाया कि क्षेत्र की विधायक जीवनजोत कौर ने उनकी समस्याओं की अनदेखी की। लोगों का कहना था कि शनिवार रात से बिजली बंद है, जिससे पानी की आपूर्ति भी प्रभावित हो गई है। भीषण गर्मी में बच्चों, बुजुर्गों और महिलाओं को सबसे अधिक परेशानी झेलनी पड़ रही है।
स्थानीय निवासी साहिल, प्रिंस और गुरदेव सिंह ने कहा कि मजबूरी में उन्हें सड़क पर उतरना पड़ा है। उन्होंने चेतावनी दी कि बिजली बहाल होने तक धरना जारी रहेगा। दिनेश बस्सी ने कहा कि वह जनता के साथ हैं और जब तक लोग धरने पर बैठे रहेंगे, वह भी वहीं रहेंगे। वहीं पार्षद छिंदर बिड़लान ने आम आदमी पार्टी सरकार पर लोगों की समस्याओं की अनदेखी करने का आरोप लगाया।
सूचना मिलने पर थाना प्रभारी मौके पर पहुंचे और प्रदर्शनकारियों को समझाकर धरना समाप्त कराने का प्रयास किया। उन्होंने जल्द बिजली आपूर्ति बहाल कराने का आश्वासन दिया, लेकिन लोगों ने स्पष्ट कर दिया कि बिजली आने तक उनका प्रदर्शन जारी रहेगा।
एड फ्री अनुभव के लिए अमर उजाला प्रीमियम सब्सक्राइब करें
अमर उजाला प्रीमियम वीडियो सिर्फ सब्सक्राइबर्स के लिए उपलब्ध है
प्रीमियम वीडियो
सभी विशेष आलेख
फ्री इ-पेपर
सब्सक्राइब करें
Next Article
Disclaimer
हम डाटा संग्रह टूल्स, जैसे की कुकीज के माध्यम से आपकी जानकारी एकत्र करते हैं ताकि आपको बेहतर और व्यक्तिगत अनुभव प्रदान कर सकें और लक्षित विज्ञापन पेश कर सकें। अगर आप साइन-अप करते हैं, तो हम आपका ईमेल पता, फोन नंबर और अन्य विवरण पूरी तरह सुरक्षित तरीके से स्टोर करते हैं। आप कुकीज नीति पृष्ठ से अपनी कुकीज हटा सकते है और रजिस्टर्ड यूजर अपने प्रोफाइल पेज से अपना व्यक्तिगत डाटा हटा या एक्सपोर्ट कर सकते हैं। हमारी Cookies Policy, Privacy Policy और Terms & Conditions के बारे में पढ़ें और अपनी सहमति देने के लिए Agree पर क्लिक करें।",1.0
Mirzapur News: 24 घंटे में एक डिग्री सेल्सियस बढ़ा तापमान - Amar Ujala,https://news.google.com/rss/articles/CBMi4gFBVV95cUxPZ25yU1dsLVJtcy1EdFZhVWhQZWZoZXNTWWQwWHdwM1NLR3N5WnpxQlRTSDM4bzVBYWpkckItM193azVkNFRSUEhnbGpQR0RQcElWYnFHcTRoX1F1d3Bvb3hIOURiMnRaSnQtUTIyTk9vOURPLU5GOUhFUklaYVpJWnEtMXZ3c2hhaDFaUEtxd0MzNEFuYlQ1UG9ONFJsdjNyajU2QnRZVHhTbHlwSXVQeGd0WnpYWkRYOG9nYi1ZNmhYZlJWQ3BEZk5Fd1BKcTFmTW1PZ2xzV05pMC02cXQxSGN30gHnAUFVX3lxTE9rWkVVUEtiaHZUOVh0UDAyX3F2X3l0djdhdUxsaE81UW4tcmpFT0pWdDMtajU5aXg4MjVCbGlyYnZiMGVkbVNYdlBQYjNOUnNrRnVJdzNBR082eF9aUUNoeDFtSE1NYUpiaWY2QW5uMG0ySy1tTHhRUEdRTWhhUXk1WVpCZjNvSkJSSmFoOXpJREVxZ2pmcUdTOG44UXZkQXFWQTlQcW1HemN0QXVUcU04TnRMbGpObjJELTRoSlVHNFMxSU4tNnpVd3JCNGJOQVBza3J1Wi14M1NMUHNseTBtZW10RmE0Zw?oc=5,Amar Ujala,2026-07-27T01:20:48+05:30,hi,Andaman and Nicobar Islands,,"(""पारा चढ़ा"" OR ""पारा पहुंचा"" OR तापमान OR ""तापमान बढ़ा"" OR ""रिकॉर्ड तोड़ गर्मी"" OR ""डिग्री सेल्सियस"" OR ""पारा उबला"" OR ""अधिकतम तापमान"" OR ""तापमान 40 पार"" OR ""तापमान 45 पार"" OR ""तापमान बढ़ने की संभावना"") Andaman and Nicobar Islands","{""_id"":""6a6665185ac444c0d30d256a"",""slug"":""temperature-rose-by-one-degree-celsius-in-24-hours-mirzapur-news-c-192-1-svns1034-158188-2026-07-27"",""type"":""story"",""status"":""publish"",""title_hn"":""Mirzapur News: 24 घंटे में एक डिग्री सेल्सियस बढ़ा तापमान"",""category"":{""title"":""City & states"",""title_hn"":""शहर और राज्य"",""slug"":""city-and-states""}}
Mirzapur News: 24 घंटे में एक डिग्री सेल्सियस बढ़ा तापमान
विज्ञापन
खबरें लगातार पढ़ने के लिए अमर उजाला एप डाउनलोड करें
या
वेबसाइट पर पढ़ना जारी रखने के लिए वीडियो विज्ञापन देखें
अगर आपके पास प्रीमियम मेंबरशिप है तो
- अधिकतम तापमान 35 डिग्री पहुंचा, बाजारों और चौराहों पर दोपहर में पसरा सन्नाटा
मिर्जापुर। सावन से पहले मौसम की बेरुखी रविवार को भी जारी रही। तेज धूप और उमस भरी गर्मी ने लोगों की मुश्किलें बढ़ा दीं। 24 घंटे में अधिकतम तापमान एक डिग्री बढ़कर 35 डिग्री सेल्सियस पहुंच गया, जबकि न्यूनतम तापमान 26 डिग्री सेल्सियस पर स्थिर रहा। दोपहर के समय गर्मी का असर ऐसा रहा कि प्रमुख बाजारों, चौराहों और तिराहों पर चहल-पहल थम गई। लोग केवल जरूरी काम से निकले।
मौसम विभाग से मिली जानकारी के अनुसार शनिवार को अधिकतम तापमान 34 डिग्री और न्यूनतम 26 डिग्री सेल्सियस दर्ज किया गया था। रविवार को तापमान बढ़ने से लोगों को मई-जून जैसी गर्मी का अहसास हुआ। उमस के कारण दिनभर बेचैनी बनी रही। बारिश नहीं होने का सबसे अधिक असर किसानों पर पड़ रहा है। धान रोपाई के महत्वपूर्ण दौर में खेतों में पर्याप्त पानी नहीं पहुंच पा रहा है। कई स्थानों पर धान की नर्सरी झुलसने लगी है। रोपाई का कार्य प्रभावित है। किसानों का कहना है कि जल्द बारिश नहीं हुई तो फसल पर प्रतिकूल असर पड़ सकता है। मौसम की बेरुखी से खेती-किसानी को लेकर चिंता लगातार बढ़ रही है।
इनसेट
पांच दिन से अंधेरे में चार गांव
जिगना। बिजली गिरने से छानबे ब्लॉक के बिहसड़ा खुर्द, चितौली, तेलियानी और पकरी गांवों के चार ट्रांसफार्मर फुंक गए हैं। पांच दिन बाद भी ट्रांसफॉर्मर नहीं बदले जाने से बिजली आपूर्ति ठप है। ग्रामीणों को पेयजल और सिंचाई संकट का सामना करना पड़ रहा है। क्षेत्र पंचायत सदस्य कृष्ण कुमार दीक्षित ने शीघ्र ट्रांसफार्मर बदलने की मांग की है। अवर अभियंता राकेश सविता ने बताया कि रिपोर्ट भेज दी गई है। स्वीकृति मिलते ही नए ट्रांसफार्मर लगाकर बिजली आपूर्ति बहाल कर दी जाएगी।
विज्ञापन
विज्ञापन
मिर्जापुर। सावन से पहले मौसम की बेरुखी रविवार को भी जारी रही। तेज धूप और उमस भरी गर्मी ने लोगों की मुश्किलें बढ़ा दीं। 24 घंटे में अधिकतम तापमान एक डिग्री बढ़कर 35 डिग्री सेल्सियस पहुंच गया, जबकि न्यूनतम तापमान 26 डिग्री सेल्सियस पर स्थिर रहा। दोपहर के समय गर्मी का असर ऐसा रहा कि प्रमुख बाजारों, चौराहों और तिराहों पर चहल-पहल थम गई। लोग केवल जरूरी काम से निकले।
मौसम विभाग से मिली जानकारी के अनुसार शनिवार को अधिकतम तापमान 34 डिग्री और न्यूनतम 26 डिग्री सेल्सियस दर्ज किया गया था। रविवार को तापमान बढ़ने से लोगों को मई-जून जैसी गर्मी का अहसास हुआ। उमस के कारण दिनभर बेचैनी बनी रही। बारिश नहीं होने का सबसे अधिक असर किसानों पर पड़ रहा है। धान रोपाई के महत्वपूर्ण दौर में खेतों में पर्याप्त पानी नहीं पहुंच पा रहा है। कई स्थानों पर धान की नर्सरी झुलसने लगी है। रोपाई का कार्य प्रभावित है। किसानों का कहना है कि जल्द बारिश नहीं हुई तो फसल पर प्रतिकूल असर पड़ सकता है। मौसम की बेरुखी से खेती-किसानी को लेकर चिंता लगातार बढ़ रही है।
विज्ञापन
इनसेट
पांच दिन से अंधेरे में चार गांव
जिगना। बिजली गिरने से छानबे ब्लॉक के बिहसड़ा खुर्द, चितौली, तेलियानी और पकरी गांवों के चार ट्रांसफार्मर फुंक गए हैं। पांच दिन बाद भी ट्रांसफॉर्मर नहीं बदले जाने से बिजली आपूर्ति ठप है। ग्रामीणों को पेयजल और सिंचाई संकट का सामना करना पड़ रहा है। क्षेत्र पंचायत सदस्य कृष्ण कुमार दीक्षित ने शीघ्र ट्रांसफार्मर बदलने की मांग की है। अवर अभियंता राकेश सविता ने बताया कि रिपोर्ट भेज दी गई है। स्वीकृति मिलते ही नए ट्रांसफार्मर लगाकर बिजली आपूर्ति बहाल कर दी जाएगी।
विज्ञापन",1.0
Why India Needs To Record Heatwave Mortality Better - isignal.in,https://news.google.com/rss/articles/CBMiowFBVV95cUxOdGFqYXVUYkNkdTBDa1lwTjJLN05IX0gtcFFQYUdocERfSDFXUjQxY0d2VmhMVjNzNUdCMmU4OUMxWk15MFFKUUFNb3A0Y203WGl5c3hvRWp5Y1Q5bkctb3pkTVM4VFcwTWNPS0I1LTctMEVSUThZOTdWVjRGbmY0aVVKSTB2Z0lQVm9tanByYWVVZ2FPajh0S05lUEcyM0d1a2gw?oc=5,isignal.in,2026-07-27T12:36:36+05:30,en,Andaman and Nicobar Islands,,"(heatwave OR ""heat wave"" OR ""severe heatwave"" OR ""extreme heat"" OR ""heat spell"" OR ""scorching heat"" OR ""blistering heat"" OR ""sweltering heat"" OR ""hot winds"" OR loo OR ""hot loo winds"" OR ""intense heat"" OR ""unbearable heat"" OR ""deadly heat"" OR heat OR ""weather forecast"" OR ""weather update"" OR ""weather alert"" OR ""IMD forecast"" OR ""IMD prediction"" OR ""IMD alert"" OR IMD OR ""rising temperatures"" OR ""temperatures expected to rise"" OR ""relief from heat"" OR ""respite from heat"" OR ""heat respite"" OR ""respite from scorching heat"") Andaman and Nicobar Islands","Why India Needs To Record Heatwave Mortality Better
Different departments have different estimates, but a national figure is missing
Chhatarpur, Madhya Pradesh: Between March 2023 and July 2024, Madhya Pradesh recorded 12,765 suspected heatstroke cases—the highest in India—but only 18 deaths were officially reported, government data show. Similarly, in Uttar Pradesh during the same period, 5,731 suspected cases of heatstroke were recorded, and 52 cases of death due to heatstroke were registered. Several other states also show similar patterns.
We need to know how many of the 12,765 people survived in Madhya Pradesh, how many died and of what causes, said Dileep Mavalankar, distinguished professor of public health and former director of the Indian Institute of Public Health, Gandhinagar. ""Are all the remaining people—except for the 18 who died—alive? If not, what are the causes of death for the other people who died?""
India’s heatwave death reporting is scattered, with different official sources measuring differently.
In 2024, the latest year for which the National Crime Records Bureau has data, the Accidental Deaths and Suicides in India report showed 1,832 heat/sunstroke deaths. That same year, the National Centre for Disease Control under the Ministry of Health and Family Welfare recorded 161 confirmed heatstroke deaths through the National Heat-Related Illness and Death Surveillance. The India Meteorological Department, which collates numbers from reports in the media and of government disaster management authorities, recorded 389 heatwave deaths.
In Europe, for instance, EuroMOMO—a mortality monitoring effort supported by the European Centre for Disease Prevention and Control—reported 10,000 excess deaths during the June heatwave.
The absence of a national database on heat-related mortality ""weakens planning, hides the true scale of the crisis, and makes accountability much harder"", Apekshita Varshney, founder of Heat Watch, a research and advocacy non-profit, explained. ""It also means we are almost certainly underestimating both the human toll and the economic cost of extreme heat.""
“Climate-driven changes in temperature could contribute to approximately 430,000 additional deaths annually by 2050,” research from the Climate Impact Lab, at the Energy Policy Institute at the University of Chicago, shows. Many regions most impacted also lack the energy needed to adapt—with 10 times more deaths occurring in poor countries by 2050 than in wealthier countries, researchers found.
Unless emissions are reduced aggressively, there could be, in the worst-case scenario, 221 extra global heat deaths per 100,000 people every year, as ISignal reported in September 2020. The best case scenario would still see 73 extra deaths per 100,000—equal to the number of people who die every year of several major infectious diseases combined.
We have reached out to the Union government and state government for comment. We will update this story when we receive a response.
A case of contested cause of death
On the morning of June 5, 40-year-old Subhan Ahmed was found unconscious, with his hands on the graves of his wife and son, in Charkhari town of Uttar Pradesh's Mahoba district. He was later taken to a hospital, where doctors declared him dead. It all started 11 days earlier.
May 25 was a hot day in Harpalpur in Madhya Pradesh’s Chhatarpur district. Six-year-old Hasnain spent the day playing, both outdoors and within their home. With Eid around the corner, his brother Saif Mansouri took him to get a haircut at around 3.30 p.m. By 6 p.m., the brother received a call informing him that Hasnain had taken ill.
Hasnain had started vomiting and had diarrhoea. ""We immediately took him to the nearby private hospital, Life Health Care,"" said Wasir Mohammed, Hasnain's 62-year-old grandfather.
""Symptoms of cyanosis had started appearing in the child, his body parts were turning blue, and his eyes were rolling upwards,"" explained Yogendra Kumar Dixit, doctor at Life Health Care. They advised taking him to the Civil Hospital in Naugaon, 32 km away.
""Cyanosis occurs when the heart or lungs fail and circulation collapses,"" Mavalankar explained.
Meanwhile, his mother Razia Khatoon, 35, also took ill. ""She began feeling anxious and dizzy,"" Mohammed said. At the Naugaon Civil Hospital, doctors recorded Hasnain as critically ill on arrival, noting vomiting, severe pallor, lethargy and poor circulation. Hospital records also documented a ""poor prognosis"".
""The nurse said that Hasnain was facing a lack of blood in his body and his oxygen level was also dropping. Both Razia and Hasnain were referred to the district hospital,"" Mohammed said. At the district hospital in Chhatarpur, doctors declared both the mother and son dead on arrival. The family members believe that Hasnain died due to heatstroke and his mother Razia Khatoon died of a heart attack from shock.
However, Chhatarpur Chief Medical and Health Officer (CMHO) Rajendra Kumar Gupta denied the possibility of death due to the heatwave. Citing the referral letter from Naugaon Civil Hospital, he said Hasnain had eaten watermelon and had had a cold drink that day. ""I have been told that the cause of the worsening condition could be food poisoning. The real cause of death will be known only after the viscera report arrives,"" Gupta said.
The post-mortem report did not establish a definitive cause of death. The autopsy surgeon gave a provisional opinion that Hasnain's death ""may be due to cardiorespiratory failure"" and stated that a final conclusion would depend on forensic, chemical and histopathological examination of preserved tissue samples.
Mavalankar said food poisoning has an average mortality rate of less than 1%. In most cases, the body recovers with intravenous fluids and antibiotics. ""If food poisoning was the cause of death, it would be an even greater tragedy and big failure of the health system,"" he added. ""It would mean the contamination was extraordinarily severe. Samples of the watermelon, cold drink, and household water should have been tested.""
The physiology of heatwave deaths
""The human body is like a chemistry lab, with every cell carrying out reactions that function best at 37°C,"" Mavalankar explained. ""When extreme heat pushes body temperature higher, those reactions falter. Cells begin to die. In the brain, this leads to unconsciousness; in the kidneys, to renal failure; in the heart, to cardiac failure. Ultimately, multiple organ failure can occur.”
In Hasnain's case, he said, “A child playing outdoors in severe heat, already physically active, can see their internal temperature rise to fatal levels. We must ask why the heart stopped—was it heat, or toxins?""
Heat stroke deaths can be classified as direct deaths (due to exertion under direct sunlight) and indirect or non-exertional deaths (people who suffer a heat stroke due to high ambient temperature--such as those trapped inside homes with high room temperatures), as ISignal had explained in June 2020.
“If you just look for medically certified heat stroke deaths, they account for only 10% of total deaths due to heat waves,” Mavalankar had told us in 2020, describing heat wave deaths as an iceberg: “90% [which are indirect deaths] is not visible.”
""Hospital data alone is not enough,"" he added. ""Many deaths occur at home, in fields, or at workplaces. To measure heatwave mortality accurately, daily death counts must be recorded at cemeteries and cremation grounds and health experts should find out proper causes for these recorded deaths. India has not developed such a system since Independence.""
At the district level, health departments have very few public health specialists, which is another problem, said Mavalankar. He argues that the government should also appoint demographers in every vulnerable district to analyse heatwave mortality statistics.
Gaps in preparedness
The National Centre for Disease Control's 2026 heatwave advisory called on state health departments to prepare hospitals and primary healthcare facilities for extreme heat. Health facilities must ensure adequate stocks of oral rehydration solutions (ORS), intravenous fluids, essential medicines, ice packs, etc.
It said secondary and tertiary healthcare facilities should establish heatstroke management units, and ensure “active, external cooling strategies that can be used for rapid and efficient cooling of patients at health facilities and field levels”.
In addition, it called for identification and procurement of resources at primary health facilities and for ambulances “to ensure on-site emergency and rapid cooling of severe heat-related illness patients in line with Cool First, Transport Second strategy”.
The Naugaon Civil Hospital, where Hasnain and Razia Khatoon were taken from the nearby private hospital, did not have a separate heat stroke ward when this writer visited on June 10. A senior nurse posted in the hospital cited staff shortage, and explained that patients with symptoms of heat stroke are admitted to and treated in the male or female wards.
When the mother and son were referred to the District Hospital, Saif Mansouri said they had to wait 20 minutes for an ambulance. On June 9, a local newspaper in Chhatarpur reported that 15 of the 25 ambulances in the district were out of order for several months. CMHO Gupta acknowledged the issue, and said the state outsources ambulance services and that he had informed senior officials about the shortage.
At the Chhatarpur District Hospital, where the mother and son were pronounced dead on arrival, the daycare centre was being used as a heat-stroke ward when this writer visited on June 10. The eight-bed ward had ceiling fans and a cooler, which was switched off at the time. Guidelines call on health facilities to ensure “general cooling appliances in waiting and patient treatment area and their functioning”.
Senior nursing officer Sunita Dhruv said the ward was being used to provide daycare facilities, and that in-patients were treated in the medicine ward. Sharad Mishra, MD medicine specialist at the District Hospital, said the medicine ward and the intensive care unit had beds reserved for heat stroke patients.
“ORS counters have been set up in the out-patient medicine distribution centre,” Mishra explained, adding that it is children and the elderly who are most affected by heatwaves. “We also counsel the family members of patients for protection against heatwaves,” he said.
“Hospitals in heatwave‑vulnerable districts must be equipped with ice packs and bathtubs for rapid cooling,” said Mavalankar. “Treatment must begin within 30 minutes; delays can cause permanent damage."" CMHO Gupta confirmed that the District Hospital was using ice-packs for patients.
""With proper knowledge and training, even remote primary health centers can manage heatstroke, but awareness is lacking,” Mavalankar added. “People often fail to recognise heatstroke, and diagnosis is reduced to listing symptoms like fever or vomiting without identifying the underlying cause.”
""These gaps are unfortunately reflective of larger weaknesses in how India is preparing for heat,” Varshney said, adding that their studies have found that preparedness breaks down at the level of frontline implementation—whether that is training, staffing, access to care, or basic last-mile systems. “What matters is not just whether a plan has been notified, but whether health systems, district administrations, and local facilities are actually equipped to act when temperatures rise,"" she added.
""This year has already been record‑breaking. Ahmedabad endured forty days above 40°C. Next year is expected to be even hotter due to El Niño, with water scarcity compounding the crisis as rainfall is predicted to be below normal,"" said Mavalankar. District‑level Heat Action Plans must be implemented, with alerts announced much like curfews, and hospitals prepared for rapid treatment, he added, explaining how Ahmedabad avoided an estimated 1,190 deaths annually through effective implementation of its Heat Action Plan.
""Looking at the 2026 heatwave season, the biggest success was that heat became harder to ignore in public health and disaster management conversations,” Varshney said. “The biggest failure was that awareness did not translate into consistent, practical protection.""",1.0
"South Korea raises heat wave alert to highest level, activates disaster headquarters - Korea JoongAng Daily",https://news.google.com/rss/articles/CBMixgFBVV95cUxOcm1jM2hsWjA3OElyeWp1SHZBUHZPemF1bnRuaHlhY1NKTHl0dlk5OGR5RU13OUxjRDEtNzlXVGdBVnlJbXExRlp4NDIxTUhMWjd0MmpaX2JxTkg5RC13dldfYUpWMndtdmxKcU5rWlZ2eUtGb3ZyQmItQjdSZHBGVFpaYUpfQVRRYWZ2U0cwdXdyNi1FX2VXdl9oMzFreWxYbjZaVmtGZkdDb0lzN1l1cFRMZmxQcUhKbC05WUt6WjRlbGU0SVE?oc=5,Korea JoongAng Daily,2026-07-27T15:19:44+05:30,en,Andaman and Nicobar Islands,,"(heatwave OR ""heat wave"" OR ""severe heatwave"" OR ""extreme heat"" OR ""heat spell"" OR ""scorching heat"" OR ""blistering heat"" OR ""sweltering heat"" OR ""hot winds"" OR loo OR ""hot loo winds"" OR ""intense heat"" OR ""unbearable heat"" OR ""deadly heat"" OR heat OR ""weather forecast"" OR ""weather update"" OR ""weather alert"" OR ""IMD forecast"" OR ""IMD prediction"" OR ""IMD alert"" OR IMD OR ""rising temperatures"" OR ""temperatures expected to rise"" OR ""relief from heat"" OR ""respite from heat"" OR ""heat respite"" OR ""respite from scorching heat"") Andaman and Nicobar Islands","Heat haze shimmers above asphalt in Yeouido, Yeongdeungpo District, western Seoul, on July 27.NEWS1
The Ministry of the Interior and Safety raised the national heat wave warning level to “severe,” its highest level, at 3 p.m. Monday. It also activated the Central Disaster and Safety Countermeasures Headquarters, the government’s top-level emergency response mechanism.
“Scorching heat has spread nationwide the moment monsoon season ended,” Interior Minister Yun Ho-jung, head of the emergency response body, said at a government meeting in Seoul. “The situation is extremely serious.”
Heat wave advisories are in effect across most of the country, with hot weather and tropical nights expected to continue, according to the Korea Meteorological Administration.Parts of the southeastern region that saw little rainfall are now under an emergency heat wave warning, a tier higher than standard advisories.
“We will mount an all-out government response and strengthen safety measures for high-risk groups, including vulnerable residents and outdoor workers,” Yun said.
He directed government agencies and local authorities to prioritize public safety and focus their response on conditions on the ground.
Officials plan to step up monitoring for residents of cramped housing units, the unhoused people and others vulnerable to extreme heat. They will inspect workplaces with outdoor operations for compliance with safety rules. Village leaders and volunteer disaster-prevention teams will join the ministry in checking on older farmers and urging them to avoid outdoor activity.
Authorities will inspect cooling shelters to confirm they remain open to the public and may expand operating hours if tropical nights continue. Livestock and fish farms are set to receive support installing equipment to prevent heat damage.
Officials will be dispatched to areas under emergency heat wave warnings to oversee local response efforts. Agencies must follow the ministry’s heat wave safety guidelines by shortening monitoring cycles for vulnerable residents and rescheduling outdoor events where necessary. Roads, railways and other infrastructure face inspection to prevent disruptions from power outages.
“People should drink plenty of water and rest during the hottest hours of the day,” Yun said. “Those in areas under emergency heat wave warnings should immediately stop outdoor activities and move somewhere cool.”
BY CHO MUN-GYU [kim.hayoon1@joongang.co.kr]
This article was originally written in Korean and translated by a bilingual reporter with the help of generative AI tools. It was then edited by a native English-speaking editor. All AI-assisted translations are reviewed and refined by our newsroom.",0.8500000000000001
Britain's scorching June heatwave wiped out more than £1 billion in just weeks - Northeast Herald,https://news.google.com/rss/articles/CBMirgFBVV95cUxPUUhpVEFmaVlrMUlSdFkxaGJHUU9hV1QzS3VfdnVtM1N2RFE1VDBERVIyaVhlUXJTVUF5dFdla3dZM1Q2V2xjVHpJeWM0Wmo1NkMyZnlVckVZa3pXcnZJa1BrTUhzMzAyRGstLUp3SnNaUHIwWEtJRFhoZGdBU0JxcXlWSEVSYnZ3WWNDQ2phRjZYWXZTS2JweXNuVlJlbXFEb2tTRVYwOGZuRG8wVFE?oc=5,Northeast Herald,2026-07-27T15:02:13+05:30,en,Andaman and Nicobar Islands,,"(heatwave OR ""heat wave"" OR ""severe heatwave"" OR ""extreme heat"" OR ""heat spell"" OR ""scorching heat"" OR ""blistering heat"" OR ""sweltering heat"" OR ""hot winds"" OR loo OR ""hot loo winds"" OR ""intense heat"" OR ""unbearable heat"" OR ""deadly heat"" OR heat OR ""weather forecast"" OR ""weather update"" OR ""weather alert"" OR ""IMD forecast"" OR ""IMD prediction"" OR ""IMD alert"" OR IMD OR ""rising temperatures"" OR ""temperatures expected to rise"" OR ""relief from heat"" OR ""respite from heat"" OR ""heat respite"" OR ""respite from scorching heat"") Andaman and Nicobar Islands","For the study, the researchers surveyed a nationally representative sample of 1,950 adults across the UK about how they perceived impacts of the heatwave on working hours, ability to sleep and any changes to how they travelled to work or their working environment. The survey related to the week beginning 22 June 2026.
Elizabeth Robinson and Shouro Dasgupta were able to estimate the economic cost, in terms of lost output caused by the heatwave, derived from workers’ responses about adjustments they made to their working hours. The impact of £1 billion-plus in lost output is on top of the negative impacts on workers’ health and increased pressure on health services.
They found that the “average reported reduction in hours worked across the week was 0.47 hours”. Those working in jobs more highly exposed to heat and that are physically demanding, in sectors such as construction and agriculture, reduced their hours by more than those working in low-exposure and physically undemanding jobs such as academia.
Findings from the survey show 3.6% of respondents, equivalent to approximately 1.25 million workers in the population, did not work at all that week because of the heat. This is equivalent to an additional 8 million lost hours, at an estimated cost to the economy of £0.38 billion.
87% of workers reported at least one health-related impact during the week of 22 June 2026, ranging from disrupted sleep and being more tired at work through to a small number of workers reporting more extreme symptoms including dizziness or fainting and a faster heartbeat.
The survey also found that 5% of respondents sought medical attention and around 3% reported an accident or injury at work during that week, and around two-thirds of them felt it was linked to the weather. Women, those aged under 35 and people with existing health conditions were the groups most likely to report that their health was harmed.
Elizabeth Robinson, Director of the Grantham Research Institute on Climate Change and the Environment, said: “Our findings point to a country that remains insufficiently adapted to the changing climate.
“The Government cannot continue to ignore extreme heat. Unless it acts now, and makes workplaces safer, we are likely to see growing impacts on workers’ productivity, health, and the economy.”
Shouro Dasgupta, Environmental Economist at CMCC and Visiting Senior Fellow at the Grantham Research Institute , said:
“While £1 billion is lost overall, the greatest effects are borne by outdoor workers and those in physically demanding jobs, many of whom are among the lowest paid in the labour force.
“Extreme heat is widening existing inequalities in the labour force.”",0.8500000000000001
Portable air conditioner sales surge in Japan amid intense heat - The Japan Times,https://news.google.com/rss/articles/CBMinAFBVV95cUxQekljeVYyaFZtajF6Mmt0QTVRMlBOZmxYYlc4M0lSV1FmMEMxbld3aHo1QWRpS0t1a0ZGRUU1Mm8ta2FpY05wazBzMjJxamtnZUZMbFh0ckFMSC1UZGJGQzFmZlA3d2tkQjFqNWZFLXhZeHBZZnAyYTJyYk1EdE45OHMzS1dyYm5CZXVVVGxSd2htTUpFa25kYlpGSVU?oc=5,The Japan Times,2026-07-27T13:50:00+05:30,en,Andaman and Nicobar Islands,,"(heatwave OR ""heat wave"" OR ""severe heatwave"" OR ""extreme heat"" OR ""heat spell"" OR ""scorching heat"" OR ""blistering heat"" OR ""sweltering heat"" OR ""hot winds"" OR loo OR ""hot loo winds"" OR ""intense heat"" OR ""unbearable heat"" OR ""deadly heat"" OR heat OR ""weather forecast"" OR ""weather update"" OR ""weather alert"" OR ""IMD forecast"" OR ""IMD prediction"" OR ""IMD alert"" OR IMD OR ""rising temperatures"" OR ""temperatures expected to rise"" OR ""relief from heat"" OR ""respite from heat"" OR ""heat respite"" OR ""respite from scorching heat"") Andaman and Nicobar Islands","Japanese electronics makers and retailers are enjoying strong demand for portable air conditioners, with some areas recently experiencing “cruelly hot” days, featuring temperatures of 40 degrees Celsius or higher.
Such products are popular because they have relatively low prices and do not require installation work, and some consumers are seeking them as second or third air conditioners for their homes, industry sources say, adding that manufacturers and shops are expanding their lineups.
At major electronics retailer Bic Camera’s outlet in the busy Yurakucho district of Tokyo’s Chiyoda Ward, portable models priced at between ¥30,000 ($183) and ¥50,000 are selling well.
Currently, buyers of conventional air conditioners need to wait for about a month for installation work to be conducted, due to a last-minute surge in demand ahead of the introduction of stricter energy-efficiency standards in 2027, which could push up prices, according to an official of the store.
Meanwhile, many portable models, unlike conventional types, do not come with an outdoor unit and only need a duct installed to the window.
“We recommend portable products to customers who need cooling equipment right now,” the official said.
In addition, an increasing number of people are using portable machines in rooms without air conditioning, such as kitchens and washrooms.
An official of Pan Pacific International Holdings, the parent of discount store operator Don Quijote, said that sales are particularly robust in Hokkaido, where air conditioners are not widely used.
The portable air conditioner market is seeing newcomers and new products.
Bic Camera launched private-brand portable air conditioners last year, while furniture and household goods retailer Nitori Holdings followed suit this year.
Electronics maker Sharp has introduced a high-performance model equipped with an air-purifying function, priced at around ¥90,000.
Portable models “may sell out sooner than expected” although they are less energy-efficient than conventional air conditioners, a Nitori Holdings official said.
A Don Quijote official said, “Price competition is likely to heat up going forward and product differentiation will become necessary.”",1.0
The horror of a French heatwave - The Spectator,https://news.google.com/rss/articles/CBMib0FVX3lxTFB3ZWhPSDBVaGtwVFVTZklTWmVuSUxORGlTeGM1aWVkMXlMb1RIQ1g1SDBiTVBDanRZVmhrb25waGdoSVRTVkhBcEdIVWtwUVQ3UEhXYlZaZC0wQ01MeTg5Z2FfNE5YNVhidmRlOENGcw?oc=5,The Spectator,2026-07-27T09:31:00+05:30,en,Andaman and Nicobar Islands,,"(heatwave OR ""heat wave"" OR ""severe heatwave"" OR ""extreme heat"" OR ""heat spell"" OR ""scorching heat"" OR ""blistering heat"" OR ""sweltering heat"" OR ""hot winds"" OR loo OR ""hot loo winds"" OR ""intense heat"" OR ""unbearable heat"" OR ""deadly heat"" OR heat OR ""weather forecast"" OR ""weather update"" OR ""weather alert"" OR ""IMD forecast"" OR ""IMD prediction"" OR ""IMD alert"" OR IMD OR ""rising temperatures"" OR ""temperatures expected to rise"" OR ""relief from heat"" OR ""respite from heat"" OR ""heat respite"" OR ""respite from scorching heat"") Andaman and Nicobar Islands","It’s a sweet little town, Arcachon. Clinging to the long French Atlantic coast, adorned with Victorian villas and pretty flowerbeds, it reminds me oddly of the English town of Bournemouth. By which I mean: Bournemouth before it was ruined. As such, it’s the kind of place that usually calls for a return visit. I am sure for many French people it is a holiday regular – “ahh, shall we do Arcachon again? Mais oui, we can try that new oyster cabin.” But right now I seriously wonder if anyone will want to return to Arcachon, ever.
The reasons are twofold. Firstly, the news is full of searing images: of people fleeing the wildfires on Cap Ferret, and being ferried, like wartime evacuees, across the bay to Arcachon after a summer of repeated heatwaves. Secondly, several weeks ago I personally experienced the worst of those heatwaves, in and around Arcachon, and it changed my mind about the emotional impact of climate change.
My torrid holiday from hell began in green, bucolic Aveyron, where I was on assignment. Everything was so pleasant and as the official trip came to an end I thought: why not extend the adventure? My calendar was empty, I already had a hired car and I was keen to explore a part of France I’ve never seen before – the French Atlantic coast between Brittany and Bayonne.
The only fly in the ointment was the weather forecast. When I turned to my sensible AI – NinaGPT – to construct a coastal itinerary, she kept saying “Are you sure you want to do this Sean, there is a heatwave coming.” I scolded her for being a nanny and laughingly reminded her I’m a travel veteran; I like hot sunny weather and I’ve been to several war zones. I set off.
Major mistake. One afternoon, parked by an Aldi west of Conques, I watched with grim amazement as the thermometer in my car registered the intensifying heat: 116F, 118F, 120F. I actually took photographs. It was surely not that hot in reality: car thermometers are unreliable, especially if you’re sitting on baked tarmac. Nonetheless it was indicative of the heat dome settling over France. It also reminded me of the last time I’d stared at a car thermometer in wary amazement. That was in the Fish River Canyon in southern Namibia. That time, my car told me it was 115F. I took a photograph then, as well.
By the time I reached sun-struck Moissac the heatwave was near its raging peak. I quickly learned the French for this phenomenon: canicule. I also learned the sobering truth that much of provincial France lacks air conditioning. Its buildings rely on shutters, thick walls and ventilation; defenses which begin to fail above 95F. In the main square of Moissac I scurried to a shady but uncooled brasserie to bash out an article. The sweat dripped from my nose onto my laptop. Then I watched TV, as President Macron warned that the “hottest day in French history” was approaching.
It came as I arrived in Arcachon. I’d booked an apartment, right on the beach, which looked suitably modern. I figured sea breezes plus air conditioning would see me through the worst. As I pulled up, around 6pm, it was a brutal, stifling 102F. There was no sea breeze. The sea in the bay looked sad and listless, repressed by a despotic sun. To top it all off, even here there was no air conditioning.
I hadn’t checked the small print. Stupidly I’d just assumed the flat would be properly kitted out, because it was so clearly brand new. Not only did it have no air conditioning, but it also had no fans and no through breeze. It was maybe 122F in the punishment block of the bedroom. My reservation was non-refundable but I kicked up such a fuss on Booking.com’s helpline – “I could die in there” (I wasn’t joking) – they agreed to a refund. I used the money to find a grand hotel with climatisation. And then I hid.
Because that is all you can do when the thermometer soars over 104F. Hide. Shelter in place. It is like sitting out an air raid, or a hurricane, except it goes on for longer. Every time I did venture out, I got an instant pounding headache and I hurried back inside.
It was a truly horrible experience, and I write as someone who has been through severe heat. I’ve been in Luxor, Egypt when it hit 109F, I’ve been in Death Valley, Eastern California during similar. Somehow, they were more tolerable than Arcachon, France during the recent canicule. Perhaps because you expect great heat in deserts but not in the suburbs of Bordeaux; perhaps because the proximity of the sea added humidity.
I’ve had just one experience which compares to what happened in France, in the Danakil Depression, Ethiopia. I arrived at dusk in a village of mud huts, ready to climb the famous, lava-lake volcano of Erta Ale. There it was about 108F at 6pm – similar to southwest France, recently. But it’s not just the temperature that echoed: in both places I had the sensation of being trapped and tormented. Of suffering inescapably. And the mud huts had no air conditioning.
The obvious question arises. If these heatwaves continue, and worsen, what will they do to Europe, and European life? No one can be certain, but I remember my charming, capricious Auntie Lois, who spent her life shifting nervously around the world. At one point she fled Los Angeles after an earthquake. At the time I put it down to her highly-strung nature; an over-reaction. And yet I now think of her explanation, “The earthquake changed the way I felt about California. I felt like my home was turning on me, that the ground beneath me couldn’t be trusted.”
Perhaps Europe will be fine, we will briskly adapt – and install air conditioning everywhere. That’s what I used to believe. But now I am not sure. Maybe we will react like Lois, and we will lose trust in the skies. Perhaps millions will avoid southern Europe. Certainly, there are only so many times you can experience an earthquake before you think – that’s it, I’m out of here, and I’m not coming back. Especially not for summer holidays. As for my auntie Lois, she ended up living in Scotland.",1.0
"China’s new alloy can withstand extreme heat; could be used in reactors, hypersonic missiles - Interesting Engineering",https://news.google.com/rss/articles/CBMihgFBVV95cUxNa0hjazRfSGU4djlDUGx2OEhOZmJPMEozdE1ad2dTZG9kNDc3VkFXRlJNNnZQeC14Si1SNE5TcFRXRm5NUTNrdTlQX3ZodWtsSkxWTTJKMUdlSnd5Nnp1YUM2MU5OMlhuMmxBM0YtT0w1Nl91azl2Q0J1NC16bTFGSzljZ1lQZw?oc=5,Interesting Engineering,2026-07-27T07:28:00+05:30,en,Andaman and Nicobar Islands,,"(heatwave OR ""heat wave"" OR ""severe heatwave"" OR ""extreme heat"" OR ""heat spell"" OR ""scorching heat"" OR ""blistering heat"" OR ""sweltering heat"" OR ""hot winds"" OR loo OR ""hot loo winds"" OR ""intense heat"" OR ""unbearable heat"" OR ""deadly heat"" OR heat OR ""weather forecast"" OR ""weather update"" OR ""weather alert"" OR ""IMD forecast"" OR ""IMD prediction"" OR ""IMD alert"" OR IMD OR ""rising temperatures"" OR ""temperatures expected to rise"" OR ""relief from heat"" OR ""respite from heat"" OR ""heat respite"" OR ""respite from scorching heat"") Andaman and Nicobar Islands","In a breakthrough that could reshape the future of aerospace and advanced engineering, researchers in China have developed a new metal alloy capable of maintaining its strength at temperatures as high as 2,400 degrees Celsius.
The innovation addresses one of the biggest challenges in materials science—creating metals that remain structurally stable under extreme heat while continuing to bear heavy mechanical loads.
Already known for its exceptionally high melting point
The research, led by a team from Xi’an Jiaotong University, centres on a specially engineered tantalum-based alloy. Tantalum is already known for its exceptionally high melting point of nearly 3,000°C, making it one of the most heat-resistant metals available. However, even tantalum alloys have traditionally suffered from a loss of strength at very high temperatures. The Chinese researchers claim to have overcome this limitation by designing an alloy with an optimized internal microstructure that resists deformation even in extreme thermal environments.
Modern technologies such as hypersonic aircraft, reusable spacecraft, advanced rocket engines and next-generation nuclear reactors require materials that can survive enormous temperatures without weakening. Conventional high-performance alloys, including nickel-based superalloys widely used in jet engines, begin to lose their mechanical strength as temperatures approach 2,000°C.
Newly developed alloy remains capable of supporting heavy loads
The newly developed alloy reportedly remains capable of supporting heavy loads at temperatures up to 2,400°C, representing a significant improvement over existing high-temperature structural materials.
Metals generally become softer as temperatures rise because their internal crystal structures become more mobile. Once temperatures exceed roughly 60% of a metal’s melting point, atoms can move more freely, causing the material to deform under stress.
According to the researchers, the new tantalum alloy has been engineered with a carefully controlled microscopic structure that slows this process. By stabilising the material’s internal arrangement, the alloy retains its strength even under conditions that would normally weaken conventional metals.
The findings were published in the peer-reviewed journal Nature, highlighting the scientific significance of the work.
If the material performs similarly outside laboratory conditions, it could have wide-ranging industrial applications, including hypersonic missile and aircraft components, rocket nozzles and combustion chambers, spacecraft thermal protection systems, advanced gas turbines, and nuclear reactor components.
The ability to operate safely at such extreme temperatures could improve engine efficiency, extend component lifespan and reduce cooling requirements in demanding engineering environments.
While the laboratory results are promising, commercial adoption will require further testing. Scientists must demonstrate that the alloy can be manufactured economically, withstand repeated heating and cooling cycles, resist oxidation and corrosion, and perform reliably over long service periods.
Tantalum is also an expensive metal, meaning large-scale industrial use will depend on whether production costs can be reduced without compromising performance.
The development reflects the growing pace of innovation in advanced materials research. As countries compete to build faster aircraft, more efficient space vehicles and safer nuclear technologies, breakthroughs in high-temperature alloys are becoming increasingly important.
If successfully commercialized, the new tantalum-based alloy could expand the limits of engineering design, enabling machines and vehicles to operate in environments previously considered too extreme for conventional metals.",1.0
Israel braces for extreme heat as temperatures climb through Thursday | Weather forecast - Ynetnews,https://news.google.com/rss/articles/CBMiZkFVX3lxTFB4NXhOaVpwTlNZZXpueTRPNm9KS200U3NsNXYweU44SDZVVms4V005a0FsME1pWnpmREdsSWg3bFJQSGQyN3pieWd1d1hLOEhFcEx2MUx6Zm53Z0VNRnlaTHhnUTN1UQ?oc=5,Ynetnews,2026-07-27T08:31:48+05:30,en,Andaman and Nicobar Islands,,"(heatwave OR ""heat wave"" OR ""severe heatwave"" OR ""extreme heat"" OR ""heat spell"" OR ""scorching heat"" OR ""blistering heat"" OR ""sweltering heat"" OR ""hot winds"" OR loo OR ""hot loo winds"" OR ""intense heat"" OR ""unbearable heat"" OR ""deadly heat"" OR heat OR ""weather forecast"" OR ""weather update"" OR ""weather alert"" OR ""IMD forecast"" OR ""IMD prediction"" OR ""IMD alert"" OR IMD OR ""rising temperatures"" OR ""temperatures expected to rise"" OR ""relief from heat"" OR ""respite from heat"" OR ""heat respite"" OR ""respite from scorching heat"") Andaman and Nicobar Islands","Monday will begin partly cloudy to clear before skies become mostly fair later in the day. Temperatures will rise slightly but remain typical for the season, according to the forecast.
Overnight conditions will be clear to partly cloudy. A further slight rise in temperatures is expected Tuesday, mainly in the mountains and inland areas, accompanied by a modest increase in heat stress.
Wednesday will become clear after morning clouds dissipate. Temperatures will rise again, particularly in the mountains and inland regions, where conditions will become hotter and drier than usual. Humid conditions are also expected along the coastal plain, with a further increase in heat stress.
Another slight rise in temperatures is forecast for Thursday. Conditions will become hotter than usual to extremely hot in the mountains and inland areas, while the coastal plain will remain humid.
Heavy to extreme heat loads are expected across most parts of the country.
Forecast highs and lows for Monday are: Jerusalem 17-31°C (63-88°F), Tel Aviv 24-32°C (75-90°F), Haifa 25-31°C (77-88°F), Safed 18-30°C (64-86°F), Katzrin 20-36°C (68-97°F), Tiberias 22-36°C (72-97°F), Nazareth 22-33°C (72-91°F), Afula 21-34°C (70-93°F), Beit She’an 25-38°C (77-100°F), Lod 23-32°C (73-90°F), Ashdod 23-32°C (73-90°F), Ein Gedi 26-37°C (79-99°F), Be’er Sheva 22-34°C (72-93°F), Mitzpe Ramon 19-33°C (66-91°F) and Eilat 27-40°C (81-104°F)",1.0
Extreme Heat Warning - WFIE | 14 News,https://news.google.com/rss/articles/CBMiZkFVX3lxTE1MUVB1YlFfUDhVeWRQQ0hqMFhpZnIycFpVS0xaZlV1SHQ1SWxtdEoyYTdITWRTcFdtRW1KT1JGNEFEVkd0ZEZZNDM4WDMyblhOSUdYUnZidEFMTjlrSENwVy1MSm5VUdIBekFVX3lxTE5nY25fYjNvcWF3Z1lwSmdHbUNFZDJXRFduMkhMQkh6eVFoU0UyVGdSMlpPZ0tnUkpybGE5RkFXYnFkN0NERUlMa05LWVdleHpVY25tZDVreDJUT3BFZWVKUndiNEpBVHo0M1BpSjd2NUZvc0FDQkJMZE5R?oc=5,WFIE | 14 News,2026-07-27T15:22:00+05:30,en,Andaman and Nicobar Islands,,"(heatwave OR ""heat wave"" OR ""severe heatwave"" OR ""extreme heat"" OR ""heat spell"" OR ""scorching heat"" OR ""blistering heat"" OR ""sweltering heat"" OR ""hot winds"" OR loo OR ""hot loo winds"" OR ""intense heat"" OR ""unbearable heat"" OR ""deadly heat"" OR heat OR ""weather forecast"" OR ""weather update"" OR ""weather alert"" OR ""IMD forecast"" OR ""IMD prediction"" OR ""IMD alert"" OR IMD OR ""rising temperatures"" OR ""temperatures expected to rise"" OR ""relief from heat"" OR ""respite from heat"" OR ""heat respite"" OR ""respite from scorching heat"") Andaman and Nicobar Islands","EVANSVILLE, Ind. (WFIE) - Heat continues to build through Tuesday, with dangerous conditions peaking this afternoon. An Extreme Heat Warning is in effect from 11 AM until 7 PM, and heat index values of 107–115 are expected for many communities. Limit time outdoors, drink water often, and check on those without reliable cooling.
We’re also tracking a Slight Risk of severe thunderstorms through tonight. The main concern is damaging wind, but slow-moving storms could also produce brief heavy downpours leading to minor flooding, especially in poor-drainage and low-lying areas. If thunder roars, go indoors—have multiple ways to receive warnings this evening.
Relief arrives midweek: a cold front moves through and snaps the heat on Wednesday, dropping highs into the upper 80s and lowering humidity—ending this mini heat wave.
Forecast
- Today: Partly sunny, hot, humid; isolated thunderstorms. Heat Index 107–115. A few severe storms possible.
- Tonight: Partly cloudy; isolated thunderstorms. Low 78.
- Tuesday: Mostly sunny, hot, humid; isolated afternoon storm possible. High 92. Heat Index 100–107.
- Tuesday Night: Mostly clear. Low 67.
- Wednesday: Mostly sunny, cooler, less humid. High 87.
Copyright 2026 WFIE. All rights reserved.",0.8500000000000001
Another heatwave to hit within days after weekend of cooler temperatures - The Independent,https://news.google.com/rss/articles/CBMiowFBVV95cUxNdHl5T21MMFJMeWZQZDJ2eVhiSmR2d01vZW1vRDk0TlFmYlBCVEdPREctY1RDT21KUGVjTGtTemJ5Tmttdm0xSFhVcUQwcTdfMk5TSEJIZGtLSmtfYUszMHdjTllxV3VEZUFnYXF4T3R4M29CdnV1UlZFcFl0aVdsQ19CQ0tfaFUtQlVoMUdjU2lMaDh6M3N2NVY2SnFzbHRCY09J?oc=5,The Independent,2026-07-27T12:58:00+05:30,en,Andaman and Nicobar Islands,,"(heatwave OR ""heat wave"" OR ""severe heatwave"" OR ""extreme heat"" OR ""heat spell"" OR ""scorching heat"" OR ""blistering heat"" OR ""sweltering heat"" OR ""hot winds"" OR loo OR ""hot loo winds"" OR ""intense heat"" OR ""unbearable heat"" OR ""deadly heat"" OR heat OR ""weather forecast"" OR ""weather update"" OR ""weather alert"" OR ""IMD forecast"" OR ""IMD prediction"" OR ""IMD alert"" OR IMD OR ""rising temperatures"" OR ""temperatures expected to rise"" OR ""relief from heat"" OR ""respite from heat"" OR ""heat respite"" OR ""respite from scorching heat"") Andaman and Nicobar Islands","The fourth heatwave of the summer is set to hit the UK in the next few days following a weekend of cooler temperatures.
Following a smattering of rain for many on Sunday, the heat is expected to spike again in the south.
Parts of southern England will again meet their heatwave criteria on Wednesday, with highs of 32C or 33C expected.
Other areas will reach the threshold on Thursday.
Forecasters are expecting this week’s heat to be a “north-south split”, with clouds and outbreaks of rain continuing in Northern Ireland, Scotland and northern England.
The heatwave should be short-lived, with temperatures widely cooling to close to average by the weekend, said Met Office senior operational meteorologist Dan Stroud.
July was 3C above average across the UK, according to provisional Met Office data.
This could put it among the hottest three or four months of July on record, said Mr Stroud.
Southern England has had just 1 per cent of its average July rainfall. England has had 5 per cent and the UK as a whole 20 per cent, according to the Met Office.
Mr Stroud said: “In terms of wildfire, obviously the continuation of the dry and hot conditions does elevate the fire risk.
“That rain we’ve had, even though it’s welcome rain for the last last few hours, is certainly not enough really to do a huge amount for the dry conditions we’ve already already got. That risk continues.”
If they start, fires are likely to become exceptionally severe on Sunday in pockets of east, south-east and the south of England, according to Met Office data used by Natural England and Natural Resources Wales.
That “exceptionally severe” risk level disappears for the whole country before returning on Wednesday for a wider breadth of east, south, and south-east England.
It then focuses in the east and south-east of England on Thursday.
The Fire Severity Index looks at data including rainfall, temperature and humidity.
Agencies use it to assess the severity of fire if it starts. It does not cover the chances of wildfires occurring.
Emergency crews have already spent days fighting large wildfires in Wales and Scotland that forced people to evacuate their homes.
Mr Stroud emphasised that the Fire Severity Index measures humidity and drier weather increases the fire risk.
The second heatwave was particularly humid and that “does reduce the risk somewhat”.
The latest heatwave has been drier and longer-lasting and humidity levels are expected to fall as the fourth heatwave arrives.",1.0
Heat wave to continue until early August - The Korea Herald,https://news.google.com/rss/articles/CBMiV0FVX3lxTE52Sl9MMkRGQWVPcks5bXJkbUVoQlMydTdGeFcxN2pYbVY1a0E0ZHJ0dHRaeHl4bzFWZ2U3akdvU0ZfQjVTZGJqdUJpVi1SdGZfUWNLNXdDbw?oc=5,The Korea Herald,2026-07-27T08:20:27+05:30,en,Andaman and Nicobar Islands,,"(heatwave OR ""heat wave"" OR ""severe heatwave"" OR ""extreme heat"" OR ""heat spell"" OR ""scorching heat"" OR ""blistering heat"" OR ""sweltering heat"" OR ""hot winds"" OR loo OR ""hot loo winds"" OR ""intense heat"" OR ""unbearable heat"" OR ""deadly heat"" OR heat OR ""weather forecast"" OR ""weather update"" OR ""weather alert"" OR ""IMD forecast"" OR ""IMD prediction"" OR ""IMD alert"" OR IMD OR ""rising temperatures"" OR ""temperatures expected to rise"" OR ""relief from heat"" OR ""respite from heat"" OR ""heat respite"" OR ""respite from scorching heat"") Andaman and Nicobar Islands","South Korea can expect high day and nighttime temperatures until early next month, with Monday's temperature projected to reach 39 degrees Celsius in some regions.
The Korea Meteorological Administration issued a heat wave emergency warning for several southeastern regions, including Gyeongsan, Pohang, Gyeongju, Goryeong and Cheongdo in North Gyeongsang Province; Yangsan, Gimhae, Miryang, Euiryeong, Haman, Changnyeong, and Hapcheon in South Gyeongsang Province and Daegu.
The heat wave emergency warning is the highest of the new three-tiered system implemented this year, issued when the temperature is expected to reach 38 degrees Celsius or higher after remaining above 35 C for two consecutive days. It is also issued when the apparent temperature is forecast to be at least 38 C.
Temperatures in Gyeongju reached 39.1 degrees as of 3 p.m., the highest recorded in the country that day. Unofficial temperature measurements using the automatic weather station showed slightly higher figures in Sinam-dong, Daegu, at 39.2 degrees.",1.0
South Korea’s heatwave to continue until early August - The Straits Times,https://news.google.com/rss/articles/CBMingFBVV95cUxPTHVlSDRoQVR6R3E5M0IzX1Y0cDFzZGc2cURfMml2aGt3SEd6YTFpUXd0MnVLbFM2YjZzY2tZZzNQQkpCc3RhOEx1WU1QR0pqWnFDaW9mdTFsMHFtYmNReTBsWHAwVEhNRUYxT0s5c05Qd2J5YUdnekhqSUZKb1MwUnVWcWRrYlo2Tll1NXI4MmpuOFktZHFKOEJZYnVlQQ?oc=5,The Straits Times,2026-07-27T13:45:00+05:30,en,Andaman and Nicobar Islands,,"(heatwave OR ""heat wave"" OR ""severe heatwave"" OR ""extreme heat"" OR ""heat spell"" OR ""scorching heat"" OR ""blistering heat"" OR ""sweltering heat"" OR ""hot winds"" OR loo OR ""hot loo winds"" OR ""intense heat"" OR ""unbearable heat"" OR ""deadly heat"" OR heat OR ""weather forecast"" OR ""weather update"" OR ""weather alert"" OR ""IMD forecast"" OR ""IMD prediction"" OR ""IMD alert"" OR IMD OR ""rising temperatures"" OR ""temperatures expected to rise"" OR ""relief from heat"" OR ""respite from heat"" OR ""heat respite"" OR ""respite from scorching heat"") Andaman and Nicobar Islands","South Korea’s heatwave to continue until early August
AI generated
SEOUL – South Korea can expect high daytime and nighttime temperatures until early in August, with July 27’s temperature projected to reach 39 deg C.
The Korea Meteorological Administration (KMA) issued a heatwave emergency warning for several south-eastern regions, including the cities of Gyeongsan, Pohang and Gyeongju; the North Gyeongsang Province counties of Goryeong and Cheongdo; the cities of Yangsan, Gimhae and Miryang; the South Gyeongsang Province counties of Euiryeong, Haman, Changnyeong and Hapcheon; and the Daegu metropolis.
The heatwave emergency warning is the highest of the new three-tiered system implemented in 2026 and is issued when the temperature is expected to reach 38 deg C or higher after remaining above 35 deg C for two consecutive days. It is also issued when the apparent temperature is forecast to be at least 38 deg C.
Temperatures in Seoul and Incheon are expected to be as high as 33 deg C on July 27, with Gwangju and Busan expecting highs of 35 deg C.
The daily high is expected to be between 31 deg C and 37 deg C for most regions, with the apparent temperature rising to at least 33 deg C.
High temperatures to persist for over a week
Similarly high temperatures are expected across the country for the time being, according to the weather authorities.
The KMA projected morning temperatures to be between 24 deg C and 26 deg C, while daytime temperatures are expected to be between 32 deg C and 39 deg C until Aug 6.
“Tropical nights and the heatwave will continue at least until early next month,” the KMA said in its forecast.
Tropical nights occur when the overnight low between 6pm and 9am remains at or above 25 deg C.
The peninsula can expect some rain in Seoul, Incheon, Gyeonggi Province, Gangwon Province, northern North Gyeongsang Province and some parts of North and South Chungcheong Provinces.
However, the rainfall will only have a temporary effect on bringing temperatures down, the KMA said.
Thunderstorms are expected in some parts of the East Sea and the West Sea until July 28, along with heavy fog. THE KOREA HERALD/ASIA NEWS NETWORK",0.5166666666666666
Heatwave Returns to Czechia After Brief Cool Spell - Prague Daily News,https://news.google.com/rss/articles/CBMipAFBVV95cUxQMkJ3LXltd1FzMk9WZ2FxRU9WckE1enRGamtRYnFkVTFfRVN1cnFMdVJkNGtfUXBVUlpWcVRyOFp4a1h5VHliZUhQZUdNS29CaUM1eER4QWY4cHFNUVRtWkpWSHNNS1lSM1VRYXAySnE1SzlzUU1haTVpSW84UE05d0w2TnZaLWRkTUhJUk8xZ050Q0s2VkRZd3FiVzZNTC1mLWpTSw?oc=5,Prague Daily News,2026-07-27T13:54:00+05:30,en,Andaman and Nicobar Islands,,"(heatwave OR ""heat wave"" OR ""severe heatwave"" OR ""extreme heat"" OR ""heat spell"" OR ""scorching heat"" OR ""blistering heat"" OR ""sweltering heat"" OR ""hot winds"" OR loo OR ""hot loo winds"" OR ""intense heat"" OR ""unbearable heat"" OR ""deadly heat"" OR heat OR ""weather forecast"" OR ""weather update"" OR ""weather alert"" OR ""IMD forecast"" OR ""IMD prediction"" OR ""IMD alert"" OR IMD OR ""rising temperatures"" OR ""temperatures expected to rise"" OR ""relief from heat"" OR ""respite from heat"" OR ""heat respite"" OR ""respite from scorching heat"") Andaman and Nicobar Islands","Foto: Freepik
After a brief cool spell at the beginning of the week, temperatures in the Czech Republic are set to rise sharply again. The Czech Hydrometeorological Institute has already issued warnings of extreme heat and an increased risk of wildfires.
Following the warm weekend, a cold front reached the Czech Republic, initially bringing cooler temperatures and localised rainfall. However, the rain and showers are expected to ease by Monday evening. Afterwards, hot summer weather will return, with temperatures set to peak towards the end of the week. On Friday, highs of up to 39 degrees are expected in the warmest parts of the country.
According to the Czech Hydrometeorological Institute (ČHMÚ), temperatures on Monday will not exceed 25 degrees. In addition, a fresh north-westerly to westerly wind is expected, with local gusts of up to 55 kilometres per hour. Isolated thunderstorms are also possible, particularly in Moravia and Silesia.
By midweek, sunny and almost cloudless weather will become established. On Wednesday, temperatures will already reach 29 to 33 degrees. Thursday will be even hotter, with highs of 33 to 38 degrees.
Meteorologists expect the heatwave to reach its peak on Friday. Temperatures of up to 39 degrees are possible in the warmest parts of the country. Despite predominantly sunny weather, isolated showers or thunderstorms may develop during the course of the day.
In view of the summer heat, people are advised to drink plenty of fluids, avoid direct sunlight wherever possible, and take particular care of older people, children, and other vulnerable groups.
TIP: Prague Swimming Pools for Hot Days
Summer in the city can be quite exhausting. Fortunately, there are plenty of places in Prague where you can cool off. Here are some suggestions!",0.8500000000000001
UK's most parched regions miss chance for rain ahead of next heatwave - BBC,https://news.google.com/rss/articles/CBMiYEFVX3lxTE9tZ3FZYTR6NV9jcXhRNVZ0OUpCWmNHZnAxRXJxeFNTNnRJZmxZWmg5VE1aRzFiQmJtRnJ2aEFpQXZpQ0pldG4yZU9hekxuLXVxSHFsdktGS09NbC05dU1oRg?oc=5,BBC,2026-07-27T04:39:44+05:30,en,Andaman and Nicobar Islands,,"(heatwave OR ""heat wave"" OR ""severe heatwave"" OR ""extreme heat"" OR ""heat spell"" OR ""scorching heat"" OR ""blistering heat"" OR ""sweltering heat"" OR ""hot winds"" OR loo OR ""hot loo winds"" OR ""intense heat"" OR ""unbearable heat"" OR ""deadly heat"" OR heat OR ""weather forecast"" OR ""weather update"" OR ""weather alert"" OR ""IMD forecast"" OR ""IMD prediction"" OR ""IMD alert"" OR IMD OR ""rising temperatures"" OR ""temperatures expected to rise"" OR ""relief from heat"" OR ""respite from heat"" OR ""heat respite"" OR ""respite from scorching heat"") Andaman and Nicobar Islands","- Published
Amber heat health alerts have been issued for much of eastern England for later this week as temperatures rise again.
The East Midlands, East of England, London, and the South East are all under the amber alerts from 9am on Wednesday until 9am Thursday.
With the temperature forecast to peak in the mid-30s Celsius on Wednesday, the UK Health Security Agency (UKHSA), which issues the alerts, warns that significant impacts are likely across health and social care services due to the high temperatures.
Yorkshire and the Humber, the West Midlands, and the South West are all under less severe yellow alerts for the same period.
This latest heatwave comes after some of the driest regions of the UK missed their chance of rain over the weekend.
Parts of the northern and western UK saw some rainfall on Saturday and Sunday, with further showers and unsettled conditions expected over the next few days.
But southern parts of the country - where the least amount of rain has fallen - are set to see temperatures climb once again, with more dry and sunny weather in the forecast.
It comes as parts of Wales have officially entered drought status, while parts of southern, central and eastern England remain in ""prolonged dry weather"", the final stage before drought is declared.
The coming days will only exacerbate dry conditions as another heatwave is expected to be declared, with temperatures peaking around 34-35C (93-95F) in south-east England or the East of England.
How hot will it get this week?
The hot weather will initially be focused on central and eastern England by Tuesday before spreading slightly northwards and westwards into midweek.
However, Wednesday is likely to be the hottest day, with readings of 30-35C across the Midlands, southern and eastern England.
Scotland and Northern Ireland will generally remain cooler and showery with temperatures in the high teens or low to mid-20s Celsius.
Current forecasts suggest that the intense heat across southern and central areas of the UK this week will be short-lived compared to previous heatwaves this summer.
No substantial rain on the horizon for driest regions
Over the weekend, rainfall was focused mainly across the north and west of the UK.
Meanwhile, the driest locations - including central, southern and eastern England - saw little, if any, meaningful rainfall.
As the spell of hot weather develops across England and Wales, the lack of significant rain means dry ground and low soil moisture levels are likely to become an increasing concern.
The driest parts of England and Wales have seen exceptionally low rainfall so far this month.
Some areas, particularly in parts of north Wales and southern and eastern England, have recorded only a few millimetres of rain or even less.
Wisley in Surrey has been one of the driest locations in southeast England with 40 days of no rainfall up to and including 26 July.
In the driest spots, totals have been below 2% of the average July rainfall.",1.0
"Intense heat grips western Japan, unstable weather expected in the afternoon - nhk.or.jp",https://news.google.com/rss/articles/CBMiYkFVX3lxTE52enZ3b2o0Ml9ZX0t3SDU2dDJRS2RvWF9Kck1XSXFENWl4ZGhjR2p0Q0RrMDllQW5ndkZiRkJaSHEzN3dacUhyLXR0S004bTFvc2hxVnJseXJySGt2RFctQXV3?oc=5,nhk.or.jp,2026-07-27T11:40:49+05:30,en,Andaman and Nicobar Islands,,"(heatwave OR ""heat wave"" OR ""severe heatwave"" OR ""extreme heat"" OR ""heat spell"" OR ""scorching heat"" OR ""blistering heat"" OR ""sweltering heat"" OR ""hot winds"" OR loo OR ""hot loo winds"" OR ""intense heat"" OR ""unbearable heat"" OR ""deadly heat"" OR heat OR ""weather forecast"" OR ""weather update"" OR ""weather alert"" OR ""IMD forecast"" OR ""IMD prediction"" OR ""IMD alert"" OR IMD OR ""rising temperatures"" OR ""temperatures expected to rise"" OR ""relief from heat"" OR ""respite from heat"" OR ""heat respite"" OR ""respite from scorching heat"") Andaman and Nicobar Islands","Weather officials in Japan are calling on people to take precautions against heatstroke as scorching heat grips mainly western Japan and the Tokai region on Monday.
The officials say atmospheric conditions will become very unstable in wide areas from the Tohoku region to Kyushu in the afternoon. They are urging caution over the risk of landslides as rain clouds are expected to develop.
They say a high pressure system has brought clear skies to western Japan and the Tokai region, pushing up temperatures from the morning. Highs of close to 40 degrees Celsius are forecast in Kyushu.
Monday's highs as of 11 a.m. were 37.4 degrees in Wakayama Prefecture's Tanabe City and 37.3 degrees in Kochi Prefecture's Shimanto City.
The officials are forecasting that temperatures will further rise to dangerous levels.
The daily highs are expected to hit 39 degrees in the Kyushu cities of Kurume, Saga, Kumamoto and Hita, and 38 degrees in Yamaguchi City. The mercury is forecast to top 35 degrees in wide areas.
Heatstroke alerts have been issued for 23 of the country's 47 prefectures.
The officials also say moist air flowing in, coupled with high temperatures, will make atmospheric conditions very unstable from the Tohoku region to Kyushu in the afternoon.
They forecast rain clouds to develop locally, bringing heavy rainfall and thunder through late Monday night. They say the Tokai region and northern Kyushu may see downpours of up to 50 millimeters per hour.
The Hokuriku and Tohoku regions as well as Niigata Prefecture already experienced heavy rainfall from Sunday through Monday morning.
The officials say even small amounts of additional precipitation could raise the risk of landslides in the affected regions as the heavy rainfall may have loosened the ground.
They are urging people to remain vigilant for flooding in low-lying areas, swollen rivers and landslides, as well as lightning, gusty winds and tornadoes.",1.0
Heatwave Triggers Warning Signs of Heart Problems: Summer Arrhythmia Alert - 스포츠조선,https://news.google.com/rss/articles/CBMigAFBVV95cUxOYlpUbDN0dUoxMnNWNFl3dFBJbHUwTlZBbG1hM2d3SFMxV19QUDRENWFSSE90eEVJRUhZOUNxZzFEcEJXcFlRTU9IRWpXQ0twbFIzUmw2N3VKLVM0SkdmZHpaaXRKWVpzZ3JtVjJQcnpKa1ZtdUg3WEhGWFVoYWtwag?oc=5,스포츠조선,2026-07-27T14:49:16+05:30,en,Andaman and Nicobar Islands,,"(heatwave OR ""heat wave"" OR ""severe heatwave"" OR ""extreme heat"" OR ""heat spell"" OR ""scorching heat"" OR ""blistering heat"" OR ""sweltering heat"" OR ""hot winds"" OR loo OR ""hot loo winds"" OR ""intense heat"" OR ""unbearable heat"" OR ""deadly heat"" OR heat OR ""weather forecast"" OR ""weather update"" OR ""weather alert"" OR ""IMD forecast"" OR ""IMD prediction"" OR ""IMD alert"" OR IMD OR ""rising temperatures"" OR ""temperatures expected to rise"" OR ""relief from heat"" OR ""respite from heat"" OR ""heat respite"" OR ""respite from scorching heat"") Andaman and Nicobar Islands","[Sportschosun reporter Jang Jong-ho] In summer, the number of patients visiting emergency rooms not only for heat-related illnesses but also for cerebrovascular and cardiovascular diseases increases.
In particular, arrhythmia is one of the conditions most affected by heat and dehydration. It can occur not only in people with existing heart disease, high blood pressure, or heart failure, but also in younger adults, so extra caution is needed.
The biggest reason heatwaves raise the risk of arrhythmia is dehydration. When people sweat heavily in hot weather, the amount of water in the blood decreases, which can reduce blood volume and lower blood pressure. To compensate, the heart beats faster, and the balance of the autonomic nervous system is disrupted, making the heart's electrical signals unstable. In the process, arrhythmias such as atrial fibrillation or tachycardia can develop, or existing arrhythmias can worsen. Patients taking diuretics and older adults are especially prone to dehydration, so they need to pay even closer attention to hydration during the summer.
Arrhythmia is a condition in which the heart fails to maintain a normal rhythm and beats too fast, too slowly, or irregularly. It includes a wide range of types, from relatively common arrhythmias such as atrial fibrillation to life-threatening ones such as ventricular tachycardia and ventricular fibrillation. Ventricular fibrillation is the most dangerous form, as the heart cannot pump blood properly and it can lead to cardiac arrest and sudden death.
Arrhythmia often develops as a result of aging, but the number of younger patients has also been steadily rising in recent years.
In addition to congenital genetic disorders and heart diseases such as myocardial infarction, cardiomyopathy, and valvular disease, chronic stress, lack of sleep, excessive caffeine and energy drink consumption, heavy drinking, and smoking can all affect the autonomic nervous system and the heart's electrical signals, increasing the risk of arrhythmia.
Symptoms also vary. The most common signs are palpitations or the sensation of an irregular pulse, but dizziness, shortness of breath, chest pain, and fatigue can also occur. In particular, sudden loss of consciousness, or syncope, may be an important warning sign of a cardiac arrhythmia. If a person faints during exercise or while lying down without any clear reason, experiences severe palpitations or chest pain before fainting, or has a family member who suffered sudden death at a young age, a specialized cardiac evaluation is essential.
The most important part of diagnosing arrhythmia is confirming the electrocardiogram at the moment symptoms appear. However, because arrhythmias are often temporary, they are not always detected in a standard ECG test. For this reason, patch-type ECG monitors attached to the skin are now used to record heart rhythm for one to two weeks. For patients whose symptoms occur only rarely, an implantable loop recorder inserted under the skin may be used to monitor the ECG for years and identify the cause. Depending on the case, echocardiography, cardiac MRI, exercise stress testing, and genetic testing may also be performed to determine the underlying cause.
Treatment depends on the type and cause of the arrhythmia. Bradyarrhythmias, in which the heart rate is too slow and fainting occurs repeatedly, can be managed with a pacemaker to maintain a normal rhythm. On the other hand, malignant arrhythmias such as ventricular fibrillation and ventricular tachycardia are treated with an implantable cardioverter-defibrillator (ICD), which delivers an electric shock as soon as a dangerous arrhythmia occurs to restore a normal rhythm. Atrial fibrillation is treated with medication as well as radiofrequency ablation or cryoballoon ablation. More recently, Pulse Field Ablation (PFA), which selectively treats only cardiac tissue, has drawn attention as a new treatment that can reduce damage to surrounding tissue and shorten procedure time.
To prevent arrhythmia during heatwaves, it is best to drink enough water before feeling thirsty and avoid caffeinated drinks and excessive alcohol. Exercise should be done in the cooler morning or evening hours, within a reasonable range, and sudden temperature differences between indoors and outdoors should also be minimized. Patients with high blood pressure or heart disease should check their blood pressure and pulse regularly and should not stop taking their medication on their own.
Professor Choi Young of the Cardiovascular and Cerebrovascular Hospital at The Catholic University of Korea Seoul St. Mary's Hospital's Cardiology Department said, ""Arrhythmia may end with simple palpitations, but some cases can lead to cardiac arrest and sudden death,"" adding, ""Especially in summer, when dehydration and autonomic nervous system changes become more severe because of the heat, people should not dismiss symptoms lightly. If repeated palpitations, fainting, chest pain, or shortness of breath occur, it is most important to seek prompt specialist care and identify the exact cause.""
Jang Jong-ho, bellho@sportschosun.com
This article has been translated by GripLabs Mingo AI.",1.0
First Alert Days extended due to extreme heat - AZ Family,https://news.google.com/rss/articles/CBMijgFBVV95cUxQeVhQbG5xQkpUVkNiNTFzX1pkZVVQNlFrdmNkang2STFkVHVKTHBUOHRTVHg3X0d0LWRPc2JVV3ZsT0FkTEdVMTFqbF9zVVVGellUYi1STHlRSW5iOUZ6Q20tdGs1MWx2S0U2TGwyWUdORWx4UkVFR2dmQi1waUVUb2ZkZzU2NlhlUlp6U0V3?oc=5,AZ Family,2026-07-27T06:03:00+05:30,en,Andaman and Nicobar Islands,,"(heatwave OR ""heat wave"" OR ""severe heatwave"" OR ""extreme heat"" OR ""heat spell"" OR ""scorching heat"" OR ""blistering heat"" OR ""sweltering heat"" OR ""hot winds"" OR loo OR ""hot loo winds"" OR ""intense heat"" OR ""unbearable heat"" OR ""deadly heat"" OR heat OR ""weather forecast"" OR ""weather update"" OR ""weather alert"" OR ""IMD forecast"" OR ""IMD prediction"" OR ""IMD alert"" OR IMD OR ""rising temperatures"" OR ""temperatures expected to rise"" OR ""relief from heat"" OR ""respite from heat"" OR ""heat respite"" OR ""respite from scorching heat"") Andaman and Nicobar Islands","Updated: 8 hours ago
|For the start of the work week, afternoon temperatures will soar between 108° and 113°F. This isn’t just uncomfortable heat; this is a major heat risk that can quickly turn dangerous.
Updated: 22 hours ago
|Dangerous heat continues across the Valley Sunday with higher humidity and another round of triple digits ahead.
Updated: Jul. 25, 2026 at 5:36 PM MST
|Sunday will be slightly cooler but still dangerously hot, with highs around 112 degrees
Updated: Jul. 25, 2026 at 8:11 AM MST
|If you’ll be spending time outdoors, use extra caution, stay hydrated, and limit prolonged exposure during the hottest part of the day.",0.6833333333333333
Croatia Braces for Another Heatwave as Temperatures Could Reach 40°C - Total Croatia,https://news.google.com/rss/articles/CBMiY0FVX3lxTE9oY0FOSm1Kb29oMy1NbzlKdWxyV0F2SDZfdVVtZ3JWSmNfOEswZUxwTGV4Y2tLWmN1Yi1DR0p4c2FsenM5d3JOQUw2MENhSUdRVy1GZ2VLc1RYMkRZaEpYbXlaSQ?oc=5,Total Croatia,2026-07-27T04:36:16+05:30,en,Andaman and Nicobar Islands,,"(heatwave OR ""heat wave"" OR ""severe heatwave"" OR ""extreme heat"" OR ""heat spell"" OR ""scorching heat"" OR ""blistering heat"" OR ""sweltering heat"" OR ""hot winds"" OR loo OR ""hot loo winds"" OR ""intense heat"" OR ""unbearable heat"" OR ""deadly heat"" OR heat OR ""weather forecast"" OR ""weather update"" OR ""weather alert"" OR ""IMD forecast"" OR ""IMD prediction"" OR ""IMD alert"" OR IMD OR ""rising temperatures"" OR ""temperatures expected to rise"" OR ""relief from heat"" OR ""respite from heat"" OR ""heat respite"" OR ""respite from scorching heat"") Andaman and Nicobar Islands","July the 27th, 2026 – Following a brief but very welcome period of cooler, fresher and somewhat unstable weather, Croatia is set to face another heatwave with temperatures likely to reach 40 degrees.
After a brief spell of unsettled and sometimes stormy weather, Croatia is preparing for another intense heatwave, with temperatures expected to climb steadily throughout the week and potentially reach 40°C in some inland areas. Index reports that meteorologists are claiming that the hottest conditions are likely to arrive during the second half of the week.
above 35 degrees by the end of the week
Weather conditions are expected to stabilise on Tuesday and onwards. Daytime temperatures will rise each day, with much of the country seeing highs above 35°C by the end of the week. Forecasters say isolated locations could even record temperatures of around 40°C if current forecasts hold.
The Croatian Meteorological and Hydrological Service (DHMZ) has already issued an initial yellow heat warning for Thursday, cautioning that the heat could pose a risk to human health. Meteorologists warn that higher-level warnings may be introduced if temperatures continue to increase as expected.
The upcoming heatwave follows an unusual period of unstable weather that brought thunderstorms, strong winds and a series of strange meteotsunamis along parts of the Adriatic coast. Once the current weather system moves away, a strengthening area of high pressure is expected to bring prolonged sunshine and very little rainfall.
records were broken in june
Forecasters also pointed to this summer’s exceptional conditions. During June, fourteen of Croatia’s 35 main meteorological stations recorded new monthly temperature records, while Split reached an all-time record of 40°C at the Marjan weather station. Staggeringly, even sea temperatures climbed to around 30°C in some areas, highlighting the intensity of this year’s hot summer season.
Authorities are advising residents and visitors to stay hydrated, avoid prolonged exposure to the sun during the hottest part of the day and keep a close eye on vulnerable groups, including the elderly, young children and those with existing health conditions, as Croatia prepares for another spell of extreme summer heat.",0.6833333333333333
Extreme heat humidity kick off new week - WSMV,https://news.google.com/rss/articles/CBMihAFBVV95cUxOYk9pZnEwcHFaaHppUGZuemtxanZEN0pfVi1IeXp3Nkw5TmFFeThYeGZJaW0xeEh0TlRwN2FVWEdXaklFS0dBSlg5Q2JrUm5JOUVvdjBJSnVCc3N5dFd5WmQ2ckdUN0hKN2toM284Qjhyc0RTUVpuejdTb2o1blBUQ3oySzQ?oc=5,WSMV,2026-07-27T09:26:00+05:30,en,Andaman and Nicobar Islands,,"(heatwave OR ""heat wave"" OR ""severe heatwave"" OR ""extreme heat"" OR ""heat spell"" OR ""scorching heat"" OR ""blistering heat"" OR ""sweltering heat"" OR ""hot winds"" OR loo OR ""hot loo winds"" OR ""intense heat"" OR ""unbearable heat"" OR ""deadly heat"" OR heat OR ""weather forecast"" OR ""weather update"" OR ""weather alert"" OR ""IMD forecast"" OR ""IMD prediction"" OR ""IMD alert"" OR IMD OR ""rising temperatures"" OR ""temperatures expected to rise"" OR ""relief from heat"" OR ""respite from heat"" OR ""heat respite"" OR ""respite from scorching heat"") Andaman and Nicobar Islands","Updated: 8 hours ago
|Humidity drops further on Thursday, well behind a cold front that will slide through a day or so prior. Friday should maintain moderate humidity, too.
Updated: Jul. 24, 2026 at 2:48 PM CDT
|First Alert Meteorologist Lisa Spencer breaks down the wet weather moving into the Midstate over the weekend.
Updated: Jul. 24, 2026 at 12:03 PM CDT
|First Alert Meteorologist Lisa Spencer breaks down what you need to know about the upcoming heat.",0.6833333333333333
First Alert: Tracking storms and intense heat ahead - WVLT,https://news.google.com/rss/articles/CBMihAFBVV95cUxNWjBPVEpWU3hpM1Q3bjJERTNiaElyZ3plUXdXOEExSXo5M2FtV0NLRWQ4UVRTSE1uclAtalBXa3E0a1dlNHI3UnJhYWVfM2pUQ3dNaDc5RXpMUnhvX19taXJOZE13Rm5VbUtPNkQ3QV90VVlVR3luelhuZ0k2NEI3ZUZldnE?oc=5,WVLT,2026-07-27T14:23:00+05:30,en,Andaman and Nicobar Islands,,"(heatwave OR ""heat wave"" OR ""severe heatwave"" OR ""extreme heat"" OR ""heat spell"" OR ""scorching heat"" OR ""blistering heat"" OR ""sweltering heat"" OR ""hot winds"" OR loo OR ""hot loo winds"" OR ""intense heat"" OR ""unbearable heat"" OR ""deadly heat"" OR heat OR ""weather forecast"" OR ""weather update"" OR ""weather alert"" OR ""IMD forecast"" OR ""IMD prediction"" OR ""IMD alert"" OR IMD OR ""rising temperatures"" OR ""temperatures expected to rise"" OR ""relief from heat"" OR ""respite from heat"" OR ""heat respite"" OR ""respite from scorching heat"") Andaman and Nicobar Islands","KNOXVILLE, Tenn. (WVLT) - Two rounds of storms will be possible heading into Tuesday, some of which could pack a punch.
MONDAY: After a stormy start, gradually clearing making way to increasing sunshine this afternoon. Hot and humid with highs in the low 90s but feels like temperatures sitting at or around 100.
FIRST ALERT WEATHER DAY TUESDAY: A cold front will be pushing through Tuesday into Wednesday setting the stage for a few strong to severe storms for some across East TN. The best chance for a couple strong storms will be primarily Tuesday afternoon through the evening hours, especially east of I-75.
The Storm Prediction Center has outlined a good portion of East TN in a Level 2 out of 5 Slight Risk for severe weather Tuesday. The main threats will be strong damaging wind gusts, locally heavy rain, small hail, but a brief spin-up tornado cannot be ruled out at the moment.
Outside of the storm threat Tuesday, it is going to be very hot and very humid. High temperatures will climb to the low 90s but with the excessive humidity, it’ll feel like the triple digits. Some heat index values are between 100-105 at the moment.
LOOKING AHEAD: Temperatures take a dip back to the 80s to end the week with a drop in humidity as well. Rain chances stay minimal to end the week before ramping up by next weekend.
For life-saving weather alerts, customized messages on conditions and forecasts, and videos detailing upcoming weather events, download the WVLT First Alert Weather app for iPhone or Android. Have weather pictures or videos? Share them here.
Copyright 2026 WVLT. All rights reserved.",0.6833333333333333
Nashville doctor shares heat exhaustion warning as temperatures soar - The Tennessean,https://news.google.com/rss/articles/CBMivAFBVV95cUxObTRZcnB5WU0tanRSU18zb256Y09yREYtSURIX0hGY2U3RjFYNmgyS3dSNFVLSHZRSzREeWRYell3OUJrRVAySUpSSEJKVU9rRlBLemlRU1VwUUQzc0tGMTBoVTN3VGpBUjdlRVJXX3JiUjd0aVZhMTQ4UUdMendWMDBnUGI1d3pRNzNqdE56VVozbDlmOWVwMVEwSEZ2bHg3aF9qNFpkRmJlanFuYXZZNWNfZWFCOHZLdE1fcg?oc=5,The Tennessean,2026-07-27T15:35:00+05:30,en,Andaman and Nicobar Islands,,"(heatstroke OR ""heat stroke"" OR sunstroke OR ""heat exhaustion"" OR ""heat-related death"" OR ""heat casualty"" OR ""heat fatality"" OR ""suspected heat death"" OR dehydration OR ""heat cramps"" OR ""heat illness"") Andaman and Nicobar Islands","Nashville doctor shares heat exhaustion warning as temperatures soar
A Nashville doctor who helps safeguard music lovers during steamy summer festivals shared key tips on avoiding heat exhaustion at events and elsewhere to safeguard kids, adults and pets.
With Nashville-area temperatures expected to stay in the 90s for much of the final week of July, knowing how to recognize and treat heat exhaustion and heat stroke could be critical, said Dr. Ashley Panas, chief flight physician with Vanderbilt University Medical Center's LifeFlight. Panas has helped staff medical services during racing events at Nashville Superspeedway, CMA Fest and events at Nissan Stadium that bring crowds, fun and, often, heat-related illness.
""We certainly see a lot of heat-related illness,"" Panas said. ""Early illnesses can be fairly minor but can also be fairly extreme. Heat stroke is life threatening and that's when your body core temperature starts to affect your vital organs.""
Young children and the elderly are at higher risk, but healthy young adults also can become sick from the heat, she said.
Heat exhaustion symptoms include heavy sweating; headache; dizziness; fatigue; nausea or vomiting; rapid heart rate and intense thirst. Meanwhile, heat stroke comes with a body temperature of 103 degrees or higher; confusion or disorientation; slurred speech; hot, red skin and fainting, seizures or loss of consciousness.
""All ages are susceptible to heat stroke,"" especially when exercising in the heat, she said.
A few simple steps can keep the good times going and lessen the risks of injury.
What to do before an outdoor concert or event
Start early by drinking plenty of water the day before you plan to be outside in the heat so your body is hydrated, the doctor said.
Otherwise, if you start out dehydrated, you're going to be more susceptible of heat illness at the event.
Staying safe at Nashville festivals
Panas advised that workers and concertgoers make a mental note of the location of the medical tent as they enter the event just in case.
It's important to drink lots of water and beverages with electrolytes, she said.
Some venues will offer cooling stations with shade and water.
If alcohol is consumed, it's important to drink moderately because it can be a double-whammy, causing someone to become dehydrated more quickly and dulling the awareness of possible heat exhaustion, the doctor said.
Signs of possible heat exhaustion
If someone starts talking nonsensically, it could be a sign of heat exhaustion, Panas said. Other signs can include headaches, nausea. muscle cramping and lightheadedness.
Someone in danger of overheating may turn red or may become pale an clammy, Panas said.
Someone suffering a heat stroke might suffer a seizure or lose consciousness.
Rapid cooling
Medical teams at outdoor events have rapid cooling plans to aid victims on site before transporting them to a hospital.
""The literature in recent years has shown that if we can rapidly cool someone at the time that we identify them as a heat stroke victim, their outcomes are much better,"" Panas said.
The teams will move the patient to the shade and immerse them in an ice bath to lower their core temperature on site, the doctor said.
How long can you leave your pet in a hot car?
Panas advises not to leave your pet in a hot car, even with windows cracked.
Temperatures inside the car can rise quickly, endangering pets and children, according to warnings by the state Health Department.
Health experts urge drivers to routinely check front and back seats for kids and pets before leaving the car.
Beth Warren covers health care and can be reached at bwarren@tennessean.com or on X at @BethWarrenCJ.",1.0
Monday forecast: Hottest day of the week - WIBW,https://news.google.com/rss/articles/CBMic0FVX3lxTE1weE52YlJSMEFsZTVRdW9NUHlNazB2MVNiWXU5RS1yVG5iNlB1d0tOTkYyVW94QUx6ZjVJV19DZ1BkQkp0Y1JvTTJhTnp4cjBMdlZWang0TUhaUDFwUUdHSXlMSUd6YjEtUUlOVkJYdk1wY2_SAYcBQVVfeXFMUGNQLXF1VF9CVnpzMWpVXzRaaGt3NFJKeUtKMkkwTFlNdXRnZElhTUhLUDNxTTd6YUJUYXlEQmg4T3NIQXl2RDFDeUR4RGdNYmxhUjFUT05OY1F4bERfQnF6NEJlanhreDZaV2VROHFsRnFrM1g4dmVHTUdYM284WXY4SVNZVWJJ?oc=5,WIBW,2026-07-27T14:36:00+05:30,en,Andaman and Nicobar Islands,,"(""mercury soars"" OR ""mercury crosses"" OR ""temperature soars"" OR ""record temperature"" OR ""all-time high"" OR ""degrees Celsius"" OR ""maximum temperature"" OR ""hottest day"" OR ""temperature crosses 40"" OR ""temperature crosses 45"" OR ""temperature likely to rise"") Andaman and Nicobar Islands","TOPEKA, Kan. (WIBW) - The good news is today is the last day of the extreme heat and while it does remain hot the rest of the week, it’ll be more seasonal and closer to 90 degrees vs 100 degrees. The other concern is the overnight/morning chances for showers/storms everyday this week. The highest chance of rain this week will be Thursday night but as always stay weather aware for changes to the details.
Taking Action:
- Dangerously hot today, this is going to be the hottest day of the week. Stay hydrated, drink plenty of water and drinks with electrolytes like sports energy drinks and limit outdoor exposure as well as take frequent breaks if you are outside. Never leave a child or pet in the backseat of a car but when we’re talking about this level of heat expected for the week, it can be fatal in a matter of minutes.
- Daily chances for rain exist tomorrow through Thursday. The highest chances will be in the morning (from overnight rain that moves through) but it’s not to the extent you need to cancel plans on any day. As of now leaning more toward Thursday possibly having more of an impact on the entire day but do NOT cancel plans. Have a Plan B and stay aware of the forecast. Lightning and locally heavy rain are the concerns, not expecting severe weather at this time.
________________________
Confidence is high overall on the weather pattern this week with today being the worst of the heat. While it still remains hot the rest of the week, it’ll be more seasonal. Rain chances will be widely scattered at best this week with maybe the exception of Thursday night when the rain will be more widespread. As always, check back daily for updates as details are likely to change.
Today: Sunny. Highs will range from 98-103. Heat indices 105-112. Winds S/SW 5-10 gusts up to 20 mph.
Tonight: Increasing Clouds. Slight chance of showers/storms late. Lows in the mid-upper 70s. Winds will be calm unless influenced by a storm.
Tomorrow: Decreasing Clouds. Slight chance of showers/storms mainly in the morning. Highs in upper 80s-low 90s. Winds E 5-10 mph.
Despite the fact confidence is high on the overall weather pattern, confidence is lower on the specifics of where it will rain each night/day. Also how quickly the rain and clouds move out each day will also depend on how hot it will get. It’s possible to have highs closer to the mid 80s on any day if the rain and clouds are slower to clear out and possible to reach the mid 90s in some spots if it’s quicker to move out. With dry conditions expected for the weekend, highs will more likely be in the mid-upper 80s (low probability of low 90s) to start August.
Copyright 2026 WIBW. All rights reserved.",1.0
IMD issues yellow alert till July 29 - digitalgoa,https://news.google.com/rss/articles/CBMibEFVX3lxTE16aXNTSWs2a2hsRGkyR2d1d0Z4ODNYcGxRQm5CcUZKTHJlQm5CTW9mcTNlYWY4X0t2VWF3UEc4bEYwc0p5eXZ5NC1BZE1mQ2JkOXdHMDZ1bGZVb0VvWWF1Z2VlS1d5VUpnY1lOVg?oc=5,digitalgoa,2026-07-27T13:50:29+05:30,en,Andaman and Nicobar Islands,,"(""heat advisory"" OR ""heat action plan"" OR ""heat alert"" OR ""IMD warning"" OR ""IMD alert"" OR ""red alert"" OR ""orange alert"" OR ""yellow alert"" OR ""NDMA advisory"" OR ""cooling shelter"" OR ""relief measures"" OR ""heat compensation"" OR ""severe weather warning"") Andaman and Nicobar Islands","Moderate rainfall recorded in parts of Goa; Valpoi receives highest rainfall
Digital Goa, July 26 – Moderate rainfall was recorded in several parts of Goa during the 24-hour period ending at 8.30 am on Sunday, with Valpoi receiving the highest rainfall of 29.1 mm, according to IMD. Other areas that recorded moderate rainfall included Dharbandora (28.2 mm), Ponda (28 mm), Canacona (27.2 mm), Sanguem (17.5 mm) and Sankhali (15.6 mm). Light rainfall was reported from Ela (Old Goa) with 15.2 mm, followed by Margao (13 mm), Pernem (11.2 mm), Quepem (10.8 mm), Panaji (9.6 mm), Mapusa (7.2 mm), Dabolim (6 mm) and Mormugao (3.2 mm).",0.8333333333333333
Mumbai weather update: IMD issues yellow alert for city; BMC warns of 3.87 metre high tide - Mid-Day,https://news.google.com/rss/articles/CBMi5AFBVV95cUxNRUE3Z2pOMTVxeDB3TTJ2N21OZy1FT2NpX0JCRmN6YlBRSWItS3AyNW5zenFVNTJ3VlVoalRldkNNQXlYRmZvcEhRNUJ6eHZ1YzZpSHB3b3FiLXF3NllJRW8yaDI1X1lDQWJrcUpsOVJrWXFybWRvbmFWY0VsYlN6aWQ3MHJIQ0duSjhTTDlnZkMzLWllSllGVW50SThBb1NUWXotN2NJdjFPSjU0dExXcEZuTi12OUZ1MDR1ZFI0RmRRakoyS3l0YkZOekpOcHBnQldhUDFMOEhJWHZKb0JlcVI2NlrSAeoBQVVfeXFMT3IxYXdXLUlNeGVBcHZYcVFpaWQwbEw3UHNleHZFMUZHVm51bVZCaUhtOFZDWFZyRWUwQVVGUnZ2ODZUaDFRUTNRVlpSd3dwd2Q3eWE4MVdlQ19rOUZKb0dfdnR2UnF2YnZBTDRZSGxtbTAzYmtUM29TRTN4eWVKc1JiX2NLMVBUa0JDS2tYVVNGdDREUXBRVHNrZ0dwQ0ZfT21VR1hCRU81LUtkYlhXYzYtZmliaWI0bXJuNFNtbUdUMWpmdTJUVFRWcFRiUVhHNVgzcm43anhPOXF3V2JBNVVzSXl2SlpoYVVn?oc=5,Mid-Day,2026-07-27T09:56:00+05:30,en,Andaman and Nicobar Islands,,"(""heat advisory"" OR ""heat action plan"" OR ""heat alert"" OR ""IMD warning"" OR ""IMD alert"" OR ""red alert"" OR ""orange alert"" OR ""yellow alert"" OR ""NDMA advisory"" OR ""cooling shelter"" OR ""relief measures"" OR ""heat compensation"" OR ""severe weather warning"") Andaman and Nicobar Islands","Mumbai weather update: IMD issues yellow alert for city; BMC warns of 3.87 metre high tide
The weather department has placed Mumbai, Thane and Sindhudurg under a yellow alert, forecasting heavy rainfall at isolated places. Meanwhile, Raigad and Ratnagiri remain under an orange alert, with the IMD predicting heavy to very heavy rainfall at isolated locations
Mumbai recorded moderate rainfall across its three regions. File Pic
The India Meteorological Department (IMD) on Monday forecast a generally cloudy sky with moderate rainfall across Mumbai city and suburbs, with the possibility of heavy showers at isolated places. The civic body has also warned of occasional gusty winds reaching speeds of 40-50 kmph.
According to the IMD, the maximum temperature is likely to be around 30 degrees Celsius, while the minimum temperature is expected to hover around 25 degrees Celsius.
ADVERTISEMENT
ADVERTISEMENT",1.0
Orange Alert for Heavy Rain in Himachal Pradesh; 135 Roads Remain Closed - Daily Pioneer,https://news.google.com/rss/articles/CBMihgFBVV95cUxNQl9VRzJzaFJZT1JKN2VjX0R4YW40ZmxYVWxyUms4d21EelJHa1ZnWTA1bHVvOEFBTy00MDJkb1F6cHdjRVZTdktCdmttTkJaTkd0XzBxZnVzbnVhUlp6MWVsVVJNdWlKa3h1SFJuOGxRdTJkSDZYbDJ2S1dhNTZSeVlhWGZDUQ?oc=5,Daily Pioneer,2026-07-27T08:47:33+05:30,en,Andaman and Nicobar Islands,,"(""heat advisory"" OR ""heat action plan"" OR ""heat alert"" OR ""IMD warning"" OR ""IMD alert"" OR ""red alert"" OR ""orange alert"" OR ""yellow alert"" OR ""NDMA advisory"" OR ""cooling shelter"" OR ""relief measures"" OR ""heat compensation"" OR ""severe weather warning"") Andaman and Nicobar Islands","Rains batter Himachal Pradesh
The weather office on Sunday issued an ‘orange’ alert for heavy to very heavy rainfall in isolated parts of three to five districts of Himachal Pradesh between July 28 and 31.
On the other hand, 135 roads remain closed across the state due to landslides and flashfloods triggered by torrential rains, according to the State Emergency Operation Centre (SEOC). The highest number of closures have been reported in Kullu district with 54 roads closed for traffic, followed by 43 in Mandi, 15 in Shimla, eight in Chamba, five each in Kangra and Lahaul-Spiti, four in Sirmaur and one in Una.
The inclement weather has also affected 38 water supply schemes and 44 electrical transformers, according to SEOC data.
Since the onset of monsoon on June 30, landslides and flashfloods have claimed 15 lives across the state.
Light to moderate rainfall took place in most parts of the state in the 24 hours till Sunday evening, with Sundernagar receiving highest rainfall of 65.2 mm, followed by Malraon (55 mm), Kasol (48 mm), Jubberhatti (47.6 mm), Berthin (42.2 mm), Rampur (40.2 mm), Jot (36.2 mm), Sarahan (32.7 mm), Kataula (32.1 mm), Murari Devi (26 mm), Kahu (22.8 mm), Kasauli and Olinda (22 mm each).
The Shimla Meteorological Centre has forecast a wet spell across the state till August 1, issuing an ‘orange’ alert for heavy to very heavy rainfall in parts of Shimla, Solan, Sirmaur and Mandi districts on July 28, in Una, Kangra and Sirmaur districts on July 29, and Una, Bilaspur, Hamirpur, Chamba and Kangra districts on July 30.
According to India Meteorological Department’s colour-coded weather warning system, an “orange alert” indicates severe weather is imminent, and cautions citizens of significant disruptions to transport and power, among others.
Himachal Pradesh has received 224.2 mm of rainfall against the normal 210.9 mm between July 1 and 26, an excess of 6 per cent.
Kukumseri in Lahual-Spiti was the coldest in the state on Sunday, recording a minimum of 12.8 degrees Celsius, while Una was the hottest with a maximum of 34.6 degrees Celsius.",0.8333333333333333
"Himachal Pradesh is likely to see more rain, with the State Meteorological Centre issuing a yellow alert for 10 districts on Monday. - News Arena India",https://news.google.com/rss/articles/CBMingFBVV95cUxPQm12WGdsaVZ5U2hrYzREVnV3Sk51TkpvR205aUxnRXJ6OXk3MnNyRGpfQ2pfWHpHN2IycG5GQ3hoVm9uMUFFSk1nRjFSWmJhR2tlRTkyaGdMV1Uyc0tFWHZHeWgzOW5xMktoWDBaUWtCcWxLNW1JbDRLSVRfYmV3M21FTDBBWTV0ekIyMUc4ODdpV1pwaER2Vmxfc09kUQ?oc=5,News Arena India,2026-07-27T14:00:47+05:30,en,Andaman and Nicobar Islands,,"(""heat advisory"" OR ""heat action plan"" OR ""heat alert"" OR ""IMD warning"" OR ""IMD alert"" OR ""red alert"" OR ""orange alert"" OR ""yellow alert"" OR ""NDMA advisory"" OR ""cooling shelter"" OR ""relief measures"" OR ""heat compensation"" OR ""severe weather warning"") Andaman and Nicobar Islands","Rain to continue in Himachal, yellow alert in 10 districts
The districts under the alert include Shimla, Kullu, Kangra, Mandi, Solan, Chamba, Sirmaur and Lahaul and Spiti. Isolated areas in these districts may receive heavy rain during the day. The rest of the state is expected to have mainly dry weather.
News Arena Network - Shimla - UPDATED: July 27, 2026, 01:58 PM - 2 min read
Representational image.
Himachal Pradesh is likely to see more rain, with the State Meteorological Centre issuing a yellow alert for 10 districts on Monday.
The districts under the alert include Shimla, Kullu, Kangra, Mandi, Solan, Chamba, Sirmaur and Lahaul and Spiti. Isolated areas in these districts may receive heavy rain during the day. The rest of the state is expected to have mainly dry weather.
Minimum temperatures are likely to stay around normal levels, while daytime maximum temperatures may increase by 2°C to 3°C.
The minimum temperatures recorded were 17.5°C in Shimla, 18.6°C in Dharamshala, 19.5°C in Manali, 21°C in Solan, 24.7°C in Mandi, 25.5°C in Bilaspur, 25.1°C in Hamirpur, 15.8°C in Kufri, 22.1°C in Nahan, 16.2°C in Kalpa, 13.6°C in Keylong, 22.8°C in Una, 22.1°C in Bhuntar and 26°C in Paonta Sahib.
Kukumseri village in Lahaul and Spiti recorded the lowest minimum temperature in the state at 12.8°C.",0.5166666666666666
China issues red alert as Typhoon Noul approaches - Udayavani,https://news.google.com/rss/articles/CBMijwFBVV95cUxNenRuanF6cTg4MVowc25wbzdKWnNLcVRGRkZTWmdtVDVPWFpJMXZzZHdzdXgzc0RDbFdlVkZJRlNsNHJ5NVFEQWIwQ2UxSFhWS3lBemVCRG1LT001UXRZSUpQM0RRN0RwNFRCLU0yZ3ZLSVFMb2U4TWpnWUVxNmhsUU1QamQxQVJNdDJjcV9jQQ?oc=5,Udayavani,2026-07-27T07:33:17+05:30,en,Andaman and Nicobar Islands,,"(""heat advisory"" OR ""heat action plan"" OR ""heat alert"" OR ""IMD warning"" OR ""IMD alert"" OR ""red alert"" OR ""orange alert"" OR ""yellow alert"" OR ""NDMA advisory"" OR ""cooling shelter"" OR ""relief measures"" OR ""heat compensation"" OR ""severe weather warning"") Andaman and Nicobar Islands","Indian-origin woman shot dead in Canada; suspect arrested
Indian-origin diamond merchant abducted in Mali, freed after family pays Euro 4 million ransom
Multiple people injured in mass shooting at food festival in US
US halts strikes on Iran after 13 days amid missile shortage concerns and diplomatic push
2 dead in Ukraine from Russian attacks, 4 more in Russian-held area hit by Ukrainian drones
Germany says fatal Berlin Pride attack believed to be act of Islamic extremist terror
German police hunt suspect in Berlin Pride van-ramming attack that left 1 dead, 16 injured
Wildfires in France drive 250,000 people from their homes, creep toward wine city",0.5166666666666666
"Heavy rain spell to continue in Himachal; Shimla, Kangra among 10 districts under yellow alert - The Tribune",https://news.google.com/rss/articles/CBMi0gFBVV95cUxOWmZiR2dqbnFyT3V2eURXbDFIVDdCN2lhblBrdzI0WHZXTzdSczRjdzFXVkNaUVY1Q3NwbFBFTGYtbXhMVkt0d19sbnV2OEVnd2hUbHBZeFBRVGRFVTFCM1FRTDNUamxISXdUSFJ4Rl9ZS3A5V2JKcW5Nb1AxbzNHYlZ6THFqLTBUT0ZrWjBnZkpBUFhtYWxVYy0yRHBKTFZBOWo2QmE5eFhXTzFYbFZxM2ZhNHRnTmI0WFlpdjBXZmR3UThqeC1UVnozYVVxSm4zQ0HSAdYBQVVfeXFMUFVscFJDRW9jMzZhcFRsSXIyUGJ1MzJjbFluZWFzalB0dWx1b3VaeVVZV29xa0czZGZHUk9aeWI4ellEX283ajJqS1hnWE5DaEotUXpNU1lXY3BicXpVWkxfQ1dCVHN6TFp3WlhvU0RCa3o3ZVlQOEZpbWZqVGRUTkhVbG9JU0RiVXF5MGdhMXRWT1h2VXBybktTdzJMTDloVFdVVXhmRXNjQ0lEMk5BLUJGNlFRZmFjeUM0R2VKQm5RS2dOeFg3a3JtZ1RpSjhUeHdDOEFyQQ?oc=5,The Tribune,2026-07-27T11:01:58+05:30,en,Andaman and Nicobar Islands,,"(""heat advisory"" OR ""heat action plan"" OR ""heat alert"" OR ""IMD warning"" OR ""IMD alert"" OR ""red alert"" OR ""orange alert"" OR ""yellow alert"" OR ""NDMA advisory"" OR ""cooling shelter"" OR ""relief measures"" OR ""heat compensation"" OR ""severe weather warning"") Andaman and Nicobar Islands","Heavy rain spell to continue in Himachal; Shimla, Kangra among 10 districts under yellow alert
State Meteorological Centre forecasts heavy showers at isolated places; maximum temperatures likely to rise by 2°C to 3°C.
Heavy rainfall is set to continue in Himachal Pradesh, with the State Meteorological Centre issuing a yellow alert for 10 districts on Tuesday.
The districts include Shimla, Kullu, Kangra, Mandi, Solan, Chamba, Sirmaur and Lahaul and Spiti, where heavy rain is likely at isolated places throughout the day. Weather is expected to remain dry in the rest of the state.
Minimum temperatures are expected to remain normal, while maximum temperatures are likely to rise by 2°C to 3°C during the day.
The minimum temperature was recorded at 17.5°C in Shimla, 18.6°C in Dharamshala, 19.5°C in Manali, 21°C in Solan, 24.7°C in Mandi, 25.5°C in Bilaspur, 25.1°C in Hamirpur, 15.8°C in Kufri, 22.1°C in Nahan, 16.2°C in Kalpa, 13.6°C in Keylong, 22.8°C in Una, 22.1°C in Bhuntar and 26°C in Paonta Sahib.
The state's lowest minimum temperature was recorded at 12.8°C in Kukumseri village of Lahaul and Spiti district.",0.5166666666666666
Chamba Deputy Commissioner reviews relief measures to kin of Kadu Nullah accident victims - The Tribune,https://news.google.com/rss/articles/CBMizgFBVV95cUxNTTNaMHhURFZmUndNejF1alV3azdvMVVqNkFiVXNxbXRPRUNlVnNjLS04MHVvUm1HUy1pQm55cllmNnR3ODBGNjJRdWRRaVhNOUcxUW5GRHRJZ2JGa3NsR0x2MTRxY1JTanVXMmVGLWxRLWlocnRUZkdEck5scHBYeUQ1Y01HT1ItUlRaQUNYeU12UkluRmtyZXI3b0Q1VWdQbmNRU05hU2VHRUJCUGdwRnVDY2IwQXg4Vm15b0RhaXVyR2VrNmEzSXM4ZzJud9IB0gFBVV95cUxOOHRwMHpoMXR1ZUZFUTNZeHlMYl9EVjF4TVM0eHdMWHdkQlBYaEowbG9mbWpUMFUtU2JnMkVFaUJvTWFwOXNzdTlrTjR2TEtsNThCNm5iXzhiakJCUlYyZGVRdG5rRE43VlJDOWNFNGQ2c201Y2FVQW1PRXNIREFvNXNJUWJYRGg2ck9pcjZNUE81SjUyQ1RmRGYtNWExeF9XbUlGVUJCMFRJVVo4RG5CQ3F2TWgtZXRGclpaaFplWUFaTXNjTFo4QUlRSE1WTWRrQWc?oc=5,The Tribune,2026-07-27T01:46:10+05:30,en,Andaman and Nicobar Islands,,"(""heat advisory"" OR ""heat action plan"" OR ""heat alert"" OR ""IMD warning"" OR ""IMD alert"" OR ""red alert"" OR ""orange alert"" OR ""yellow alert"" OR ""NDMA advisory"" OR ""cooling shelter"" OR ""relief measures"" OR ""heat compensation"" OR ""severe weather warning"") Andaman and Nicobar Islands","Chamba Deputy Commissioner Mukesh Repaswal on Sunday inspected the site of the tragic road accident at Kadu Nullah on the Sansari-Killar-Thirot-Tandi road in the tribal Pangi valley and reviewed the circumstances that led to the mishap.
Thirteen persons were killed on July 24 when a vehicle going from Kullu to Pangi was struck by boulders that had rolled down the hillside near Kadu Nullah.
The Deputy Commissioner visited the accident site and sought detailed information from the officials concerned regarding the cause of the accident and the present condition of the road. He directed the officials to take appropriate measures to ensure the safe movement of vehicles on the route and issued necessary instructions to improve road safety.
Repaswal reviewed the relief and rehabilitation measures undertaken by the district administration for the affected families. Officiating Resident Commissioner of Pangi Amandeep Singh informed him that revenue teams, including the Tehsildar and other officials, had visited the homes of all 10 affected families and disbursed the sanctioned relief assistance.
Expressing condolences to the bereaved families, the Deputy Commissioner said the Himachal Pradesh government stands firmly with the affected families during this difficult time and assured them of all possible support.
Later, Repaswal inspected the Sach Hydropower House and reviewed the ongoing works, besides assessing the overall arrangements and progress of the project.",0.5166666666666666
"Heat advisory ends Monday; slightly cooler temps possible, but will be short-lived - KSBY News",https://news.google.com/rss/articles/CBMiwwFBVV95cUxOeGZhWHFWVjV3Ti15NFZpTnh4VERPTlNfVDlsYVVTQzVpMmZFRnptOUgwSjdaVkVyc3YtbEtwX0prOTdENC1qYk9EX3NqY2F0VmQ2QUFrdUpPOVJhcnctLTJ6eGVfbnVTYi1YbVkwS1kwZDRXNU91VHp1TmE3d09CTXZodUR1TlNjVmgwWWtfdTFVV0dmMWNodVRRazlkN0lQVEs3MXJ2ZlU1SlcteXRJNlZlQ19oSnJBN1hhUGFEZzFLNkE?oc=5,KSBY News,2026-07-27T11:10:20+05:30,en,Andaman and Nicobar Islands,,"(""heat advisory"" OR ""heat action plan"" OR ""heat alert"" OR ""IMD warning"" OR ""IMD alert"" OR ""red alert"" OR ""orange alert"" OR ""yellow alert"" OR ""NDMA advisory"" OR ""cooling shelter"" OR ""relief measures"" OR ""heat compensation"" OR ""severe weather warning"") Andaman and Nicobar Islands","Happy Sunday, Central Coast!
Here are the temperatures you can expect on Monday: slightly cooler temperatures but still quite warm.
Temperatures will start increasing again as we approach next weekend. Plan accordingly.
Stay hydrated!
—Leslie Molina
Happy Sunday, Central Coast!
Here are the temperatures you can expect on Monday: slightly cooler temperatures but still quite warm.
Temperatures will start increasing again as we approach next weekend. Plan accordingly.
Stay hydrated!
—Leslie Molina",0.8333333333333333
A Heat Advisory Has Been Issued 7-27-2026 - WTXL ABC 27,https://news.google.com/rss/articles/CBMiekFVX3lxTFB0TXFDSWxfVmRLN2VMUU9iWG1YWDB6cWxoV1dNbllid1BIM19BQmF6SEFqdTQ2QmY3WG90MUNfUmRKclFFa2x0YUd4ODFrVTBwM2lZSFlsRnduc2l4bTZCdnpXYmpTTktQcEFPemtlX2dnUjNyMEIwRy1R?oc=5,WTXL ABC 27,2026-07-27T14:35:13+05:30,en,Andaman and Nicobar Islands,,"(""heat advisory"" OR ""heat action plan"" OR ""heat alert"" OR ""IMD warning"" OR ""IMD alert"" OR ""red alert"" OR ""orange alert"" OR ""yellow alert"" OR ""NDMA advisory"" OR ""cooling shelter"" OR ""relief measures"" OR ""heat compensation"" OR ""severe weather warning"") Andaman and Nicobar Islands","TALLAHASSEE, FL (WTXL) — A Heat Advisory has been issued for our entire area from 11 A.M. till 8 P.M.
The heat index today will be around 106° to 112°. The air temperature will be in the upper 90s with some areas around I-75 reaching 100°.
The National Weather Service has also issued an Extreme Heat Watch for tomorrow at the same time.
A watch means that the pieces are there for extreme heat, but it does not mean it will happen yet. The National Weather Service could issue a warning for the heat tomorrow morning, for now it is just a watch. The heat index could be a minimum of 110° at its peak in the afternoon.
Stay hydrated throughout today, and stay indoors or in the shade when you can.
Want to see more local news? Visit the WTXL ABC 27 Website.
Stay in touch with us anywhere, anytime.",1.0
Heat Alert Issued for Eastern Province and Five Districts - Newswire,https://news.google.com/rss/articles/CBMimAFBVV95cUxONjQwVzZQV0N6cV9MVWpqc1FuOF9fMDNZSTBpTVhONDVUQnRkNGxWbUhmMWRPZVVGNnYxSXQ1a2JvalVTWVM1VV9MYXhRa19zMG94ZVBjMUQ4Y3hQX1BQLWNzeDNzZ1VrU2lQU1R2bHBDWGVWTDhXRl9kN3B0Wkc0ZWRfMV9TMTM1UW4zZGx0U214MEppLTYydw?oc=5,Newswire,2026-07-27T12:51:35+05:30,en,Andaman and Nicobar Islands,,"(""heat advisory"" OR ""heat action plan"" OR ""heat alert"" OR ""IMD warning"" OR ""IMD alert"" OR ""red alert"" OR ""orange alert"" OR ""yellow alert"" OR ""NDMA advisory"" OR ""cooling shelter"" OR ""relief measures"" OR ""heat compensation"" OR ""severe weather warning"") Andaman and Nicobar Islands","The heat index — the temperature felt by the human body — is expected to rise to the “Caution” level at some places in the Eastern Province and in Kilinochchi, Mullaittivu, Vavuniya, Polonnaruwa and Monaragala districts during the daytime.
Residents are advised to take necessary precautions against prolonged exposure to heat.",0.8333333333333333
