title,url,source,date,language,state,district,search_term,full_text,relevance_score
"बिहार के शहरों में उगेगा जापानी 'जंगल'! प्रदूषण और भयंकर गर्मी से मिलेगी राहत, जानें क्या है मियावाकी तकनीक - Navbharat Times",https://news.google.com/rss/articles/CBMikAJBVV95cUxOaWNKOEFmbVBpWGNWSnNHcDBRbkFfQjVwNHZsMlZCM3piZjYxb1gwZWVOeGRqTE9MR1VGUllQY1dieXpLN2lIYjlXMDdKMVROSmNyWFB0eFAzTjd4VkY2b3Z3YU9ERVVrX01ZWllIcV9uSUZReVFwVVNMT1R4c3VfdEdUYlVpQlN0UkF6c1I0Rl9rR00tbUNyUVljRlVEbHNkdk9pZmlVUzBzcjh6cUd0Q0FhcTViNVZySG41N3RkVVNuMjhQYzhuemFROHFwRGRCcy1nLUNJV21QbkVVUVI4UGRPTGtoQkVNUTRGdWgtSWxCcTkzRWYxaXpiNmpWTVY4WTZNWFhaRzJDdTBvVDhzbtIBlgJBVV95cUxQaTh3aGtWSGhIMlhYWEJCMmVfMGRUWW55VXNsZXBfMWlZNlNnYjEyU1FyclhCR0lJalg5X1lBMDNaOTUtcmVXYVhaSld3cXFpbkxnQjJFZVJ3YjBjaFVDS2ZiV0xKclczdWlUN05nSUtMaGVmUVRwd3AxZFJiMFJSM2dFY0JhbW1jVFktVjdtNWlzc2JyT25EVlZJUWZNeUpuX1pObnRpZHloU1F5NUU1YWpKOTNaUkpLeUlvd1hHc0tPdWsxTHV5elJ5SGdOT0NNOExrNS12NlJDX2lOOFpCZVpYanlaTGt2VE5IOWVhOHphZTd6RFROMmVEMXJoN1EwLUdXVTg0UlBXWk5EMmkxRHpCLTk4dw?oc=5,Navbharat Times,2026-09-30T07:59:26+05:30,hi,Andaman and Nicobar Islands,,"(लू OR ""लू चलना"" OR ""भीषण गर्मी"" OR ""प्रचंड गर्मी"" OR ""कड़ी धूप"" OR ""तेज धूप"" OR ""गर्म हवा"" OR ""उष्ण लहर"" OR ""ताप लहर"" OR ""हीट वेव"" OR ""झुलसाने वाली गर्मी"" OR ""तपती गर्मी"" OR ""भयंकर गर्मी"" OR ""गर्मी का कहर"" OR ""गर्मी का प्रकोप"" OR ""अत्यधिक गर्मी"" OR मौसम OR ""मौसम अपडेट"" OR ""मौसम का हाल"" OR ""मौसम पूर्वानुमान"" OR ""मौसम अलर्ट"" OR आईएमडी OR ""आईएमडी पूर्वानुमान"" OR ""आईएमडी अलर्ट"" OR ""तापमान में बढ़ोतरी"" OR ""गर्मी से राहत"" OR ""गर्मी से निजात"") Andaman and Nicobar Islands","Miyawaki Technique: बिहार के शहरों में वायु प्रदूषण (PM-10) को नियंत्रित करने और हीट वेव के प्रभाव को कम करने के लिए जापानी 'मियावाकी' तकनीक से सघन पौधरोपण किया जाएगा। पर्यावरण, वन एवं जलवायु परिवर्तन विभाग और आपदा प्रबंधन विभाग द्वारा संयुक्त रूप से तैयार इस योजना को जल्द ही राज्य सरकार की अंतिम स्वीकृति मिलेगी।
पटना: बिहार के प्रमुख शहरों में बढ़ते वायु प्रदूषण और कंक्रीट के जंगलों के कारण उत्पन्न हो रही अत्यधिक गर्मी से निपटने के लिए राज्य सरकार ने एक ठोस कदम उठाया है। शहरों में वायु गुणवत्ता सुधारने और पर्यावरण को बेहतर बनाने के उद्देश्य से जापान की प्रसिद्ध 'मियाबाकी' तकनीक का सहारा लिया जाएगा। पर्यावरण, वन एवं जलवायु परिवर्तन विभाग और आपदा प्रबंधन विभाग ने संयुक्त रूप से इसका विस्तृत प्रस्ताव तैयार कर लिया है। पानी के अस्थाई छिड़काव जैसे उपायों के बजाय अब प्राकृतिक और स्थाई समाधान के रूप में इस तकनीक को अपनाने का निर्णय लिया गया है। जल्द ही राज्य मंत्रिमंडल से मंजूरी मिलते ही इस पर धरातल पर काम शुरू हो जाएगा।
बढ़ते पीएम-10 और हीट वेव से समाधान की पहल
बिहार के शहरी क्षेत्रों में धूलकणों (PM-10) की बढ़ती मात्रा प्रदूषण का सबसे बड़ा कारण बनकर उभरी है। कंक्रीट के विस्तार से शहरों में सामान्य तापमान पर भी तीखी गर्मी और हीट वेव का अनुभव हो रहा है। पहले अपनाए गए पानी के छिड़काव जैसे तात्कालिक उपाय अपर्याप्त साबित हो रहे थे। इसी समस्या के दीर्घकालिक और स्थाई समाधान के लिए दोनों विभागों ने मियावाकी विधि से सघन पौधरोपण करने की योजना बनाई है।
जानिए क्या है जापानी मियावाकी तकनीक
कम जगह में घना जंगल विकसित करने की यह जापानी विधि शहरी पर्यावरण के लिए बेहद प्रभावी मानी जाती है।
इस तकनीक के जरिए बहुत ही कम समय और सीमित क्षेत्र में स्थानीय प्रजातियों के अधिक से अधिक पौधे लगाए जाते हैं।
इसमें पौधों को अत्यंत पास-पास लगाया जाता है, जिससे यह बहुत कम समय में एक घने जंगल का रूप ले लेता है।
इसमें अलग-अलग ऊंचाई वाले पौधे जैसे झाड़ी, छोटे पेड़, मुख्य पेड़ और कैनोपी (ऊंचे पेड़) एक साथ रोपे जाते हैं।
पारंपरिक पौधरोपण की तुलना में मियावाकी तकनीक से लगाए गए पौधे 10 गुना तेजी से विकसित होते हैं।
ये विधि आम पौधरोपण से थोड़ी खर्चीली है, फिर भी सीमित जगह वाले शहरों के लिए इसे सर्वोत्तम विकल्प माना जाता है।
सार्वजनिक स्थलों और खाली जमीनों का होगा चयन
मियावाकी तकनीक से पौधरोपण करने के लिए शहरों के प्रमुख चौक-चौराहों, भीड़भाड़ वाले व्यावसायिक इलाकों, सार्वजनिक स्थानों और सड़कों के किनारे उपलब्ध खाली जमीनों को प्राथमिकता दी जाएगी। स्थानीय नगर निकायों से आवश्यक सहमति प्राप्त कर इन स्थलों पर सघन पौधरोपण अभियान चलाया जाएगा।
आम नागरिकों को भी पौधरोपण के लिए किया जाएगा प्रेरित
सार्वजनिक स्थलों के साथ-साथ आम जनता को भी इस हरित अभियान से जोड़ने की योजना है। नागरिकों को उनके घरों के आसपास मौजूद खाली जमीनों पर मियावाकी शैली में छोटे-छोटे सघन उपवन (माइक्रो-फॉरेस्ट) विकसित करने के लिए प्रोत्साहित और जागरूक किया जाएगा, ताकि पूरे शहर का हरित आवरण तेजी से बढ़ सके।
लेखक के बारे मेंसुनील पाण्डेयसुनील पाण्डेय, नवभारत टाइम्स (डिजिटल) में बतौर सीनियर जर्नलिस्ट कार्यरत हैं। जनवरी 2021 में टाइम्स ऑफ इंडिया ग्रुप का हिस्सा बने सुनील वर्तमान में NBT ऑनलाइन की बिहार-झारखंड टीम में संपादकीय और रिपोर्टिंग में जिम्मेदारी संभाल रहे हैं। रणनीतिक न्यूज़ प्लानिंग, सटीक संपादन और धारदार ग्राउंड रिपोर्टिंग उनकी विशेष पहचान है। राजनीति और व्हाइट कॉलर करप्शन जैसे विषयों पर गहरी पकड़ रखने वाले सुनील ने 2005 से शुरू हुए अपने करियर में कई बड़ी खबरें ब्रेक की हैं। जी20 शिखर सम्मेलन (G20 Summit) से लेकर केरल तक के चुनावी बयार को समझा। दिल्ली, बिहार और तेलंगाना में पत्रकारिता के विभिन्न आयामों को अनुभव करने वाले सुनील सोशल मीडिया एक्स (पहले ट्विटर) पर @sunilpandeyjee के जरिए सक्रिय रहते हैं।
सुनील का पत्रकारिता करियर प्रिंट, टीवी और डिजिटल मीडिया के अलग-अलग अनुभवों से समृद्ध है, जहां उन्होंने संपादन और ग्राउंड रिपोर्टिंग की महत्वपूर्ण भूमिकाएं निभाई हैं। पटना, दिल्ली और हैदराबाद जैसे महानगरों में उन्होंने कई प्रतिष्ठित हस्तियों का साक्षात्कार किया है। उनकी ग्राउंड रिपोर्ट्स का प्रभाव इतना गहरा रहा है कि कई मौकों पर सरकार को अपनी नीतियों पर पुनर्विचार करने और उनमें सुधार करने के लिए मजबूर होना पड़ा।
सुनील पाण्डेय की पारखी नजर राजनीतिक उतार-चढ़ाव और सरकारी नीतियों के आम आदमी पर पड़ने वाले असर के विश्लेषण पर रहता है। डिजिटल युग की मांग को समझते हुए वे अपनी लेखनी और वीडियो, दोनों माध्यमों से नवभारत टाइम्स के पाठकों से जुड़ते हैं। उनमें किसी भी सामान्य खबर को राष्ट्रीय विमर्श (National Narrative) बनाने की अद्भुत क्षमता है। वे केवल समाचार देने तक सीमित नहीं हैं, बल्कि खबर के पीछे के नैतिक मूल्यों और उसके व्यापक प्रभाव को गहराई से परखते हैं।
अपने पत्रकारिता सफर का आगाज सुनील ने प्रतिष्ठित पाक्षिक पत्रिका 'माया' से किया, जिसके बाद उन्होंने विभिन्न समाचार पत्रों के लिए स्वतंत्र स्तंभकार (कॉलमनिस्ट) के रूप में अपनी लेखनी को धार दी। ETV न्यूज की संपादकीय टीम के साथ संपादन और रिपोर्टिंग के गुर सीखने के बाद, उन्होंने ज़ी मीडिया और नेटवर्क 18 जैसे बड़े संस्थानों में एक लंबा समय बिताया। प्रिंट और टीवी न्यूज़ के व्यापक अनुभव के बाद, उन्होंने डिजिटल मीडिया की ओर रुख किया। न्यूज़ इकोसिस्टम की गहरी समझ विकसित की। वर्तमान में वे टाइम्स ऑफ इंडिया ग्रुप के डिजिटल प्लेटफॉर्म 'नवभारत टाइम्स ऑनलाइन' में अपनी धारदार पत्रकारिता को जारी रखे हुए हैं।
सुनील पाण्डेय की शैक्षणिक नींव 'पूरब का ऑक्सफोर्ड' माने जाने वाले पटना विश्वविद्यालय में पड़ी। यहां से ग्रेजुएशन और मास्टर के साथ ही उन्होंने पत्रकारिता की डिग्री भी प्राप्त की। वे समाचारों के विभिन्न स्रोतों के विश्लेषणात्मक अध्ययन और सोशल मीडिया के दुष्प्रभावों जैसे गंभीर विषयों पर अपनी लेखनी और व्याख्यानों के माध्यम से निरंतर विचार साझा करते रहते हैं। पत्रकारिता करियर के दौरान कई अवॉर्ड से सुनील पाण्डेय को सम्मानित किया जा चुका है।... और पढ़ें
कन्वर्सेशन शुरू करें
Stateकी ताजा खबरें, ब्रेकिंग न्यूज, अनकही और सच्ची कहानियां, सिर्फ खबरें नहीं उसका विश्लेषण भी। इन सब की जानकारी, सबसे पहले और सबसे सटीक हिंदी में देश के सबसे लोकप्रिय, सबसे भरोसेमंद Hindi Newsडिजिटल प्लेटफ़ॉर्म नवभारत टाइम्स पर",1.0
"उत्तरी वियतनाम में भीषण गर्मी पड़ रही है और तापमान 37 डिग्री सेल्सियस तक पहुंच गया है, इससे पहले कि आज रात शीत मोर्चा पहुंचे। - Vietnam.vn",https://news.google.com/rss/articles/CBMioAFBVV95cUxNLW8zWUxoSVZDcGJzLWZYUnlYd1RSS1pncHI1V3hCWFVkQzZUczFwVmJsWkFDbGhPLUR6OG1TYTQ3TzBRVmgtSFBrUC01X1Z0MzdvR1piQ09oVEluUkxRVU1PNV9LWGhfQjZrSURPMU9heDZReXcxQUNhVHo3RFpsWElrbk9MZjdRczIwQmVXSGRBaFUwX3J0ZFFLd256UjFK?oc=5,Vietnam.vn,2026-09-30T14:14:27+05:30,hi,Andaman and Nicobar Islands,,"(लू OR ""लू चलना"" OR ""भीषण गर्मी"" OR ""प्रचंड गर्मी"" OR ""कड़ी धूप"" OR ""तेज धूप"" OR ""गर्म हवा"" OR ""उष्ण लहर"" OR ""ताप लहर"" OR ""हीट वेव"" OR ""झुलसाने वाली गर्मी"" OR ""तपती गर्मी"" OR ""भयंकर गर्मी"" OR ""गर्मी का कहर"" OR ""गर्मी का प्रकोप"" OR ""अत्यधिक गर्मी"" OR मौसम OR ""मौसम अपडेट"" OR ""मौसम का हाल"" OR ""मौसम पूर्वानुमान"" OR ""मौसम अलर्ट"" OR आईएमडी OR ""आईएमडी पूर्वानुमान"" OR ""आईएमडी अलर्ट"" OR ""तापमान में बढ़ोतरी"" OR ""गर्मी से राहत"" OR ""गर्मी से निजात"") Andaman and Nicobar Islands","उत्तरी वियतनाम में भीषण गर्मी पड़ रही है और तापमान 37 डिग्री सेल्सियस तक पहुंच गया है, इससे पहले कि आज रात शीत मोर्चा पहुंचे।
एसकेडीएस - आज (30 सितंबर) उत्तरी क्षेत्र में भीषण गर्मी पड़ी और तापमान 37 डिग्री सेल्सियस तक पहुंच गया, लेकिन रात में शीत मोर्चे के कारण तापमान में गिरावट आई और बारिश हुई।
राष्ट्रीय मौसम विज्ञान एवं जल विज्ञान पूर्वानुमान केंद्र के अनुसार, कल (29 सितंबर) उत्तरी वियतनाम के मध्य और निचले इलाकों, फु थो प्रांत के दक्षिणी भाग और थान्ह होआ से दा नांग शहर तक के क्षेत्र में भीषण गर्मी पड़ी, कुछ क्षेत्रों में तो अत्यधिक गर्मी का प्रकोप रहा। अधिकतम तापमान आमतौर पर 35-36 डिग्री सेल्सियस रहा, जबकि कुछ स्थानों पर यह 37 डिग्री सेल्सियस से भी अधिक था, जैसे: ची ने (फु थो) 37.6 डिग्री, लैंग ( हनोई ) 38.0 डिग्री, हाई डुओंग (हाई फोंग) 37.3 डिग्री, न्हो क्वान (निन्ह बिन्ह) 37.7 डिग्री, तिन्ह जिया (थान्ह होआ) 37.2 डिग्री, कोन कुओंग (न्घे आन) 37.1 डिग्री… न्यूनतम सापेक्ष आर्द्रता आमतौर पर 45-55% रही।
30 सितंबर को उत्तरी वियतनाम के मध्य और निचले इलाकों, फु थो प्रांत के दक्षिणी भाग, थान्ह होआ से दा नांग शहर तक के क्षेत्र और क्वांग न्गाई प्रांत के पूर्वी भाग में भीषण गर्मी पड़ी, कुछ क्षेत्रों में तो अत्यधिक गर्मी का प्रकोप रहा। अधिकतम तापमान आमतौर पर 35-36 डिग्री सेल्सियस रहा, कुछ स्थानों पर यह 37 डिग्री सेल्सियस से भी अधिक था; न्यूनतम सापेक्ष आर्द्रता आमतौर पर 45-50% थी।
1 अक्टूबर को, न्घे आन से दा नांग शहर तक के क्षेत्र और क्वांग न्गई प्रांत के पूर्वी हिस्से में गर्म मौसम रहा, जिसमें अधिकतम तापमान आमतौर पर 35-36 डिग्री सेल्सियस के बीच रहा और कुछ स्थानों पर 36 डिग्री सेल्सियस से अधिक हो गया; न्यूनतम सापेक्ष आर्द्रता आमतौर पर 50-55% थी।
चेतावनी: 2 अक्टूबर से, न्घे आन से दा नांग शहर और क्वांग न्गाई प्रांत के पूर्वी भाग तक फैले क्षेत्र में भीषण गर्मी की लहर समाप्त हो जाएगी। आपदा जोखिम स्तर: स्तर 1।
शीत मोर्चे के विकास के संबंध में, 30 सितंबर की रात से, एक कमजोर शीत मोर्चे ने उत्तर को प्रभावित करना शुरू कर दिया, जिससे लू का अंत हुआ। लगभग 4-5 अक्टूबर के आसपास, एक अधिक शक्तिशाली शीत मोर्चे का आगमन होगा, जिससे मौसम ठंडा हो जाएगा।
1 अक्टूबर की सुबह से लेकर 2 अक्टूबर तक, एक शीत मोर्चे के कारण मुख्य रूप से उत्तरी वियतनाम के पहाड़ी क्षेत्रों में बारिश हुई। 1 अक्टूबर को, उत्तरी वियतनाम में तापमान लगभग 2-3 डिग्री सेल्सियस गिर गया, जिससे लू का अंत हो गया।
गौरतलब है कि 4-5 अक्टूबर के आसपास एक अधिक शक्तिशाली शीत मोर्चा हमारे देश को प्रभावित कर सकता है।
इस शीत मोर्चे के कारण उत्तरी वियतनाम, उत्तर मध्य वियतनाम और मध्य वियतनाम में बारिश होने का अनुमान है, और साथ ही तापमान में भी काफी गिरावट आएगी।
उत्तरी वियतनाम और उत्तर मध्य वियतनाम में ठंडे मौसम का पूर्वानुमान है, जहां न्यूनतम तापमान आमतौर पर 20-23 डिग्री सेल्सियस के बीच रहेगा, और कुछ पहाड़ी क्षेत्रों में तापमान 20 डिग्री सेल्सियस से नीचे भी गिर सकता है।
30 सितंबर को देशभर के सभी क्षेत्रों के लिए मौसम का पूर्वानुमान:
आपको यह भी पसंद आ सकता है
हनोई शहर
न्यूनतम तापमान 27-29 डिग्री, अधिकतम तापमान 35-37 डिग्री रहेगा, कुछ क्षेत्रों में यह 37 डिग्री से अधिक भी हो सकता है। दिन में बादल छाए रहेंगे, गर्मी और धूप रहेगी, कुछ क्षेत्रों में भीषण गर्मी होगी, रात में छिटपुट बारिश और गरज के साथ तूफान आने की संभावना है। दक्षिण-पूर्व से दक्षिण की ओर हवाएं चलेंगी, जिनकी तीव्रता 2-3 होगी।
उत्तर-पश्चिमी वियतनाम
न्यूनतम तापमान 24-27 डिग्री सेल्सियस, उत्तर-पश्चिमी क्षेत्र में 20-23 डिग्री सेल्सियस; अधिकतम तापमान 32-35 डिग्री सेल्सियस, कुछ क्षेत्रों में 35 डिग्री सेल्सियस से अधिक; दक्षिणी फु थो प्रांत में 35-37 डिग्री सेल्सियस, कुछ क्षेत्रों में 37 डिग्री सेल्सियस से अधिक। बादल छाए रहेंगे और बीच-बीच में धूप भी निकलेगी, कुछ क्षेत्रों में गर्म मौसम रहेगा, विशेषकर दक्षिणी फु थो प्रांत में जहां भीषण गर्मी होगी; शाम और रात में छिटपुट बारिश और गरज के साथ तूफान आने की संभावना है। हवा हल्की चलेगी। गरज के साथ तूफान के दौरान बवंडर, बिजली गिरने और तेज हवा के झोंके आने की संभावना है।
पूर्वोत्तर वियतनाम
न्यूनतम तापमान 25-28 डिग्री सेल्सियस, अधिकतम तापमान 33-36 डिग्री सेल्सियस रहेगा, कुछ क्षेत्रों में यह 37 डिग्री सेल्सियस से भी अधिक हो सकता है। आसमान में बादल छाए रहेंगे और बीच-बीच में धूप भी निकलेगी। कुछ क्षेत्रों में भीषण गर्मी पड़ेगी, खासकर मैदानी और मध्यवर्ती क्षेत्रों में; शाम और रात में छिटपुट बारिश और गरज के साथ तूफान आने की संभावना है। दक्षिण-पूर्व से दक्षिण की ओर 2-3 तीव्रता की हवाएं चलेंगी। गरज के साथ तूफान के दौरान बवंडर, बिजली गिरने और तेज हवा के झोंके आने की संभावना है।
न्यूनतम तापमान 25-28 डिग्री सेल्सियस और अधिकतम तापमान 33-36 डिग्री सेल्सियस रहेगा, कुछ क्षेत्रों में यह 37 डिग्री सेल्सियस से भी अधिक हो सकता है। आसमान में बादल छाए रहेंगे और दिन में धूप खिली रहेगी, कुछ क्षेत्रों में भीषण गर्मी पड़ सकती है; दोपहर और शाम के बाद छिटपुट बारिश और गरज के साथ तूफान आ सकता है। हवा हल्की रहेगी। गरज के साथ तूफान के दौरान बवंडर, बिजली गिरने और तेज हवा के झोंके आने की संभावना है।
दक्षिण मध्य तट
उत्तर में न्यूनतम तापमान 24-27 डिग्री सेल्सियस और अधिकतम तापमान 35-36 डिग्री सेल्सियस तथा दक्षिण में 32-34 डिग्री सेल्सियस रहेगा। आसमान में बादल छाए रहेंगे और बीच-बीच में धूप भी निकलेगी, खासकर उत्तर में जहां गर्मी रहेगी; शाम और रात में छिटपुट बारिश और गरज के साथ तूफान आने की संभावना है। हवा हल्की चलेगी। गरज के साथ तूफान के दौरान बवंडर, बिजली गिरने और तेज हवा के झोंके चलने की संभावना है।
मध्य उच्चभूमि
न्यूनतम तापमान 20-23 डिग्री सेल्सियस और अधिकतम तापमान 29-32 डिग्री सेल्सियस रहेगा। आसमान में बादल छाए रहेंगे और कुछ क्षेत्रों में, विशेष रूप से दोपहर और शाम के समय, छिटपुट बारिश और गरज के साथ बौछारें पड़ेंगी, और कुछ स्थानों पर भारी बारिश भी हो सकती है। हवा हल्की रहेगी। गरज के साथ बौछारों के दौरान बवंडर, बिजली गिरने और तेज हवा के झोंके आने की संभावना है।
आपको यह भी पसंद आ सकता है
दक्षिणी वियतनाम
न्यूनतम तापमान 24-27 डिग्री सेल्सियस और अधिकतम तापमान 31-34 डिग्री सेल्सियस रहेगा, कुछ क्षेत्रों में यह 34 डिग्री सेल्सियस से अधिक भी हो सकता है। आसमान में बादल छाए रहेंगे और कुछ क्षेत्रों में, विशेष रूप से दोपहर और शाम के समय, छिटपुट बारिश और गरज के साथ बौछारें पड़ेंगी, कुछ स्थानों पर भारी बारिश भी हो सकती है। हवा हल्की रहेगी। गरज के साथ बौछारों के दौरान बवंडर, बिजली गिरने और तेज हवा के झोंके आने की संभावना है।
हो ची मिन्ह सिटी
न्यूनतम तापमान 24-26 डिग्री सेल्सियस और अधिकतम तापमान 32-34 डिग्री सेल्सियस रहेगा, कुछ क्षेत्रों में यह 34 डिग्री सेल्सियस से अधिक भी हो सकता है। आसमान में बादल छाए रहेंगे और कुछ क्षेत्रों में, विशेष रूप से दोपहर और शाम के समय, छिटपुट बारिश और गरज के साथ बौछारें पड़ेंगी, कुछ स्थानों पर भारी बारिश भी हो सकती है। हवा हल्की रहेगी। गरज के साथ बौछारों के दौरान बवंडर, बिजली गिरने और तेज हवा के झोंके आने की संभावना है।",1.0
30 सितंबर के लिए मौसम का पूर्वानुमान: उत्तरी वियतनाम और उत्तर मध्य वियतनाम में भीषण गर्मी पड़ेगी और कुछ क्षेत्रों में तापमान 37 डिग्री सेल्सियस से अधिक हो सकता है। - Vietnam.vn,https://news.google.com/rss/articles/CBMipgFBVV95cUxOTmgzMnRGR0ZpekItbEtkM1dpLWNia2FSSkxSYWw2Zm5rdlJUUGlsQlpLVVNocXZlN2F2WXVKZG9YWE11bkdjT01fLVhlSUtGYmtNR1pjekd0RlNxUzZzb3dmU0g0Vm51dU9zM3o4YUJ6SHo4dmRROHd5d0h2bzVpZkFJOElabHFfN2VtdThfUWo5cDVPQ1N2ZnRZdXg2YURIbE9yQWxn?oc=5,Vietnam.vn,2026-09-30T05:49:21+05:30,hi,Andaman and Nicobar Islands,,"(लू OR ""लू चलना"" OR ""भीषण गर्मी"" OR ""प्रचंड गर्मी"" OR ""कड़ी धूप"" OR ""तेज धूप"" OR ""गर्म हवा"" OR ""उष्ण लहर"" OR ""ताप लहर"" OR ""हीट वेव"" OR ""झुलसाने वाली गर्मी"" OR ""तपती गर्मी"" OR ""भयंकर गर्मी"" OR ""गर्मी का कहर"" OR ""गर्मी का प्रकोप"" OR ""अत्यधिक गर्मी"" OR मौसम OR ""मौसम अपडेट"" OR ""मौसम का हाल"" OR ""मौसम पूर्वानुमान"" OR ""मौसम अलर्ट"" OR आईएमडी OR ""आईएमडी पूर्वानुमान"" OR ""आईएमडी अलर्ट"" OR ""तापमान में बढ़ोतरी"" OR ""गर्मी से राहत"" OR ""गर्मी से निजात"") Andaman and Nicobar Islands","राष्ट्रीय मौसम विज्ञान एवं जल विज्ञान पूर्वानुमान केंद्र के अनुसार, 30 सितंबर को वियतनाम के उत्तरी और मध्य क्षेत्रों में भीषण गर्मी पड़ेगी। विशेष रूप से, फु थो प्रांत के दक्षिणी भाग और उत्तर मध्य क्षेत्र के कुछ इलाकों में भीषण गर्मी होगी, जहां तापमान 37 डिग्री सेल्सियस से अधिक रहेगा। दोपहर बाद और शाम के समय कई क्षेत्रों में गरज के साथ बारिश होगी; गरज के साथ बारिश के दौरान बवंडर, बिजली गिरने और तेज हवाओं की संभावना के प्रति सतर्क रहें।
30 सितंबर को विभिन्न क्षेत्रों के लिए दिन और रात का मौसम पूर्वानुमान :
उत्तर पश्चिमी क्षेत्र
आज धूप खिली रहेगी, कुछ इलाकों में गर्मी रहेगी, खासकर फु थो प्रांत के दक्षिणी भाग में जहां भीषण गर्मी होगी और कुछ इलाकों में तो भीषण गर्मी का सामना करना पड़ेगा। दोपहर बाद और शाम को छिटपुट बारिश और गरज के साथ तूफान आने की संभावना है, साथ ही तूफान के दौरान बवंडर, बिजली गिरने और तेज हवा के झोंके चलने की भी आशंका है।
- न्यूनतम तापमान 24-27 डिग्री सेल्सियस रहेगा, उत्तर-पश्चिमी क्षेत्र को छोड़कर जहां यह 20-23 डिग्री सेल्सियस रहेगा। अधिकतम तापमान 32-35 डिग्री सेल्सियस रहेगा, कुछ क्षेत्रों में यह 35 डिग्री सेल्सियस से अधिक भी हो सकता है; विशेष रूप से फु थो प्रांत के दक्षिणी भाग में तापमान 35-37 डिग्री सेल्सियस रहेगा, कुछ क्षेत्रों में यह 37 डिग्री सेल्सियस से अधिक भी हो सकता है।
पूर्वोत्तर वियतनाम
आज धूप खिली रहेगी, कुछ इलाकों में गर्मी रहेगी, खासकर मैदानी और मध्यवर्ती क्षेत्रों में जहां कुछ जगहों पर भीषण गर्मी होगी। दोपहर और शाम के बाद कुछ इलाकों में बारिश और गरज के साथ तूफान आने की संभावना है, साथ ही तूफान के दौरान बवंडर, बिजली गिरने और तेज हवा के झोंके चलने की भी आशंका है। हवाएं दक्षिण-पूर्व से दक्षिण की ओर चलेंगी, जिनकी तीव्रता 2-3 होगी।
न्यूनतम तापमान 25-28 डिग्री सेल्सियस रहेगा। अधिकतम तापमान 33-36 डिग्री सेल्सियस रहेगा, कुछ क्षेत्रों में यह 37 डिग्री सेल्सियस से भी अधिक हो सकता है।
हनोई शहर
दिन में धूप और गर्मी रहेगी, कुछ क्षेत्रों में अत्यधिक गर्मी होगी; रात में छिटपुट बारिश और गरज के साथ तूफान आने की संभावना है। दक्षिण-पूर्व से दक्षिण की ओर हवाएं चलेंगी, जिनकी तीव्रता 2-3 होगी।
आपको यह भी पसंद आ सकता है
- न्यूनतम तापमान 27-29 डिग्री सेल्सियस। अधिकतम तापमान 35-37 डिग्री सेल्सियस, कुछ क्षेत्रों में 37 डिग्री सेल्सियस से अधिक।
थान्ह होआ से ह्यू तक के प्रांत और शहर
- धूप वाले और गर्म दिन रहेंगे, कुछ क्षेत्रों में भीषण गर्मी होगी, शाम और रात में छिटपुट बारिश और गरज के साथ तूफान आने की संभावना है। तूफान के दौरान बवंडर, बिजली गिरने और तेज हवा के झोंके आने की भी संभावना है।
- न्यूनतम तापमान 25-28 डिग्री सेल्सियस। अधिकतम तापमान 33-36 डिग्री सेल्सियस, कुछ स्थानों पर 37 डिग्री सेल्सियस से भी अधिक।
दक्षिण मध्य तट
- उत्तर में गर्म मौसम के साथ धूप वाला दिन; शाम और रात में छिटपुट बारिश और गरज के साथ तूफान आने की संभावना है, साथ ही तूफान के दौरान बवंडर, बिजली गिरने और तेज हवा के झोंके आने की भी संभावना है।
उत्तर में न्यूनतम तापमान 24-27 डिग्री सेल्सियस और दक्षिण में अधिकतम तापमान 35-36 डिग्री सेल्सियस रहेगा।
मध्य उच्चभूमि
कुछ क्षेत्रों में, विशेषकर दोपहर और शाम के समय, छिटपुट बारिश और गरज के साथ तूफान आने की संभावना है। कुछ स्थानों पर छिटपुट बारिश और गरज के साथ तूफान आ सकता है, और कुछ स्थानों पर भारी बारिश भी हो सकती है। तूफान के दौरान बवंडर, बिजली गिरने और तेज हवा के झोंके चलने की भी संभावना है।
न्यूनतम तापमान 20-23 डिग्री सेल्सियस। अधिकतम तापमान 29-32 डिग्री सेल्सियस।
दक्षिणी वियतनाम
आपको यह भी पसंद आ सकता है
कुछ क्षेत्रों में, विशेषकर दोपहर और शाम के समय, छिटपुट बारिश और गरज के साथ तूफान आने की संभावना है। कुछ स्थानों पर छिटपुट बारिश और गरज के साथ तूफान आ सकता है, और कुछ स्थानों पर भारी बारिश भी हो सकती है। तूफान के दौरान बवंडर, बिजली गिरने और तेज हवा के झोंके चलने की भी संभावना है।
- न्यूनतम तापमान 24-27 डिग्री सेल्सियस। अधिकतम तापमान 31-34 डिग्री सेल्सियस, कुछ क्षेत्रों में 34 डिग्री सेल्सियस से अधिक।
हो ची मिन्ह सिटी
कुछ क्षेत्रों में, विशेषकर दोपहर और शाम के समय, छिटपुट बारिश और गरज के साथ तूफान आने की संभावना है। कुछ स्थानों पर छिटपुट बारिश और गरज के साथ तूफान आ सकता है, और कुछ स्थानों पर भारी बारिश भी हो सकती है। तूफान के दौरान बवंडर, बिजली गिरने और तेज हवा के झोंके चलने की भी संभावना है।
- न्यूनतम तापमान 24-26 डिग्री सेल्सियस। अधिकतम तापमान 32-34 डिग्री सेल्सियस, कुछ क्षेत्रों में 34 डिग्री सेल्सियस से अधिक।
स्रोत: https://www.vietnamplus.vn/thoi-tiet-ngay-309-bac-bo-bac-trung-bo-co-noi-nang-nong-gay-gat-tren-37-do-c-post1139086.vnp",1.0
"30 सितंबर के लिए मौसम का पूर्वानुमान: उत्तरी वियतनाम में भीषण गर्मी पड़ेगी, जबकि मध्य वियतनाम में दोपहर और शाम के बाद भारी बारिश होगी। - Vietnam.vn",https://news.google.com/rss/articles/CBMiqgFBVV95cUxNRi1VVFBzcXkySTFWN3lIazVGSzBqQ2VFekRKWE9ILUZzYjZkMGdFQVZkWG5tdHktSGVSSTA4emtBWV9NQlh2R3p0X2FMei14MzRHQXgzNDk0VmhCQVhWckpGdmtMLUtXMTgwX1JKVlA0VlU3cXBJaGpqci1PM3gtN2EwMGNXT0VNZGVZRXhLU0J1c05IS3lLbDAydk1hYXFTcG9lWGJxOWVjZw?oc=5,Vietnam.vn,2026-09-30T07:04:04+05:30,hi,Andaman and Nicobar Islands,,"(लू OR ""लू चलना"" OR ""भीषण गर्मी"" OR ""प्रचंड गर्मी"" OR ""कड़ी धूप"" OR ""तेज धूप"" OR ""गर्म हवा"" OR ""उष्ण लहर"" OR ""ताप लहर"" OR ""हीट वेव"" OR ""झुलसाने वाली गर्मी"" OR ""तपती गर्मी"" OR ""भयंकर गर्मी"" OR ""गर्मी का कहर"" OR ""गर्मी का प्रकोप"" OR ""अत्यधिक गर्मी"" OR मौसम OR ""मौसम अपडेट"" OR ""मौसम का हाल"" OR ""मौसम पूर्वानुमान"" OR ""मौसम अलर्ट"" OR आईएमडी OR ""आईएमडी पूर्वानुमान"" OR ""आईएमडी अलर्ट"" OR ""तापमान में बढ़ोतरी"" OR ""गर्मी से राहत"" OR ""गर्मी से निजात"") Andaman and Nicobar Islands","राष्ट्रीय मौसम विज्ञान और जल विज्ञान पूर्वानुमान केंद्र का अनुमान है कि 30 सितंबर को उत्तरी क्षेत्र और थान्ह होआ से ह्यू तक के क्षेत्र में गर्म मौसम रहेगा, जिसमें कुछ स्थानों पर भीषण गर्मी पड़ेगी।
दक्षिण मध्य तट से लेकर मध्य हाइलैंड्स तक छिटपुट बारिश होने की संभावना है, और कुछ क्षेत्रों में देर दोपहर और शाम को भारी बारिश हो सकती है।
दक्षिणी वियतनाम और अन्य क्षेत्रों में हल्की बारिश और छिटपुट गरज के साथ बौछारें पड़ेंगी, कुछ क्षेत्रों में भारी बारिश भी हो सकती है।
देश के सभी क्षेत्रों के लिए मौसम का पूर्वानुमान।
हनोई शहर: दिन में धूप और गर्मी रहेगी, कुछ क्षेत्रों में अत्यधिक गर्मी होगी; रात में छिटपुट बारिश और गरज के साथ तूफान आएगा; न्यूनतम तापमान 27-29 डिग्री सेल्सियस, अधिकतम तापमान 35-37 डिग्री सेल्सियस रहेगा, कुछ स्थानों पर 37 डिग्री सेल्सियस से अधिक हो सकता है।
आपको यह भी पसंद आ सकता है
उत्तर-पश्चिमी क्षेत्र: दिन में धूप खिली रहेगी, कुछ क्षेत्रों में अत्यधिक गर्मी रहेगी; शाम और रात में छिटपुट बारिश और गरज के साथ तूफान आने की संभावना है; न्यूनतम तापमान 20-23 डिग्री सेल्सियस और अधिकतम तापमान 35-37 डिग्री सेल्सियस रहेगा, कुछ क्षेत्रों में तापमान 37 डिग्री सेल्सियस से अधिक भी हो सकता है।
पूर्वोत्तर वियतनाम: दिन में धूप खिली रहेगी, कुछ क्षेत्रों में भीषण गर्मी रहेगी; शाम और रात में छिटपुट बारिश और गरज के साथ तूफान आने की संभावना है; न्यूनतम तापमान 25-28 डिग्री सेल्सियस, अधिकतम तापमान 33-36 डिग्री सेल्सियस रहेगा, कुछ क्षेत्रों में तापमान 37 डिग्री सेल्सियस से अधिक भी हो सकता है।
थान्ह होआ से ह्यू तक: दिन में धूप और गर्मी रहेगी, कुछ क्षेत्रों में अत्यधिक गर्मी होगी; शाम और रात में छिटपुट बारिश और गरज के साथ तूफान आएगा; न्यूनतम तापमान 25-28 डिग्री सेल्सियस, अधिकतम तापमान 33-36 डिग्री सेल्सियस रहेगा, कुछ स्थानों पर 37 डिग्री सेल्सियस से अधिक भी हो सकता है।
दक्षिण मध्य तट: दिन में धूप और गर्मी रहेगी, शाम और रात में छिटपुट बारिश और गरज के साथ बौछारें पड़ेंगी; न्यूनतम तापमान 24-27 डिग्री सेल्सियस, अधिकतम तापमान 35-36 डिग्री सेल्सियस रहेगा।
मध्य उच्चभूमि: कुछ क्षेत्रों में बौछारें और गरज के साथ बारिश होगी, विशेषकर दोपहर और शाम के समय छिटपुट बौछारें, कुछ स्थानों पर गरज के साथ बारिश और स्थानीय रूप से भारी बारिश होगी; न्यूनतम तापमान 20-23 डिग्री सेल्सियस, अधिकतम तापमान 29-32 डिग्री सेल्सियस रहेगा।
आपको यह भी पसंद आ सकता है
दक्षिणी वियतनाम: बौछारें और छिटपुट गरज के साथ बारिश, कुछ स्थानों पर भारी बारिश; न्यूनतम तापमान 24-27 डिग्री सेल्सियस, अधिकतम तापमान 30-33 डिग्री सेल्सियस।
हो ची मिन्ह सिटी: बौछारें और छिटपुट गरज के साथ बारिश, कुछ स्थानों पर भारी बारिश; न्यूनतम तापमान 24-26 डिग्री सेल्सियस, अधिकतम तापमान 31-33 डिग्री सेल्सियस।
स्रोत: https://giaoducthoidai.vn/du-bao-thoi-tiet-ngay-309-bac-bo-nang-nong-gay-gat-trung-bo-mua-to-ve-chieu-toi-post794297.html",1.0
"30 सितंबर, 2026 के लिए मौसम का पूर्वानुमान: उत्तरी वियतनाम में भीषण गर्मी पड़ेगी, और आज रात से एक ठंडी हवा का झोंका आने लगेगा। - Vietnam.vn",https://news.google.com/rss/articles/CBMipAFBVV95cUxPclBkbl80Q1dyTVVhOTZiWTZaOGI4bm10WXRPU2VnNHc1TElGVUF6aHRuOHRxclZvcF9SeHQ3Z1pObG44c0NkSjB0akIzcUVrYTFCaGx5ajRZX2RPUm51S0ExLVdibWM4Ty15RzFYX3RZblRyNUJsOEFlQjhQbG1vVi1mbkptWVl4RE1hSkZ3S3BONVJVVkg1dElJVW02V1lMRjlFNg?oc=5,Vietnam.vn,2026-09-30T05:27:50+05:30,hi,Andaman and Nicobar Islands,,"(लू OR ""लू चलना"" OR ""भीषण गर्मी"" OR ""प्रचंड गर्मी"" OR ""कड़ी धूप"" OR ""तेज धूप"" OR ""गर्म हवा"" OR ""उष्ण लहर"" OR ""ताप लहर"" OR ""हीट वेव"" OR ""झुलसाने वाली गर्मी"" OR ""तपती गर्मी"" OR ""भयंकर गर्मी"" OR ""गर्मी का कहर"" OR ""गर्मी का प्रकोप"" OR ""अत्यधिक गर्मी"" OR मौसम OR ""मौसम अपडेट"" OR ""मौसम का हाल"" OR ""मौसम पूर्वानुमान"" OR ""मौसम अलर्ट"" OR आईएमडी OR ""आईएमडी पूर्वानुमान"" OR ""आईएमडी अलर्ट"" OR ""तापमान में बढ़ोतरी"" OR ""गर्मी से राहत"" OR ""गर्मी से निजात"") Andaman and Nicobar Islands","30 सितंबर, 2026 के लिए मौसम का पूर्वानुमान: उत्तरी वियतनाम में भीषण गर्मी पड़ेगी, और आज रात से एक ठंडी हवा का झोंका आने लगेगा।
30 सितंबर, 2026 के लिए मौसम का पूर्वानुमान: उत्तरी और मध्य वियतनाम में गर्म, ग्रीष्म ऋतु जैसा मौसम रहेगा, जिसमें हनोई में अधिकतम तापमान 37 डिग्री सेल्सियस तक पहुंचेगा; रात से ठंडी हवा का झोंका आएगा, जिससे छिटपुट बारिश होगी और तापमान में गिरावट आएगी।
Theo Trung tâm Dự báo khí tượng thủy văn quốc gia, ngày 30/9, khu vực trung du và đồng bằng Bắc Bộ, phía Nam tỉnh Phú Thọ, khu vực từ Thanh Hóa đến TP Đà Nẵng và phía Đông tỉnh Quảng Ngãi có nắng nóng với nhiệt độ cao nhất phổ biến 35-36 độ, có nơi trên 36 độ; độ ẩm tương đối thấp nhất 45-50%.
Từ đêm 30/9, một bộ phận không khí lạnh yếu và lệch đông sẽ ảnh hưởng đến Bắc Bộ, gây mưa rào rải rác, có nơi có giông; chấm dứt nắng nóng.
Riêng thời tiết Hà Nội ngày 30/9, có nắng nóng với nhiệt độ cao nhất 37 độ. Từ ngày 1-2/10, do ảnh hưởng của không khí lạnh, nhiệt độ khu vực giảm khoảng 4-5 độ, xuống còn 32 độ.
Ngày 1/10, khu vực từ Nghệ An đến TP Đà Nẵng và phía Đông tỉnh Quảng Ngãi còn nắng nóng với nhiệt độ cao nhất phổ biến 35-36 độ, có nơi trên 36 độ; độ ẩm tương đối thấp nhất 50-55%.
Đến ngày 2/10, nắng nóng mới kết thúc hoàn toàn ở khu vực trên khi nhiệt độ giảm xuống mức 32-34 độ.
Đáng chú ý, từ ngày 4-5/10, một đợt không khí lạnh có cường độ mạnh hơn sẽ tràn xuống nước ta, gây mưa trên toàn bộ khu vực Bắc Bộ, Bắc Trung Bộ và Trung Trung Bộ. Nền nhiệt theo đó giảm đáng kể, thời tiết chuyển mát mẻ.
Trong khi đó, cao nguyên Trung Bộ và Nam Bộ về chiều và tối vẫn có mưa rào, giông rải rác, cục bộ có nơi mưa to. Người dân cần đề phòng lốc, sét và gió giật mạnh trong mưa giông.
Dự báo thời tiết ngày 30/9/2026 các vùng trên cả nước:
Hà Nội
Có mây, ngày nắng nóng. Gió đông nam đến nam cấp 2-3.
Nhiệt độ thấp nhất: 27-29 độ. Nhiệt độ cao nhất: 35-37 độ.
Tây Bắc Bộ
आपको यह भी पसंद आ सकता है
Có mây, ngày nắng, có nơi nắng nóng, riêng phía Nam tỉnh Phú Thọ có nắng nóng; chiều tối và đêm có mưa rào và giông vài nơi. Gió nhẹ. Trong mưa giông có khả năng xảy ra lốc, sét và gió giật mạnh.
Nhiệt độ thấp nhất: 25-28 độ, riêng khu Tây Bắc 20-23 độ. Nhiệt độ cao nhất: 32-35 độ, có nơi trên 35 độ; riêng phía Nam tỉnh Phú Thọ 35-37 độ.
Đông Bắc Bộ
Có mây, ngày nắng, có nơi nắng nóng, riêng khu vực đồng bằng và trung du có nắng nóng; chiều tối và đêm có mưa rào và giông vài nơi. Gió đông nam đến nam cấp 2-3. Trong mưa giông có khả năng xảy ra lốc, sét và gió giật mạnh.
Nhiệt độ thấp nhất: 26-29 độ. Nhiệt độ cao nhất: 33-36 độ, có nơi trên 36 độ.
Có mây, ngày nắng nóng; chiều tối và đêm có mưa rào và giông vài nơi. Gió nhẹ.
Nhiệt độ thấp nhất: 25-28 độ. Nhiệt độ cao nhất: 33-36 độ, có nơi trên 36 độ.
Duyên hải Nam Trung Bộ
Có mây, ngày nắng, có nơi nắng nóng, riêng phía Bắc có nắng nóng; chiều tối và đêm có mưa rào và giông vài nơi. Gió nhẹ. Trong mưa giông có khả năng xảy ra lốc, sét và gió giật mạnh.
Nhiệt độ thấp nhất: 24-27 độ. Nhiệt độ cao nhất: Phía Bắc 34-36 độ; phía Nam 32-34 độ.
Cao nguyên Trung Bộ
Có mây, có mưa rào và giông vài nơi, riêng chiều có mưa rào rải rác và có nơi có giông, cục bộ có nơi mưa to. Gió nhẹ. Trong mưa giông có khả năng xảy ra lốc, sét, mưa đá và gió giật mạnh.
Nhiệt độ thấp nhất: 19-22 độ. Nhiệt độ cao nhất: 29-32 độ.
आपको यह भी पसंद आ सकता है
Nam Bộ
Có mây, có mưa rào và giông vài nơi, riêng chiều có mưa rào rải rác và có nơi có giông, cục bộ có nơi mưa to. Gió nhẹ. Trong mưa giông có khả năng xảy ra lốc, sét, mưa đá và gió giật mạnh.
Nhiệt độ thấp nhất: 24-27 độ. Nhiệt độ cao nhất: 31-34 độ, có nơi trên 34 độ.
TPHCM
Có mây, có mưa rào và giông vài nơi, riêng chiều có mưa rào rải rác và có nơi có giông, cục bộ có nơi mưa to. Gió nhẹ. Trong mưa giông có khả năng xảy ra lốc, sét, mưa đá và gió giật mạnh.
Nhiệt độ thấp nhất: 24-26 độ. Nhiệt độ cao nhất: 32-34 độ.",1.0
उत्तरी वियतनाम में असामान्य रूप से भीषण गर्मी पड़ रही है। - Vietnam.vn,https://news.google.com/rss/articles/CBMicEFVX3lxTE01bW1oV0E5ejJ0MkdSRVJnV25ycHFTRlRXa3ZSRi1TOGI4b2sxZFowZDN1bGRYbUNoMmZ2bWNiYlV6SGIxRUwwaXM2YVlmQTQzMWtySWZoenlOdXhyTC1LV1BvekpUVXhaM3JnMXhEd1U?oc=5,Vietnam.vn,2026-09-30T05:49:19+05:30,hi,Andaman and Nicobar Islands,,"(लू OR ""लू चलना"" OR ""भीषण गर्मी"" OR ""प्रचंड गर्मी"" OR ""कड़ी धूप"" OR ""तेज धूप"" OR ""गर्म हवा"" OR ""उष्ण लहर"" OR ""ताप लहर"" OR ""हीट वेव"" OR ""झुलसाने वाली गर्मी"" OR ""तपती गर्मी"" OR ""भयंकर गर्मी"" OR ""गर्मी का कहर"" OR ""गर्मी का प्रकोप"" OR ""अत्यधिक गर्मी"" OR मौसम OR ""मौसम अपडेट"" OR ""मौसम का हाल"" OR ""मौसम पूर्वानुमान"" OR ""मौसम अलर्ट"" OR आईएमडी OR ""आईएमडी पूर्वानुमान"" OR ""आईएमडी अलर्ट"" OR ""तापमान में बढ़ोतरी"" OR ""गर्मी से राहत"" OR ""गर्मी से निजात"") Andaman and Nicobar Islands","उत्तरी वियतनाम में असामान्य रूप से भीषण गर्मी पड़ रही है।
टीपीओ - उत्तरी वियतनाम में आज के अधिकतम तापमान का पूर्वानुमान 36-38 डिग्री सेल्सियस है, हालांकि वास्तविक तापमान इससे अधिक भी हो सकता है। सितंबर के अंत में उत्तरी वियतनाम के लिए यह तापमान असामान्य है - यह मौसमों के बीच का संक्रमणकालीन समय होता है।
उत्तरी वियतनाम वर्तमान में ऋतुओं के बीच एक संक्रमणकालीन अवधि से गुजर रहा है, जिसमें कमजोर शीत मोर्चों के कारण छिटपुट गरज के साथ बारिश होती है, और व्यापक और तीव्र लू की लहरें बहुत कम होती हैं।
हालांकि, इस साल सितंबर के आखिरी दिनों में उत्तरी वियतनाम में भीषण गर्मी पड़ी। 29 सितंबर को उत्तरी वियतनाम के सभी मध्य और निचले इलाकों और फु थो (पूर्व में होआ बिन्ह) के दक्षिणी भाग में 35-36 डिग्री सेल्सियस की भीषण गर्मी दर्ज की गई, कुछ स्थानों पर तो तापमान 37 डिग्री सेल्सियस से भी ऊपर पहुंच गया, जैसे कि ची ने (फु थो) में 37.6 डिग्री, लैंग ( हनोई ) में 38 डिग्री, हाई डुओंग (हाई फोंग) में 37.3 डिग्री, न्हो क्वान (निन्ह बिन्ह) में 37.7 डिग्री और तिन्ह जिया (थान्ह होआ) में 37.2 डिग्री।
आज के पूर्वानुमान (30 सितंबर) के अनुसार , उत्तरी वियतनाम के मध्य और निचले इलाकों तथा पूर्व होआ बिन्ह प्रांत में गर्म मौसम जारी रहेगा, और कुछ क्षेत्रों में भीषण गर्मी पड़ेगी। अधिकतम तापमान आमतौर पर 35-36 डिग्री सेल्सियस तक पहुंचेगा, कुछ स्थानों पर यह 37 डिग्री सेल्सियस से भी अधिक हो सकता है, और न्यूनतम सापेक्ष आर्द्रता आमतौर पर 45-50% रहेगी।
आज हनोई में गर्म और धूप वाला मौसम रहेगा, कुछ इलाकों में भीषण गर्मी पड़ सकती है। रात में कुछ इलाकों में बारिश और गरज के साथ तूफान आने की संभावना है। हवाएं दक्षिण-पूर्व से दक्षिण की ओर 2-3 की गति से चलेंगी। न्यूनतम तापमान 27-29 डिग्री सेल्सियस रहेगा। अधिकतम तापमान 35-37 डिग्री सेल्सियस रहेगा, कुछ इलाकों में यह 37 डिग्री सेल्सियस से भी अधिक हो सकता है।
पूर्वानुमानों के अनुसार, कल (1 अक्टूबर) से वियतनाम में एक कमजोर शीत मोर्चा प्रवेश करेगा, जिससे छिटपुट बारिश और गरज के साथ बौछारें पड़ेंगी और उत्तरी वियतनाम में तापमान 2-4 डिग्री तक गिर जाएगा। 3 अक्टूबर की रात से शीत मोर्चा और तीव्र हो जाएगा, जिससे उत्तरी वियतनाम में तापमान में और गिरावट आएगी, साथ ही छिटपुट गरज के साथ बौछारें और कुछ क्षेत्रों में भारी बारिश होगी।
आपको यह भी पसंद आ सकता है
मध्य वियतनाम में, थान्ह होआ, न्घे आन, हा तिन्ह, क्वांग त्रि, ह्यू, दा नांग और पूर्वी क्वांग न्गई जैसे इलाकों में भी 29 सितंबर को भीषण गर्मी पड़ी, जहां तापमान 35-36 डिग्री सेल्सियस तक पहुंच गया। आज (30 सितंबर) के पूर्वानुमान के अनुसार, इस क्षेत्र में भीषण गर्मी जारी रहेगी, जिसमें अधिकतम तापमान 35-37 डिग्री सेल्सियस रहेगा और कुछ स्थानों पर तो यह 37 डिग्री सेल्सियस से भी अधिक हो सकता है।
1 अक्टूबर को न्घे आन, हा तिन्ह , क्वांग त्रि, ह्यू और पूर्वी क्वांग न्गाई में भीषण गर्मी जारी रही, जहां अधिकतम तापमान 35-36 डिग्री सेल्सियस रहा, कुछ क्षेत्रों में यह 36 डिग्री सेल्सियस से भी अधिक था, और न्यूनतम सापेक्ष आर्द्रता आमतौर पर 50-55% थी। 2 अक्टूबर से इस क्षेत्र में व्याप्त लू का प्रकोप समाप्त हो जाएगा।
राष्ट्रीय मौसम विज्ञान और जल विज्ञान पूर्वानुमान केंद्र का कहना है कि लू की चेतावनी में तापमान का पूर्वानुमान और बाहर का वास्तविक तापमान 1-3 डिग्री या उससे भी अधिक भिन्न हो सकता है, जो कंक्रीट या डामर जैसी सतह की स्थितियों पर निर्भर करता है।
दक्षिण मध्य तटीय क्षेत्र , पूर्वी जिया लाई (पूर्व में बिन्ह दिन्ह) से पूर्वी लाम डोंग (पूर्व में बिन्ह थुआन) तक, आज धूप वाला मौसम और हल्की हवाएं चलेंगी। न्यूनतम तापमान 25-27 डिग्री सेल्सियस और अधिकतम तापमान 32-34 डिग्री सेल्सियस रहेगा।
आज मध्य पर्वतमाला में धूप खिली रहेगी, दोपहर और शाम को छिटपुट बारिश और गरज के साथ बौछारें पड़ेंगी, और कुछ क्षेत्रों में भारी बारिश हो सकती है। गरज के साथ बौछारों के दौरान बवंडर, बिजली गिरने और तेज हवा के झोंके आने की संभावना है। न्यूनतम तापमान 20-23 डिग्री सेल्सियस और अधिकतम तापमान 29-32 डिग्री सेल्सियस रहेगा।
आज दक्षिणी वियतनाम के कुछ इलाकों में, विशेषकर दोपहर और शाम के समय, छिटपुट बारिश और गरज के साथ तूफान आने की संभावना है, कुछ इलाकों में भारी बारिश भी हो सकती है। तूफान के दौरान बवंडर, बिजली गिरने और तेज हवा के झोंके चलने की भी आशंका है। न्यूनतम तापमान 24-27 डिग्री सेल्सियस रहेगा। अधिकतम तापमान 31-34 डिग्री सेल्सियस रहेगा, कुछ इलाकों में यह 34 डिग्री सेल्सियस से भी अधिक हो सकता है।
आपको यह भी पसंद आ सकता है
आज हो ची मिन्ह सिटी के कुछ इलाकों में, विशेषकर दोपहर और शाम को, छिटपुट बारिश और गरज के साथ तूफान आने की संभावना है, कुछ इलाकों में भारी बारिश भी हो सकती है। तूफान के दौरान बवंडर, बिजली गिरने और तेज हवा के झोंके चलने की भी आशंका है। न्यूनतम तापमान 24-26 डिग्री सेल्सियस रहेगा। अधिकतम तापमान 32-34 डिग्री सेल्सियस रहेगा, कुछ इलाकों में यह 34 डिग्री सेल्सियस से भी अधिक हो सकता है।
पूर्वानुमानों से संकेत मिलता है कि 1 अक्टूबर से मध्य उच्चभूमि और दक्षिणी वियतनाम में कम बारिश और धूप वाला मौसम रहेगा।",1.0
"Bihar Weather Update: बिहार में झमाझम बारिश पर लगा ब्रेक, तापमान और उमस बढ़ने के आसार - Jagran",https://news.google.com/rss/articles/CBMiqAFBVV95cUxNZ3g5WE95UzJnRlg2T2kxZWd1N3E3ZVFuR0NMdE1zV3pqUzFERmRkVjhIRXBxWXBtMXE1UFVLQmNaVlpRRXRhNEJNeGI0YzZXY0xMY1VHN2pHWTBDVnZRRzZvSXZxSUNhZHpKdVVRXzJMWHp1Vk5uRm5TNHZpSVI4b3ZCN3V0WGgtTVdLWVZuMzZHdnEtUHBPa3JZZC0tRlJzMTdXUVRocEY?oc=5,Jagran,2026-09-30T07:02:00+05:30,hi,Andaman and Nicobar Islands,,"(""पारा चढ़ा"" OR ""पारा पहुंचा"" OR तापमान OR ""तापमान बढ़ा"" OR ""रिकॉर्ड तोड़ गर्मी"" OR ""डिग्री सेल्सियस"" OR ""पारा उबला"" OR ""अधिकतम तापमान"" OR ""तापमान 40 पार"" OR ""तापमान 45 पार"" OR ""तापमान बढ़ने की संभावना"") Andaman and Nicobar Islands","Bihar Weather Update: बिहार में झमाझम बारिश पर लगा ब्रेक, तापमान और उमस बढ़ने के आसार
बिहार में मानसून अब कमजोर पड़ रहा है, जिससे झमाझम बारिश का दौर थम गया है और अगले 24 घंटे में मौसम मुख्य रूप से शुष्क रहने की संभावना है।
HighLights
बिहार में मानसून कमजोर, झमाझम बारिश का दौर थमा।
अगले 24 घंटे में मौसम शुष्क रहने की संभावना है।
बारिश में कमी से दिन का तापमान और उमस बढ़ेगी।
जागरण संवाददाता, पटना। बिहार में मानसून अब धीरे-धीरे कमजोर पड़ने लगा है। झमाझम वर्षा का दौर थमने के साथ मौसम का मिजाज भी बदलने लगा है। अगले 24 घंटे में प्रदेश में मौसम मुख्य रूप से शुष्क रहने की संभावना है। आसमान में बादलों की आवाजाही रहेगी, कुछ स्थानों पर हल्की बूंदाबांदी ही हो सकती है। बारिश में कमी के बीच दिन के तापमान में बढ़ोतरी का सिलसिला शुरू हो गया है।
मौसम विज्ञान केंद्र पटना के अनुसार दक्षिण-पश्चिम मानसून की वापसी की रेखा गुरदासपुर, चंडीगढ़, मुजफ्फरनगर, अलीगढ़, धौलपुर, उदयपुर से होकर गुजर रही है। इसके आगे बढ़ने के साथ बिहार में भी मानसून की विदाई के संकेत मिलने लगे हैं।
प्रदेश से मानसून अक्टूबर के मध्य तक विदा हो सकता है। यानी आने वाले दिनों में वर्षा की गतिविधियां और कमजोर होने तथा दिन में धूप का असर बढ़ने के आसार हैं।
प्रदेश के ज्यादातर हिस्सों में वर्षा की गतिविधियां कम
पूर्वी उत्तर प्रदेश के ऊपर चक्रवाती परिसंचरण का क्षेत्र बना हुआ है। इसके प्रभाव से प्रदेश के कुछ हिस्सों में तेज हवा चल सकती है, लेकिन अधिसंख्य इलाकों में मौसम शुष्क रहने की संभावना है। बीते 24 घंटे में भी प्रदेश के ज्यादातर हिस्सों में वर्षा की गतिविधियां कम रहीं।
रोहतास में 6.4 मिलीमीटर वर्षा दर्ज की गई। मंगलवार को पटना समेत 21 जिलों के अधिकतम तापमान में वृद्धि दर्ज की गई। पटना का अधिकतम तापमान 32.5 डिग्री सेल्सियस रहा। 36.8 डिग्री सेल्सियस के साथ भभुआ प्रदेश का सबसे गर्म स्थान रहा। पटना समेत अधिकांश भागों में दिनभर मौसम शुष्क बना रहा।
तापमान में सामान्य उतार-चढ़ाव
मौसम विशेषज्ञों के अनुसार मानसून की गतिविधियां कमजोर होने के बाद तापमान में उतार-चढ़ाव सामान्य है। फिलहाल सुबह-शाम हल्की राहत के बावजूद दिन में धूप और उमस का असर बना रह सकता है। मानसून की पूरी विदाई के बाद ही प्रदेश में मौसम में ठंडक का प्रभाव धीरे-धीरे बढ़ने की उम्मीद है।
इन स्थानों पर दर्ज हुई वर्षा
रोहतास के डेहरी में 6.0 मिमी, औरंगाबाद के बारूण में 3.0 मिमी, भभुआ के भगवानपुर में 2.6 मिमी, वैशाली में 2.5 मिमी, गया में 2.0 मिमी, औरंगाबाद के ओबरा में 1.8 मिमी, औरंगाबाद के रफीगंज में 1.2 मिमी, शेखपुरा और जहानाबाद में 0.5 मिमी एवं रोहतास के नौहट्टा में 0.2 मिमी वर्षा दर्ज की गई।",1.0
"बारिश के बाद राजस्थान में फिर बढ़ी गर्मी: कई जिलों में एक से तीन डिग्री चढ़ा तापमान, रात में हल्की ठंडक - Amar Ujala",https://news.google.com/rss/articles/CBMiqwFBVV95cUxNNjByNFFwS3dSMHlQRWdRak9iRVM5ci1WdXNGZmoyUEduNUJfMVJRZ0xGUDZuNm5Qcm1rYXl5cmUtLUdaU1hFY0tXWUg4dTRqd2ZnaTl0d3FCY2E3TFZxcVFJYWw5T2NTa3FPSDQ4U25adFFNT1lESEstejJXZ3k3blNRNGpBMmE1WkFiVWM0RGFhaXVuVzF3N0NlQ2t4Q1hjLVdweVBOQU03V1XSAbABQVVfeXFMTUVkRnQ0NTdNdTBOcUxSbDJFbU9Bcy1UN0JSSTJCSTA1UUx2UTlabVVTTkVfMDM3eXB0a19QcjNVTHI3WUhjczBnY3RRRlRNYW00eUtNcGJ0WlBCd3pWUFZKZlRLb1pfYkNLUERXMnVESDlWc3A3d0FDbTlZVW1Oam9Qc1YtMHJ4MUgzVGFqRTRTQWxyV2g0NkxNZmRwUkVyUnN3OUFnZjdsd3Y4QmVEcm8?oc=5,Amar Ujala,2026-09-30T06:47:15+05:30,hi,Andaman and Nicobar Islands,,"(""पारा चढ़ा"" OR ""पारा पहुंचा"" OR तापमान OR ""तापमान बढ़ा"" OR ""रिकॉर्ड तोड़ गर्मी"" OR ""डिग्री सेल्सियस"" OR ""पारा उबला"" OR ""अधिकतम तापमान"" OR ""तापमान 40 पार"" OR ""तापमान 45 पार"" OR ""तापमान बढ़ने की संभावना"") Andaman and Nicobar Islands","बारिश के बाद राजस्थान में फिर बढ़ी गर्मी: कई जिलों में एक से तीन डिग्री चढ़ा तापमान, रात में हल्की ठंडक
राजस्थान में पश्चिमी विक्षोभ के असर से बीकानेर में आंधी के साथ हल्की बारिश हुई। अब मौसम साफ रहेगा और पश्चिमी जिलों में तापमान बढ़ने से गर्मी फिर बढ़ सकती है।
विस्तार
राजस्थान में पश्चिमी विक्षोभ के असर से मंगलवार को कुछ इलाकों में मौसम बदला रहा। बीकानेर और आसपास के क्षेत्रों में दोपहर बाद बादल छाए और तेज हवाएं चलीं। कुछ जगह हल्की बारिश भी हुई। हालांकि, प्रदेश के ज्यादातर हिस्सों में मौसम साफ रहा और धूप निकलने से दिन के तापमान में 1 से 3 डिग्री तक बढ़ोतरी दर्ज की गई। मौसम विभाग के अनुसार अक्टूबर के शुरुआती सप्ताह में प्रदेश में मौसम मुख्य रूप से साफ रहने की संभावना है। दिन में धूप के साथ हल्की गर्मी महसूस हो सकती है। पश्चिमी राजस्थान में एंटी साइक्लोनिक परिस्थितियों के कारण तापमान में फिर बढ़ोतरी के आसार हैं।
36 डिग्री के पार पहुंचा तापमान
पिछले 24 घंटे में जयपुर, भरतपुर, कोटा, अजमेर, उदयपुर और जोधपुर संभागों में मौसम सामान्य तौर पर साफ रहा। उदयपुर, बाड़मेर, सीकर, अजमेर और भीलवाड़ा में धूप निकलने के कारण तापमान 1 से 3 डिग्री तक बढ़ा। मंगलवार को बाड़मेर और जैसलमेर प्रदेश के सबसे गर्म इलाकों में रहे, जहां अधिकतम तापमान 36.6 डिग्री सेल्सियस दर्ज किया गया।
रात में महसूस हो रही हल्की ठंडक
पिछले दिनों हुई बारिश का असर अब सुबह और रात के मौसम में दिखाई दे रहा है। जयपुर, सीकर और चूरू समेत कई जिलों में रात के समय हल्की ठंडक महसूस की जा रही है। इन इलाकों में न्यूनतम तापमान करीब 20 डिग्री सेल्सियस रहा। मंगलवार रात सबसे कम तापमान उदयपुर में करीब 19 डिग्री दर्ज किया गया।
यह भी पढें- बिंदायका मर्डर का खुलासा: चाची से लिव-इन था हत्यारा, अवैध संबंधों के शक में हत्या और फिर शव दफना दिया
अगले दिनों में साफ रहेगा मौसम
मौसम विज्ञान केंद्र, जयपुर के अनुसार अब प्रदेश में मौसम साफ रहने और धूप निकलने की संभावना है। इसके साथ ही तापमान में धीरे-धीरे बढ़ोतरी हो सकती है। पश्चिमी राजस्थान में एंटी साइक्लोनिक स्थिति बनने से आने वाले दिनों में गर्मी का असर दोबारा बढ़ने के आसार हैं।
जयपुर में तीन दिन मौसम साफ
जयपुर में मंगलवार को मौसम साफ रहा। दिन का अधिकतम तापमान 34 डिग्री और न्यूनतम तापमान 20.8 डिग्री सेल्सियस दर्ज किया गया। रात में हल्की ठंडक महसूस हुई। मौसम विभाग ने जयपुर में अगले तीन दिन मौसम साफ रहने का अनुमान जताया है।",1.0
"हरियाणा में थम रहा बारिश का दौर, उत्तर-पश्चिमी हवाओं से बदलेगा मौसम, सुबह-शाम गुलाबी ठंड से राहत - ETV Bharat",https://news.google.com/rss/articles/CBMi1gFBVV95cUxQZVhPOE12RlRQNm5tbEFWUlNXa0RZVzdqTkZNeVlrc3NFRzVnSy1GSDZ3NHJGbF9CamgtcEtaeHdaTHJuby04dGZaUUVsOF9HU3hEWi1YWGl3N2tSTGVOTlBYZTZUOTR1Q29rRldpaGEwdWowUS0xcnJfc3p5SEM3RkpkSFJxRDJpYWd6OVVuNTRySkhQUmswRDQ4TVQ3aUlvUmo2LUpzOU1zNFg2QW5IOEVzSkVYVkY3NjFaWDI2UE5fd0l3MkdwbHJlN0h2TFFCR0JaMzVB0gHbAUFVX3lxTFBYdkxyek5aOUd2ekU1T2I0ZU52dzZuSWQ5RlhxTFZHc2Jnd3pDaFRCWnJUTGFIemo4aXBYZENYN2pMTFotUDZwc0xEa2ozbTNodnZXS25zMjRSMXVLSWpBN19wMVZxSDRxbmJSTU42bmgzaXptRGJOY28zLUZ2WlVKbXVhbzhteE5ZbmxDc2tXV3lOclhpX0N4cnltRUhYem5KbVgzbHI2c2RNSThZQ3o0YzVjc0ZZMUxfVlBfYXhqaldCc1E5Mk0wejhjbEFVN3pBa1MwTGM2RGs0RQ?oc=5,ETV Bharat,2026-09-30T08:19:26+05:30,hi,Andaman and Nicobar Islands,,"(""पारा चढ़ा"" OR ""पारा पहुंचा"" OR तापमान OR ""तापमान बढ़ा"" OR ""रिकॉर्ड तोड़ गर्मी"" OR ""डिग्री सेल्सियस"" OR ""पारा उबला"" OR ""अधिकतम तापमान"" OR ""तापमान 40 पार"" OR ""तापमान 45 पार"" OR ""तापमान बढ़ने की संभावना"") Andaman and Nicobar Islands","हरियाणा में थम रहा बारिश का दौर, उत्तर-पश्चिमी हवाओं से बदलेगा मौसम, सुबह-शाम गुलाबी ठंड से राहत
हरियाणा में बारिश का दौर थम रहा है. वहीं, उत्तर-पश्चिमी हवाओं से दिन गर्म और रातें ठंडी होंगी. 5 अक्टूबर तक मौसम शुष्क रहेगा.
चंडीगढ़: हरियाणा में बारिश का दौर थमने के बाद अब मौसम के फिर से शुष्क होने के आसार हैं. आने वाले दिनों में प्रदेश में दिन के तापमान में बढ़ोतरी, जबकि सुबह, शाम और रात के तापमान में गिरावट देखने को मिल सकती है.
उत्तर-पश्चिमी हवाएं बदलेंगी मिजाज: आईएमडी के अनुसार हवाओं का रुख उत्तर-पूर्वी से बदलकर उत्तर-पश्चिमी होने की संभावना है. हवाओं की दिशा बदलने से वातावरण में नमी कम होगी और मौसम में बदलाव दिखाई देगा.
5 अक्टूबर तक मुख्य रूप से शुष्क: विभाग के अनुसार 5 अक्टूबर तक मौसम परिवर्तनशील और मुख्य रूप से शुष्क रहने की संभावना है. इस दौरान कहीं-कहीं हल्के बादल छा सकते हैं. हल्की से मध्यम गति की हवाएं भी चलने की संभावना है.
दिन में बढ़ेगा तापमान: मौसम विभाग के मुताबिक अगले कुछ दिनों में दिन के तापमान में हल्की बढ़ोतरी हो सकती है. धूप का असर बढ़ने से दोपहर में गर्मी महसूस होगी. मंगलवार को महेंद्रगढ़ प्रदेश में सबसे गर्म रहा, जहां अधिकतम तापमान 34.1 डिग्री सेल्सियस दर्ज किया गया. वहीं, दिन के तापमान में बढ़ोतरी के बीच रात के तापमान में धीरे-धीरे गिरावट आने की संभावना है. सुबह और शाम के समय भी हल्की ठंडक महसूस होने लगेगी. बारिश नहीं होने और नमी घटने से रातें अपेक्षाकृत ठंडी रह सकती हैं.
कई जिलों में 30 डिग्री से ऊपर तापमान: आईएमडी की मानें तो मंगलवार को हिसार में 34.0, सिरसा में 33.2, फरीदाबाद में 33.3, भिवानी में 32.6, चरखी दादरी में 32.5, रेवाड़ी में 32.9 और सोनीपत में 32.6 डिग्री सेल्सियस तापमान दर्ज हुआ. गुरुग्राम में 31.0 और रोहतक में 30.7 डिग्री सेल्सियस रहा. नारनौल में 30.5, पलवल में 32.6 और झज्जर में 31.2 डिग्री सेल्सियस तापमान रहा. वहीं अंबाला में 31.8, यमुनानगर में 30.4, पंचकूला में 30.7 और पानीपत में 31.0 डिग्री सेल्सियस दर्ज किया गया.
किसानों के लिए मौसम अनुकूल: कृषि मौसम विज्ञान विभाग के अध्यक्ष डॉ. मदन खीचड़ के अनुसार 5 अक्टूबर तक मौसम में किसी बड़े बदलाव की संभावना नहीं है. शुष्क मौसम को देखते हुए किसानों को कृषि कार्यों की योजना बनाने की सलाह दी गई है. विभाग ने फिलहाल किसी तरह की मौसम चेतावनी जारी नहीं की है.",1.0
"30 सितंबर के लिए मौसम का पूर्वानुमान: उत्तरी वियतनाम में तापमान में वृद्धि होगी, और गर्म और धूप वाला मौसम रहेगा जो 37 डिग्री सेल्सियस से अधिक होगा। - Vietnam.vn",https://news.google.com/rss/articles/CBMinAFBVV95cUxOV2trVDd1bHJRV1FyVWdFRFp2d3dJZmJlZXdPZ3lzN0FaUGpuMHA0QlBaSnpDaDZfbndzX3dZcnB1N2V4VmRXdlBvZXBnVjFqbTY0UkhkWlJrUHhVbGE2LWY3dFhhTE1kYzZYM2loeFVFaDN2REhkV2tIbWhjdVUwc21kaXcwZ1RCb1NfUjl1QVR2NWdGQnhkUGswcVg?oc=5,Vietnam.vn,2026-09-30T07:28:13+05:30,hi,Andaman and Nicobar Islands,,"(""पारा चढ़ा"" OR ""पारा पहुंचा"" OR तापमान OR ""तापमान बढ़ा"" OR ""रिकॉर्ड तोड़ गर्मी"" OR ""डिग्री सेल्सियस"" OR ""पारा उबला"" OR ""अधिकतम तापमान"" OR ""तापमान 40 पार"" OR ""तापमान 45 पार"" OR ""तापमान बढ़ने की संभावना"") Andaman and Nicobar Islands","30 सितंबर को उत्तरी और मध्य क्षेत्रों में तापमान में वृद्धि हुई, मौसम गर्म और धूप वाला रहा, और कुछ स्थानों पर भीषण गर्मी के साथ अधिकतम तापमान 37 डिग्री सेल्सियस से अधिक हो गया।
30 सितंबर को उत्तरी वियतनाम के मध्य और मैदानी इलाकों, दक्षिणी फु थो प्रांत, थान्ह होआ से दा नांग शहर तक के क्षेत्र और पूर्वी क्वांग न्गाई प्रांत में तापमान बढ़ रहा है, जिससे मौसम गर्म और धूप वाला है, और कुछ स्थानों पर भीषण गर्मी पड़ रही है। अधिकतम तापमान आमतौर पर 35-36 डिग्री सेल्सियस है, जबकि कुछ क्षेत्रों में यह 37 डिग्री सेल्सियस से भी अधिक है। आर्द्रता लगभग 45-50% के आसपास कम बनी हुई है, जिससे उमस और शुष्कता का एहसास और भी बढ़ जाता है।
30 सितंबर की रात से उत्तरी क्षेत्र में एक कमजोर शीत मोर्चे का आगमन हुआ। हालांकि तापमान में उल्लेखनीय गिरावट नहीं आई, लेकिन इससे मौसम में नरमी आई और लू का अंत हुआ।
1 अक्टूबर को न्घे आन से दा नांग शहर और क्वांग न्गई प्रांत के पूर्वी भाग तक के इलाकों में भीषण गर्मी जारी रही, जहां अधिकतम तापमान 35-36 डिग्री सेल्सियस तक पहुंच गया और कुछ क्षेत्रों में तो यह 36 डिग्री सेल्सियस से भी अधिक रहा। 2 अक्टूबर से इन क्षेत्रों में भीषण गर्मी की लहर समाप्त हो जाएगी।
इसके अतिरिक्त, सितंबर के अंतिम दिन, अन्य क्षेत्रों में छिटपुट बारिश और गरज के साथ-साथ धूप भी खिली रही। विशेष रूप से, मध्य उच्चभूमि के दक्षिणी भाग और दक्षिणी वियतनाम में, 30 सितंबर की दोपहर और शाम को छिटपुट बारिश और गरज के साथ-साथ कुछ स्थानों पर भारी बारिश की संभावना थी।
तूफान के दौरान, बवंडर, बिजली, ओलावृष्टि और तेज हवा के झोंके जैसी खतरनाक मौसम संबंधी घटनाओं का खतरा रहता है।
30 सितंबर, 2026 को देश के सभी क्षेत्रों के लिए मौसम का पूर्वानुमान
हनोई में रात में बारिश नहीं होगी और दिन में गर्म, धूप वाला मौसम रहेगा। दक्षिण-पूर्व से दक्षिण की ओर 2-3 तीव्रता की हवाएं चलेंगी। न्यूनतम तापमान 27-29 डिग्री सेल्सियस रहेगा। अधिकतम तापमान 35-37 डिग्री सेल्सियस रहेगा, कुछ क्षेत्रों में यह 37 डिग्री सेल्सियस से अधिक भी हो सकता है।
उत्तर-पश्चिमी क्षेत्र में शाम और रात के दौरान छिटपुट बारिश और गरज के साथ तूफान आने की संभावना है। दिन में धूप खिली रहेगी, हालांकि कुछ क्षेत्रों में गर्मी रहेगी, विशेषकर दक्षिणी फु थो प्रांत में। हवा हल्की रहेगी। गरज के साथ तूफान के दौरान बवंडर, बिजली गिरने और तेज हवा के झोंके आने की संभावना है। न्यूनतम तापमान 25-28 डिग्री सेल्सियस रहेगा, उत्तर-पश्चिमी क्षेत्र में 20-23 डिग्री सेल्सियस। अधिकतम तापमान 32-35 डिग्री सेल्सियस रहेगा, कुछ क्षेत्रों में 35 डिग्री सेल्सियस से अधिक भी हो सकता है, और दक्षिणी फु थो प्रांत में 35-37 डिग्री सेल्सियस रहेगा, कुछ क्षेत्रों में 37 डिग्री सेल्सियस से अधिक भी हो सकता है।
पूर्वोत्तर क्षेत्र में शाम और रात के दौरान छिटपुट बारिश और गरज के साथ तूफान आने की संभावना है। दिन में धूप खिली रहेगी, हालांकि कुछ क्षेत्रों में, विशेषकर मैदानी और मध्यवर्ती क्षेत्रों में, गर्मी पड़ सकती है। दक्षिण-पूर्व से दक्षिण की ओर 2-3 की गति से हवाएं चलेंगी। गरज के साथ तूफान के दौरान बवंडर, बिजली गिरने और तेज हवा के झोंके आने की संभावना है। न्यूनतम तापमान 26-29 डिग्री सेल्सियस रहेगा। अधिकतम तापमान 33-36 डिग्री सेल्सियस रहेगा, कुछ क्षेत्रों में यह 37 डिग्री सेल्सियस से अधिक भी हो सकता है।
थान्ह होआ से ह्यू तक, शाम और रात में छिटपुट बारिश और गरज के साथ तूफान आने की संभावना है। दिन गर्म और धूप वाला रहेगा। हवा हल्की चलेगी। गरज के साथ तूफान के दौरान बवंडर, बिजली गिरने और तेज हवा के झोंकों का खतरा है। न्यूनतम तापमान 25-28 डिग्री सेल्सियस रहेगा। अधिकतम तापमान 33-36 डिग्री सेल्सियस रहेगा, कुछ क्षेत्रों में यह 37 डिग्री सेल्सियस से भी अधिक हो सकता है।
दक्षिण मध्य तटीय क्षेत्र में शाम और रात के दौरान छिटपुट बारिश और गरज के साथ तूफान आने की संभावना है। दिन में धूप खिली रहेगी, हालांकि कुछ क्षेत्रों में, विशेषकर उत्तर में, गर्मी रहेगी। हवा हल्की चलेगी। गरज के साथ तूफान के दौरान बवंडर, बिजली गिरने और तेज हवाओं से सावधान रहें। न्यूनतम तापमान 24-27 डिग्री सेल्सियस रहेगा। उत्तर में अधिकतम तापमान 34-36 डिग्री सेल्सियस और दक्षिण में 32-34 डिग्री सेल्सियस रहेगा।
मध्य पर्वतमाला में कुछ क्षेत्रों में छिटपुट बारिश और गरज के साथ बौछारें पड़ेंगी, दोपहर में छिटपुट बारिश और गरज के साथ बौछारें पड़ सकती हैं, और कुछ स्थानों पर भारी बारिश भी हो सकती है। हवाएं हल्की रहेंगी। गरज के साथ बौछारों के दौरान बवंडर, बिजली गिरने और तेज हवा के झोंके आने की संभावना है। न्यूनतम तापमान 19-22 डिग्री सेल्सियस और अधिकतम तापमान 29-32 डिग्री सेल्सियस रहेगा।
दक्षिणी वियतनाम के कुछ इलाकों में छिटपुट बारिश और गरज के साथ बौछारें पड़ेंगी , दोपहर में भी बौछारें और गरज के साथ बौछारें पड़ सकती हैं, और कुछ जगहों पर भारी बारिश हो सकती है। हवाएं हल्की रहेंगी। गरज के साथ बौछारों के दौरान बवंडर, बिजली गिरने और तेज हवाओं से सावधान रहें। न्यूनतम तापमान 24-27 डिग्री सेल्सियस रहेगा। अधिकतम तापमान 31-34 डिग्री सेल्सियस रहेगा, कुछ इलाकों में यह 34 डिग्री सेल्सियस से अधिक भी हो सकता है।
हो ची मिन्ह सिटी के कुछ इलाकों में छिटपुट बारिश और गरज के साथ बौछारें पड़ेंगी, दोपहर में भी बौछारें और गरज के साथ बौछारें पड़ सकती हैं, और कुछ जगहों पर भारी बारिश भी हो सकती है। हवाएं हल्की रहेंगी। गरज के साथ बौछारों के दौरान बवंडर, बिजली गिरने और तेज हवा के झोंके आने की संभावना है। न्यूनतम तापमान 24-26 डिग्री सेल्सियस और अधिकतम तापमान 32-34 डिग्री सेल्सियस रहेगा।
स्रोत: https://baolangson.vn/du-bao-thoi-tiet-ngay-30-9-mien-bac-tang-nhiet-troi-nang-nong-tren-37-c-5105646.html",1.0
"कोटा में तेज धूप, गर्मी बढ़ी: अधिकतम तापमान 33.5 डिग्री सेल्सियस, मौसम शुष्क - Dainik Bhaskar",https://news.google.com/rss/articles/CBMiyAFBVV95cUxQeUN0N1lsSXFtS1BIZm1sQ2JDZVpYc1FVV2lJcGhfN2VVVUxPR2FINWNhZHo3eFdJdnhmUHJ3M0RZVThBcVVGZWE2Sm10OVZLeHhiMlpBYS1vOFlkaDl5dXY4ci1UUWJjajRDQnRLYjFJRGNycUoyLV8wNTFTTW1Gc1JYRlFjUVpaZUZMS1lJaW80Z0NqTlRKVmlFcGZuV3h3XzlpWndDYTkyX0tBQ09jSHJDaHhPTG9qMFViSmZtNnFKM2c2eFF5OdIBzgFBVV95cUxOeUlPVlBzTkJCODFnZGJlWW9tT29EUElBQy0xZGg3STZaMjdkVjVZVlNzSU4ycUFmcVd4YTFjLWJndHY5T2R5RFNvSDluTjBTR0lqN281aUVqSHdjRU1oeU9IWlRoelFaV1hNMkhHdERHUk81VGJxM2tKQUs1SmxUUTg0NmJWdEVRRXFJbEFIMjd4TmNZYkV4dk13VlcwVktyVG9TNFZuSFlIVHppMUgyLWpSbWtVSEdBNWNLeEZVSmx0UkRpWU1RVWtHRGdhUQ?oc=5,Dainik Bhaskar,2026-09-30T11:59:39+05:30,hi,Andaman and Nicobar Islands,,"(""पारा चढ़ा"" OR ""पारा पहुंचा"" OR तापमान OR ""तापमान बढ़ा"" OR ""रिकॉर्ड तोड़ गर्मी"" OR ""डिग्री सेल्सियस"" OR ""पारा उबला"" OR ""अधिकतम तापमान"" OR ""तापमान 40 पार"" OR ""तापमान 45 पार"" OR ""तापमान बढ़ने की संभावना"") Andaman and Nicobar Islands","कोटा में तेज धूप, गर्मी बढ़ी:अधिकतम तापमान 33.5 डिग्री सेल्सियस, मौसम शुष्क
- कॉपी लिंक
प्रदेश में मानसून की विदाई से पहले कोटा शहर में भी बारिश का दौर थमा हुआ है। आज बुधवार सुबह से भी मौसम साफ रहा और दिनभर तेज धूप खिली रही।
इससे पहले मंगलवार को भी तापमान में ज्यादा बदलाव नहीं हुआ, जिससे मौसम शुष्क बना रहा। पिछले कई दिनों से तापमान बढ़ने के साथ ही गर्मी और उमस बनी हुई है। दिन के साथ-साथ रात के समय भी मौसम में गर्माहट महसूस की गई
कोटा में अधिकतम तापमान 33.5 डिग्री सेल्सियस और न्यूनतम तापमान 23.8 डिग्री रहा। कोटा में पिछले 24 घंटों में कोई बारिश नहीं हुई है।
मानसून के इस सीजन में कोटा में अब तक कुल 461.7 मिमी बारिश दर्ज की जा चुकी है। मौसम विभाग जयपुर के अधिकारियों के अनुसार5 प्रदेश के अधिकतर क्षेत्रों में अगले एक सप्ताह तक मौसम शुष्क बना रहने की संभावना है।
बांधों की स्थिति
चंबल नदी पर बने गांधी सागर बांध की भराव क्षमता 1312 फीट है जिसमें बुधवार सुबह 1302.45 फीट पानी भरा हुआ है। राणा प्रताप बांध की भराव क्षमता 1157 फीट है जो 1143.21 फीट भरा है। जवाहर सागर बांध की भराव क्षमता 980 फीट है जो 972.9 फीट भरा है। वहीं कोटा बैराज की भराव क्षमता 854 फीट है जो कि 852.70 फीट भरा हुआ है।
कम बारिश से गर्मी में आएगी दिक्कत
कोटा में इस सीजन 37.70 फीसदी कम बारिश हुई है। आमतौर पर तीस सिंतबर तक 740 एमएम बारिश होती है जो कि इस बार सिर्फ 461.7 मिमी बारिश हुई है। हालांकि कोटा शहर में चंबल से पानी शोधन कर सप्लाई किया जाता है।
शहर में दो समय पानी की सप्लाई होती है ऐसे में शहर में ज्यादा दिक्कत गर्मी में नहीं आती लेकिन शहरी सीमा पर बसे इलाको में इस बार काफी परेशानी हो सकती है क्योंकि वाटर लेवल अप नहीं होने से यहां बोरिंग से भी पानी मिलना मुश्किल होगा।
ऐसे में मंडाना, आवली रोजडी, बंधा धर्मपुरा, रंगपुर समेत कई इलाके है जहां पानी के टैंकर से हर साल पानी सप्लाई होता है और इस बार वही स्थिति बनती दिख रही है।
जोधपुर- एक साथ उड़ेंगे दुनिया के सबसे खतरनाक 80-फाइटर जेट: राफेल को सुखोई ने किया लीड, 40 हजार फीट पर फ्यूल भरने की प्रैक्टिस; देखें- PHOTOS
सीएम ने बाड़मेर-जैसलमेर के लिए अकाल राहत पैकेज दिया: जिला कलेक्टरों को मिलेंगे 1 करोड़, पशु चारा डिपो भी खुलेंगे
45 सीटों के लिए 85 कैंडिडेट्स का डॉक्यूमेंट वेरिफिकेशन: CMHO बोले- रोस्टर से मिलेगा आरक्षण का लाभ, ANM की काउंसलिंग
दुबई से जयपुर आने वाली स्पाइसजेट की फ्लाइट लेट: नोएडा से आने वाली इंडिगो की उड़ान कैंसिल; पैसेंजर्स परेशान",1.0
"UP Weather Today: लखनऊ सहित पूरे उत्तर प्रदेश में एक सप्ताह शुष्क रहेगा मौसम, बढ़ेगा तापमान - Jagran",https://news.google.com/rss/articles/CBMiwAFBVV95cUxPb1VRbjFXNXVXSmVlUTdCSXllajlVdzhHN09JVDZzR2xpSHBFYkN1QUVqRUZWb0M5YTUxbUZOWWM0UHBBY2J1Wmtzc0lFNWg3S1dyNVpMdWRraUNPR3NTUl9vWFcwbzNZRVlhTjJ4MUxDdzlMT3RfWV9pTlpxNmw0cWpmeDRTemlDbGJnOThwRWF5M1RfcGwtaG9RbDhrdWN0ejVGTHEyTUNZREo4UzFlSUdUZWpKaHlCWmlmUDlNaGg?oc=5,Jagran,2026-09-30T07:24:00+05:30,hi,Andaman and Nicobar Islands,,"(""पारा चढ़ा"" OR ""पारा पहुंचा"" OR तापमान OR ""तापमान बढ़ा"" OR ""रिकॉर्ड तोड़ गर्मी"" OR ""डिग्री सेल्सियस"" OR ""पारा उबला"" OR ""अधिकतम तापमान"" OR ""तापमान 40 पार"" OR ""तापमान 45 पार"" OR ""तापमान बढ़ने की संभावना"") Andaman and Nicobar Islands","UP Weather Today: लखनऊ सहित पूरे उत्तर प्रदेश में एक सप्ताह शुष्क रहेगा मौसम, बढ़ेगा तापमान
मानसून कमजोर होने के कारण उत्तर प्रदेश के अधिकांश जिलों में एक सप्ताह तक मौसम शुष्क रहेगा और तापमान में ...और पढ़ें
HighLights
मानसून कमजोर, उत्तर प्रदेश में एक सप्ताह शुष्क मौसम रहेगा।
तापमान में 2-3 डिग्री सेल्सियस की वृद्धि होने की संभावना है।
3 अक्टूबर तक प्रदेश से मानसून की विदाई के पूरे आसार।
जागरण संवाददाता, लखनऊ। प्रदेश के अधिकतर जिलों में मानसून कमजोर हो गया है। बुधवार से एक सप्ताह तक मौसम शुष्क रहेगा। पूर्व से लेकर पश्चिमी जिलों तक बारिश की कोई संभावना नहीं है। इसके साथ ही तापमान में दो से तीन डिग्री सेल्सियस तक की वृद्धि हो सकती है।
इस दौरान प्रदेश के दक्षिणी हिस्सों में बादलों की आवाजाही के बीच हल्की बरसात हो सकती है। तीन अक्टूबर से प्रदेश से मानसून की विदाई के पूरे आसार हैं।
मौसम विज्ञानी अतुल कुमार सिंह ने बताया कि पांच अक्टूबर तक प्रदेश के सभी जिलों में मौसम सामान्य रहेगा, हालांकि बुधवार को कहीं-कहीं गरज-चमक के साथ बारिश हो सकती है। अवध के जिलों में बुधवार से ही अधिकतम तापमान में थोड़ी वृद्धि हो सकती है। इस सप्ताह में अधिकतम तापमान 35 डिग्री सेल्सियस तक रह सकता है।
लखनऊ में मंगलवार को अधिकतम तापमान सामान्य से 1.6 डिग्री सेल्सियस कम यानी 32.2 डिग्री सेल्सियस रहा। दोपहर में रह-रहकर धूप खिली, लेकिन बादलों की आवाजाही से धूप का असर नहीं रहा। प्रदेश में अधिकतम तापमान कानपुर नगर में सर्वाधिक 35.5 डिग्री सेल्सियस रहा।

प्रयागराज में अधिकतम तापमान 34.2 डिग्री सेल्सियस रहा। सिंह के अनुसार गुरुवार व शुक्रवार को भी प्रदेश के अधिकतर जिलों का तापमान 30 से 35 डिग्री सेल्सियस के बीच रह सकता है।",1.0
"Punjab Weather 30th September: मानसून सुस्त, शुष्क मौसम व धूप से बढ़ेगा दिन का तापमान, रातें होंगी ठंडी - Jagran",https://news.google.com/rss/articles/CBMi4gFBVV95cUxOaWJvX0lNd2QwUUdIWFRSTjU0ZHMyNW1QR0FDWlFYemRiaW90TG1Sc0pnQlBxQmZCOXlHTTdSWERjLTRPZ1B6WEVVZElqclExM2RTR1hVZ1QxYjFGdlBnU1MxeVJCWG9EMlhlZTltcWJOYmc3MjBwcHdhVlB4dkQyaUdYemtSdU5Oemk4Z25nM2ZjaXZDeXpBWWRTY3VhQk5QTUM2SFgxTDhHVS1adzBXV1NWVzg2VTdkN0NNT0VhOGsyQmtaQVJZcGotMlVjeW4zaUx3UDdUVXJ4bzM0LWFkWTd3?oc=5,Jagran,2026-09-30T07:00:00+05:30,hi,Andaman and Nicobar Islands,,"(""पारा चढ़ा"" OR ""पारा पहुंचा"" OR तापमान OR ""तापमान बढ़ा"" OR ""रिकॉर्ड तोड़ गर्मी"" OR ""डिग्री सेल्सियस"" OR ""पारा उबला"" OR ""अधिकतम तापमान"" OR ""तापमान 40 पार"" OR ""तापमान 45 पार"" OR ""तापमान बढ़ने की संभावना"") Andaman and Nicobar Islands","Punjab Weather Today: मानसून सुस्त, शुष्क मौसम व धूप से बढ़ेगा दिन का तापमान, रातें होंगी ठंडी
पंजाब में 29 सितंबर को हल्की बारिश के बाद 30 सितंबर से 3 अक्टूबर तक मौसम शुष्क रहेगा। किसानों को ...और पढ़ें
HighLights
पंजाब में 30 सितंबर से 3 अक्टूबर तक मौसम शुष्क रहेगा।
दिन का अधिकतम तापमान सामान्य से अधिक, रातें ठंडी होंगी।
किसानों को सिंचाई रोकने और जल निकासी की सलाह दी गई।
डिजिटल डेस्क, अमृतसर। मानसून की विदाई के इस दौर में मौसम विज्ञान केंद्र चंडीगढ़ की ओर से जारी रिपोर्ट के अनुसार, राज्य में आने वाले दिनों में मौसम का मिजाज पूरी तरह बदलने वाला है। 30 सितंबर, यानी कि आज से लेकर 3 अक्टूबर तक पूरे पंजाब में मौसम पूरी तरह शुष्क रहेगा।
मौसम विभाग के आंकड़ों के विश्लेषण से पता चलता है कि आने वाले दिनों में पंजाब में वर्षा सामान्य से कम रहने का अनुमान है। अगर बात तापमान की करें, तो दिन का अधिकतम तापमान सामान्य से थोड़ा अधिक रह सकता है।
वहीं, रात के यानी न्यूनतम तापमान की बात करें तो उत्तर-पश्चिम पंजाब के जिलों में यह सामान्य से कम दर्ज किया जाएगा, जबकि राज्य के बाकी हिस्सों में न्यूनतम तापमान सामान्य रहने की संभावना जताई गई है।

24 घंटों में 3.3 डिग्री बढ़ा तापमान
मंगलवार को दर्ज किए गए तापमान के आंकड़ों पर नजर डालें तो कल के मुकाबले राज्य के औसत अधिकतम तापमान में 3.3 डिग्री सेल्सियस की बढ़ोतरी देखी गई है। हालांकि, यह अभी भी इस मौसम के सामान्य तापमान से लगभग 1.9 डिग्री सेल्सियस नीचे बना हुआ है।
आंकड़ों के अनुसार, पंजाब में सबसे अधिक अधिकतम तापमान बठिंडा में 34.0 डिग्री सेल्सियस दर्ज किया गया, जबकि बठिंडा हवाई अड्डे पर यह पारा 33.9 डिग्री सेल्सियस रहा। राज्य के अन्य प्रमुख शहरों की स्थिति इस प्रकार रही:
चंडीगढ़: दिन का तापमान 32.8 डिग्री सेल्सियस दर्ज किया गया, जिसमें पिछले 24 घंटों के भीतर 7.4 डिग्री सेल्सियस की बड़ी बढ़ोतरी देखी गई।
अमृतसर: यहां अधिकतम तापमान 31.2 डिग्री सेल्सियस रहा।
लुधियाना: औद्योगिक नगरी में तापमान 32.0 डिग्री सेल्सियस दर्ज किया गया।
पटियाला: पटियाला में अधिकतम पारा 32.4 डिग्री सेल्सियस दर्ज हुआ।
मंगलवार सुबह साढ़े आठ बजे से शाम साढ़े पांच बजे के बीच राज्य के लगभग सभी मौसम केंद्रों पर बारिश शून्य दर्ज की गई, जिससे साफ है कि नमी अब कम हो रही है।

किसानों के लिए विशेष हिदायतें जारी
सिंचाई पर तुरंत रोक लगाएं: आने वाले 4 से 5 दिनों तक शुष्क मौसम की संभावना को देखते हुए फसलों, हरी सब्जियों और फलदार बागों में सिंचाई का काम फिलहाल टाल दें।
जल निकासी का रखें ध्यान: जिन खेतों में पहले से पानी भरा हुआ है या हालिया बारिश का पानी इकट्ठा है, वहां तुरंत जलनिकासी की समुचित व्यवस्था करें। खेतों में पानी रुकने से फसलों की जड़ों को नुकसान पहुंच सकता है।
खाद और कीटनाशक का छिड़काव: यदि फसलों में कीट नियंत्रण के लिए कीटनाशकों या खाद का छिड़काव करना बेहद जरूरी हो, तो इसे केवल मौसम पूरी तरह साफ होने पर ही अंजाम दें।
सब्जियों की बुवाई का सही समय: कद्दू वर्गीय सब्जियों जैसे लौकी, कद्दू, करेला आदि की बुवाई का काम जल्द से जल्द पूरा कर लें। वैज्ञानिकों ने सलाह दी है कि किसान वायरस-प्रतिरोधी किस्मों के बीजों को ही प्राथमिकता दें।
बागवानी के लिए अनुकूल समय: नए फलदार पौधे लगाने की योजना बना रहे किसानों के लिए यह मौसम बेहद मुफीद है। नींबू, अमरूद, आम और पपीते जैसे सदाबहार फलदार पौधे लगाने के लिए वर्तमान मौसम की स्थितियां काफी उपयुक्त हैं।
मौसम साफ रहने से आने वाले दिनों में खरीफ की फसलों की कटाई और मंडियों में धान की आवक में तेजी आने की उम्मीद जताई जा रही है।",1.0
"उत्तर-पूर्व से आने वाले दो लगातार शीत मोर्चों के बारे में नवीनतम समाचार, जो आगामी अवधि में उत्तरी वियतनाम की ओर बढ़ रहे हैं। - Vietnam.vn",https://news.google.com/rss/articles/CBMitgFBVV95cUxOTE15emIzeHVmUUszMnptY0RtdWxOcXhBVnh5TXlXTmlkRXF6amNzSmxjY0JCdjVSbHFqMXpvSW9kYXg2dVVJY1NMOXBCYWhrRGlkWTNPdWtyZTJGM0drS1JfRk54b1JjVTlleGt6M2RyRlktYlI1b29GZUt1ektJd3YtM0cydE9weFJ6bE4zN3NDRFhscGdDQVVHSmJXcF9jNHpaLUZXVk9KZnpOSW1wVkduamd6dw?oc=5,Vietnam.vn,2026-09-30T07:08:56+05:30,hi,Andaman and Nicobar Islands,,"(""पारा चढ़ा"" OR ""पारा पहुंचा"" OR तापमान OR ""तापमान बढ़ा"" OR ""रिकॉर्ड तोड़ गर्मी"" OR ""डिग्री सेल्सियस"" OR ""पारा उबला"" OR ""अधिकतम तापमान"" OR ""तापमान 40 पार"" OR ""तापमान 45 पार"" OR ""तापमान बढ़ने की संभावना"") Andaman and Nicobar Islands","उत्तर-पूर्व से आने वाले दो लगातार शीत मोर्चों के बारे में नवीनतम समाचार, जो आगामी अवधि में उत्तरी वियतनाम की ओर बढ़ रहे हैं।
मौसम पूर्वानुमान के अनुसार, अक्टूबर की शुरुआत में उत्तरी क्षेत्र में लगातार दो शीत मोर्चों का प्रभाव रहेगा। मौसम में काफी बदलाव आएगा, कई क्षेत्रों में छिटपुट बारिश होगी, कुछ स्थानों पर गरज के साथ तूफान आएगा और तापमान में गिरावट आएगी।
राष्ट्रीय मौसम विज्ञान और जल विज्ञान पूर्वानुमान केंद्र से मिली जानकारी के अनुसार: अक्टूबर की शुरुआत से, उत्तर में लगातार दो शीत मोर्चों का सामना करना पड़ेगा।
मौसम विज्ञान एजेंसी के अनुसार, अब से लेकर 30 सितंबर तक, मध्य उच्चभूमि और दक्षिणी क्षेत्रों को छोड़कर, जहां दोपहर और शाम को छिटपुट बारिश और गरज के साथ बौछारें पड़ने की संभावना है, कुछ क्षेत्रों में भारी बारिश और बवंडर, बिजली गिरने और तेज हवाओं की संभावना है, अन्य क्षेत्रों में हल्की बारिश होगी, धूप खिली रहेगी और कुछ स्थानों पर तापमान 35 डिग्री सेल्सियस से ऊपर रहेगा।
पूर्वानुमानों के अनुसार, 30 सितंबर की रात से पूर्व की ओर बढ़ने वाला एक कमजोर शीत मोर्चा उत्तरी वियतनाम को प्रभावित करेगा, जिससे कुछ क्षेत्रों में छिटपुट बारिश और गरज के साथ तूफान आ सकता है। 1 और 2 अक्टूबर को उत्तरी प्रांतों में तापमान पिछले दिन की तुलना में लगभग 2-4 डिग्री सेल्सियस कम हो जाएगा।
4 से 5 अक्टूबर की रात से ठंडी हवा का दबाव बढ़ने की संभावना है। उत्तरी क्षेत्र और थान्ह होआ से हा तिन्ह तक के मौसम में काफी बदलाव आएगा, जिससे बारिश बढ़ेगी, कुछ स्थानों पर भारी बारिश होगी और तापमान में लगातार गिरावट आएगी।
5 और 6 अक्टूबर की रात से, क्वांग त्रि से दा नांग तक के क्षेत्र और क्वांग न्गाई प्रांत के पूर्वी हिस्से में बारिश होने की संभावना है।
राष्ट्रीय मौसम विज्ञान और जल विज्ञान पूर्वानुमान केंद्र द्वारा हनोई के होआन किएम वार्ड के लिए जारी 10 दिवसीय तापमान चार्ट के अनुसार, उत्तर की ओर बढ़ रही ठंडी हवा के प्रभाव से पहले, हनोई का मौसम गर्म और धूप वाला रहेगा और तापमान 36 डिग्री सेल्सियस तक पहुंच जाएगा।
1 अक्टूबर से, शीत मोर्चे के प्रभाव के कारण, हनोई में बादल छाए रहेंगे और बारिश व गरज के साथ बौछारें पड़ेंगी। तापमान गिरकर 32 डिग्री सेल्सियस तक हो जाएगा।
2 अक्टूबर से सूरज निकल आया, लेकिन तापमान 32 डिग्री सेल्सियस पर ही बना रहा। 4 अक्टूबर से, दूसरे शीत मोर्चे के प्रभाव से हनोई में तापमान में गिरावट आई।
ठंडी हवा का झोंका आने से पहले उत्तर में मौसम धूप वाला रहेगा।
वीटीवी के मौसम पूर्वानुमान के अनुसार, उत्तरी वियतनाम के मध्य और निचले इलाकों में आज पूरे दिन गर्म मौसम रहेगा।
आपको यह भी पसंद आ सकता है
आज हनोई में भीषण गर्मी जारी है और अधिकतम तापमान 37 डिग्री सेल्सियस तक पहुंच गया है। संभावना है कि 1 अक्टूबर तक आसमान में बादल छा जाएंगे और तापमान में गिरावट आएगी क्योंकि एक ठंडी हवा का झोंका आगे बढ़ेगा और उत्तरी क्षेत्र में निम्न दबाव का क्षेत्र बनाएगा।
थान्ह होआ प्रांत से लेकर दक्षिण में दा नांग शहर और क्वांग न्गाई प्रांत के पूर्वी भाग तक, विस्तृत क्षेत्र में मौसम गर्म और धूप वाला है। तापमान आमतौर पर 35-36 डिग्री सेल्सियस के बीच रहता है, कुछ क्षेत्रों में तापमान 36 डिग्री सेल्सियस से ऊपर भी पहुंच जाता है।
इस क्षेत्र में गर्म मौसम 1 अक्टूबर तक जारी रह सकता है, उसके बाद धीरे-धीरे कम हो जाएगा।
दक्षिणी क्षेत्र में, गरज के साथ बारिश केवल देर दोपहर और शाम को होती है, जबकि दिन में तेज धूप रहती है। अधिकांश वार्डों में तापमान 32-34 डिग्री सेल्सियस के बीच रहता है, जबकि बिएन होआ वार्ड में भीषण गर्मी के साथ तापमान 35 डिग्री सेल्सियस तक पहुंच जाता है।",0.8
"तापमान में 4 डिग्री सेल्सियस की वृद्धि के साथ, जापान में केवल 7 प्राकृतिक स्की रिसॉर्ट ही बचेंगे। - Vietnam.vn",https://news.google.com/rss/articles/CBMiiAFBVV95cUxOT0FJcUEzeTRxRzNaTDlUU1JNaEhfSFo5eWhRTWV6NU5reEVlbWE1UnMwLUgtWlBHYWlXTU5wZmNOUlN1YUdiRTlUcUdxZzVJX2tZeEtkNmpCaVdvdW9lVlZiWXZuRm9mTVRyY1h6Q19IeFpGWVVTMXQxRlg3WEo1QXNacGdpNjJ1?oc=5,Vietnam.vn,2026-09-30T02:29:20+05:30,hi,Andaman and Nicobar Islands,,"(""पारा चढ़ा"" OR ""पारा पहुंचा"" OR तापमान OR ""तापमान बढ़ा"" OR ""रिकॉर्ड तोड़ गर्मी"" OR ""डिग्री सेल्सियस"" OR ""पारा उबला"" OR ""अधिकतम तापमान"" OR ""तापमान 40 पार"" OR ""तापमान 45 पार"" OR ""तापमान बढ़ने की संभावना"") Andaman and Nicobar Islands","एक नए अध्ययन से पता चलता है कि यदि वैश्विक तापमान औद्योगिक क्रांति से पहले के स्तर से 4 डिग्री सेल्सियस बढ़ जाता है, तो पूरी तरह से प्राकृतिक बर्फ पर चलने वाले स्की रिसॉर्ट की संख्या घटकर मात्र सात रह सकती है । होक्काइडो विश्वविद्यालय और जापान वन अनुसंधान एवं प्रबंधन संगठन के वैज्ञानिकों द्वारा किए गए इस शोध में देश भर में स्की लिफ्ट या गोंडोला वाले 349 स्की रिसॉर्ट का विश्लेषण किया गया है।
शोधकर्ताओं ने औद्योगिक क्रांति से पहले के स्तर की तुलना में वैश्विक तापमान में क्रमशः 2°C और 4°C की वृद्धि के दो परिदृश्य विकसित किए। स्थिरता का आकलन करने के लिए, शोध दल ने निर्धारित किया कि एक स्की रिसॉर्ट पूरी तरह से तभी संचालित हो सकता है जब वह कृत्रिम बर्फ की आवश्यकता के बिना प्रति वर्ष कम से कम 100 स्कीइंग दिवस सुनिश्चित करे। जलवायु परिवर्तन पूर्वानुमान आंकड़ों पर आधारित विश्लेषण से पता चला कि दोनों तापमान परिदृश्यों के बीच जापानी स्की उद्योग की संभावनाओं में महत्वपूर्ण अंतर हैं।
औद्योगिक क्रांति से पहले के स्तर की तुलना में वैश्विक तापमान में 4°C की वृद्धि होने की स्थिति में – एक ऐसा परिदृश्य जिसमें जलवायु परिवर्तन को कम करने के लिए लगभग कोई प्रभावी उपाय नहीं किए जाते – अध्ययन किए गए 349 स्की रिसॉर्ट में से केवल 7 ही पूरी तरह से प्राकृतिक बर्फ पर निर्भर रहकर चालू रह सकते हैं। ये रिसॉर्ट होक्काइडो, अकिता, यामागाता, गुन्मा और नागानो में स्थित हैं, जो स्कीइंग के लिए अधिक अनुकूल जलवायु परिस्थितियाँ वाले क्षेत्र हैं।
इसके अतिरिक्त, आओमोरी, निगाता और गिफू प्रान्तों में स्थित कुछ स्की रिसॉर्ट सहित 26 अन्य स्की रिसॉर्ट के आंशिक रूप से ही चालू रहने का अनुमान है। अध्ययन के अनुसार, उच्च अक्षांशों या अधिक ऊँचाई पर स्थित स्की रिसॉर्ट बढ़ते तापमान के बावजूद बेहतर ढंग से अपना संचालन बनाए रखने में सक्षम हैं।
इन परिणामों से पता चलता है कि यदि वैश्विक तापमान 4 डिग्री सेल्सियस तक बढ़ जाता है , तो जापान के अधिकांश मौजूदा स्की रिसॉर्ट प्राकृतिक बर्फ के सहारे साल में कम से कम 100 दिन चलने के मानदंड को पूरा नहीं कर पाएंगे। यदि तापमान पूर्व-औद्योगिक स्तर से 2 डिग्री सेल्सियस तक बढ़ जाता है, जो जलवायु परिवर्तन पर पेरिस समझौते में निर्धारित तापमान सीमाओं के अनुरूप है, तो स्थिति में काफी सुधार होता है।
आपको यह भी पसंद आ सकता है
शोध दल की गणना के अनुसार, इस परिदृश्य में, लगभग 53 स्की रिसॉर्ट प्राकृतिक बर्फ के सहारे पूरी तरह से संचालित हो सकते हैं, जबकि 108 अन्य आंशिक रूप से संचालित हो सकते हैं। हालांकि यह संख्या सर्वेक्षण किए गए कुल 349 रिसॉर्ट्स की तुलना में काफी कम है, फिर भी परिणाम दर्शाते हैं कि जलवायु परिवर्तन का स्की स्थलों के संचालन पर गहरा प्रभाव पड़ता है।
जापान में कई पर्वतीय क्षेत्र हैं जहां सर्दियों में भारी हिमपात होता है, और स्कीइंग कई स्थानों पर पर्यटन उद्योग का एक महत्वपूर्ण हिस्सा है। इसलिए, प्राकृतिक हिमपात में कमी न केवल स्की रिसॉर्ट्स के लिए चुनौतियां पैदा करती है, बल्कि रोजगार और इस शीतकालीन खेल से जुड़े सांस्कृतिक पहलुओं को भी प्रभावित कर सकती है।
होक्काइडो विश्वविद्यालय में पर्यटन संस्कृति की विशेषज्ञ लेक्चरर नाओ योशिज़ावा चेतावनी देती हैं कि स्की रिसॉर्ट बंद होने पर इनसे जुड़े रोजगार और सांस्कृतिक मूल्य खतरे में पड़ सकते हैं। उनका तर्क है कि इस बदलाव से स्कीइंग की सुविधा के मामले में विभिन्न क्षेत्रों और आर्थिक स्थितियों में असमानताएँ भी पैदा हो सकती हैं। जैसे-जैसे कम ऊँचाई या अक्षांश वाले क्षेत्रों में प्राकृतिक बर्फ बनाए रखने की क्षमता कम होती जाएगी, स्कीइंग उन स्थानों तक ही सीमित हो सकती है जहाँ अभी भी उपयुक्त जलवायु परिस्थितियाँ मौजूद हैं।
इस अध्ययन में वैश्विक तापमान वृद्धि को सीमित करने के प्रयासों और जापान के स्की पर्यटन उद्योग के संचालन को बनाए रखने की संभावनाओं के बीच एक संबंध भी सामने आया। 4 डिग्री सेल्सियस तापमान वृद्धि परिदृश्य में पूरी तरह से चालू 7 क्षेत्रों और 2 डिग्री सेल्सियस तापमान वृद्धि परिदृश्य में 53 क्षेत्रों के बीच का अंतर शोध दल द्वारा विचार किए गए दो जलवायु परिदृश्यों के बीच महत्वपूर्ण अंतर को दर्शाता है।
सुश्री योशिजावा ने ग्रीनहाउस गैस उत्सर्जन को कम करने के महत्व पर जोर दिया और सुझाव दिया कि स्थानीय अधिकारियों को भविष्य के विकास की दिशाओं पर विचार करना चाहिए और स्की पर्यटन उद्योग के लिए बेहतर संभावनाओं को सुनिश्चित करने के लिए जलवायु परिवर्तन अनुकूलन उपायों की तैयारी करनी चाहिए।
इस अध्ययन का यह अर्थ नहीं है कि मानदंडों को पूरा न करने वाले स्की रिसॉर्ट पूरी तरह से बंद हो जाएंगे, क्योंकि मूल्यांकन मानदंड कृत्रिम बर्फ का उपयोग किए बिना प्रति वर्ष कम से कम 100 दिन स्कीइंग प्रदान करने की क्षमता पर केंद्रित थे। हालांकि, परिणाम बताते हैं कि यदि तापमान बढ़ता रहता है, तो जापान में ऐसे क्षेत्रों का दायरा काफी कम हो जाएगा जो पूरी तरह से प्राकृतिक बर्फ पर निर्भर रहकर लंबे स्की सीजन को बनाए रख सकते हैं।
आपको यह भी पसंद आ सकता है
2°C और 4°C के परिदृश्यों के बीच का अंतर यह दर्शाता है कि कैसे वैश्विक तापमान वृद्धि जापान के कई हिस्सों में स्की रिसॉर्ट के भविष्य के साथ-साथ नौकरियों, पर्यटन और बर्फ से संबंधित सांस्कृतिक गतिविधियों में एक महत्वपूर्ण कारक बन सकती है।
स्रोत: https://vtv.vn/nong-len-4c-nhat-ban-chi-con-7-khu-truot-tuyet-tu-nhien-100260929153145853.htm",1.0
Govt issues advisory on how to protect yourself amid extreme heat wave conditions - News On AIR,https://news.google.com/rss/articles/CBMiqwFBVV95cUxOWlV3c2VTZUNrb1hQeUNGRjdRdkhsY1JZb1BKd1lzN1BEbGtJUWJEcmd5N3lDaVp4UkhWWWVmTlNXRnZCUG5IdDl3OHh0OGFSVkdKeF9LTVFueUM0Z3hIYjVMWE5YRC1pQ0dnbEtiRnp3R0l1YUFRS3JRbGZvaU40amdULVpVdFJuRXhIVjlOQjYtYTFyeUhKSm9OcU1HT0RESHpFbFd5Wl9UdFU?oc=5,News On AIR,2026-09-30T06:19:32+05:30,en,Andaman and Nicobar Islands,,"(heatwave OR ""heat wave"" OR ""severe heatwave"" OR ""extreme heat"" OR ""heat spell"" OR ""scorching heat"" OR ""blistering heat"" OR ""sweltering heat"" OR ""hot winds"" OR loo OR ""hot loo winds"" OR ""intense heat"" OR ""unbearable heat"" OR ""deadly heat"" OR heat OR ""weather forecast"" OR ""weather update"" OR ""weather alert"" OR ""IMD forecast"" OR ""IMD prediction"" OR ""IMD alert"" OR IMD OR ""rising temperatures"" OR ""temperatures expected to rise"" OR ""relief from heat"" OR ""respite from heat"" OR ""heat respite"" OR ""respite from scorching heat"") Andaman and Nicobar Islands","The Ministry of Ayush today issued a comprehensive Public Health Advisory on Extreme Heat and Heatwave for the current summer season. The advisory emphasizes adequate hydration, avoiding direct exposure to sunlight during peak hours, use of light cotton clothing, and consumption of seasonal fruits and fluids rich in electrolytes. It cautions citizens to remain alert for danger signs of heat-related illnesses such as dizziness, headache, nausea, altered mental status, high body temperature, dehydration, seizures and fainting. Heatstroke has been identified as a medical emergency requiring immediate medical attention. The advisory recommends promptly calling emergency helplines 108 and 102 in severe cases. The Ministry said, the advisory has been issued for the general public, vulnerable groups, employers, workers, and participants in mass gatherings and sports events to safeguard themselves against heat stress and heat-related illnesses. It emphasizes that infants, children, pregnant women, elderly persons, outdoor workers, and individuals suffering from chronic illnesses such as heart disease and hypertension are particularly vulnerable during heatwave conditions and require special care and monitoring. Special precautions have been advised for workplaces, public gatherings and outdoor activities, including provision of shaded rest areas, regular hydration breaks, acclimatization measures for workers, and awareness generation regarding symptoms of heat stress.
The advisory also incorporates traditional wellness and preventive measures from various Ayush systems including Ayurveda, Siddha, Yoga, Unani and Homoeopathy for combating heatwave conditions. It has recommended cooling dietary practices, intake of hydrating beverages such as buttermilk, coconut water and lemon-based drinks, and use of traditional preparations including Nimbukaphala Panaka, Amra Prapanaka and Chincha Panaka to help regulate body temperature during extreme heat. It further encourages the public to include hydrating and cooling traditional food items such as cucumber, watermelon, lime, musk melon, ash gourd and tomatoes in their daily diet during the summer season.",1.0
How public schools can protect children from extreme heat - The Daily Star,https://news.google.com/rss/articles/CBMirAFBVV95cUxOWVNlZzk0Z2p4YjllR0RRR1dkdkt2WC02d2VhYnhzcFNMcW0wOWFUWHhxVS1aS1UweHdOZGYzT193cFlNckhFNUFxbXk1enVqdHhKUHVCOEJWZGlIa0FJbWoxSHpmT0piZlZRb0ZtY0RBek5fUnhWUWlHUkRGbzBFTHpPN0ZpcnNxUnpvWUdjekNYQjMxQ21tNDRvOVd0TVEwWEppbDhZZ2w5U01S?oc=5,The Daily Star,2026-09-30T14:46:38+05:30,en,Andaman and Nicobar Islands,,"(heatwave OR ""heat wave"" OR ""severe heatwave"" OR ""extreme heat"" OR ""heat spell"" OR ""scorching heat"" OR ""blistering heat"" OR ""sweltering heat"" OR ""hot winds"" OR loo OR ""hot loo winds"" OR ""intense heat"" OR ""unbearable heat"" OR ""deadly heat"" OR heat OR ""weather forecast"" OR ""weather update"" OR ""weather alert"" OR ""IMD forecast"" OR ""IMD prediction"" OR ""IMD alert"" OR IMD OR ""rising temperatures"" OR ""temperatures expected to rise"" OR ""relief from heat"" OR ""respite from heat"" OR ""heat respite"" OR ""respite from scorching heat"") Andaman and Nicobar Islands","How public schools can protect children from extreme heat
A recent study indicates that if global temperatures rise by 1.5 degrees Celsius, 2.5 crore children in Bangladesh could experience five or more months of heat stress. If global temperatures rise by 2 degrees Celsius, the number is projected to be even higher. This risk is particularly significant for children in urban areas, where rising temperatures are compounded by the heat island effect.
This year’s extended monsoon, combined with rising temperatures, has made heat increasingly difficult for us. On September 27, the country’s highest temperature—35.5 degrees Celsius—was recorded in Dhaka, Khulna, and Chandpur. As the temperature was close to heatwave levels, the heat felt intense. For young children, the consequences are severe and extend beyond physical discomfort. Prolonged exposure to heat can affect their health, cognitive ability, and learning.
The human body regulates its temperature through sweating, known as thermoregulation. In high temperatures, sweat carries heat from the body and removes it as it evaporates. But evaporation becomes difficult when the surrounding air contains high levels of moisture. In our tropical monsoon climate, high humidity makes it difficult for the body to cool itself naturally. When high humidity is combined with rising temperatures, the “feels like” temperature increases and the body is pushed closer to its thermal limits.
For young children, these conditions pose greater risks. Immature thermoregulation makes them sweat less and overheat more quickly, making them more vulnerable to heat stress. Studies have linked heat stress among children with heat-related illness, hospital visits, asthma exacerbation, and worsening digestive and renal conditions.
The effects of heat are not limited to children’s physical health. Excessive heat also affects their concentration and cognitive ability. Teachers have reported fatigue, distraction, reduced attention, and irritation among students. With prolonged exposure, these effects can translate into loss of learning. Longitudinal studies have found that a 1-degree Fahrenheit increase in temperature reduces academic performance by 1 percent.
The growing body of evidence underscores the need to address the adverse effects of increasingly frequent heatwaves on children. However, at a national scale, ensuring protection from heat at home for every child is difficult, particularly where families’ socioeconomic conditions limit access to resilient homes, cooling technologies, and other adaptive measures. This creates an opportunity to protect our children where they are brought together at scale: in public schools.
Children spend a substantial part of their waking hours at school each day, making classroom conditions an important part of their daily exposure to heat. Public schools, in particular, serve large numbers of children, including those who have limited protection from heat at home. They can therefore provide a more equitable point of intervention. Yet many public schools lack adequate measures to provide comfortable thermal conditions. Improving these conditions should be treated as part of protecting children’s health and learning.
The first step is to reduce heat gain within school buildings. The amount of heat entering a classroom depends on decisions made long before children occupy it, including the design of roofs and walls. Reflective roofs and walls with appropriate insulation can reduce heat entering through the building envelope. New public-school construction should incorporate these climate-responsive design requirements, while older schools should have retrofit guidelines to make necessary changes.
But reducing heat gain is only part of the challenge. Humidity is an inherent part of our geographical climate, and our buildings must be designed around it. This principle was reflected in a recent conversation I had with prominent architect Rafiq Azam, who designed the Aga Khan Academy based on features of our tropical monsoon climate. He emphasised the need for school architecture to align with our climatic features through a combination of passive and active techniques.
Passive solutions include shading and natural ventilation. Shading by trees and green roofs can reduce direct exposure and lower indoor temperatures, while cross-ventilation, supported by additional fans, can improve air movement. Together, these measures can make indoor conditions more tolerable in humid heat.
Where passive measures are insufficient, and resources permit, air conditioning should also be considered. Research has found that classroom air conditioning can mitigate the negative effects of high temperatures on learning outcomes. It may not be feasible for every school, but targeted investment could provide controlled environments during the hottest periods. Such investment could prioritise schools serving children who are particularly vulnerable to heat because of poor housing conditions.
These measures should not be treated as a separate climate agenda. They should be integrated into existing investments in school infrastructure, safety and learning environments. The current approach to protecting children from heat remains largely reactive, with school closures when temperatures reach dangerous levels. While closures can protect children during extreme heat, they do not address students’ experience on days when temperatures remain close to thresholds, nor do they protect children from heat in their homes. As extreme heat becomes a recurring feature of our climate, protecting children requires a more systematic approach.
Climate-responsive schools could also serve a wider public purpose. As extreme heat becomes an increasingly important urban climate risk, appropriately designed and safely managed school spaces could function as community cooling centres during dangerous heat events. Bangladesh already has a precedent for using schools as cyclone shelters and relief centres. The same public infrastructure could be adapted to provide refuge during extreme heat events, which are common these days.
Significant investments are already underway to improve school infrastructure. Thermal comfort should be treated as an integral component of such investments. Alongside infrastructure, heat-safety measures should also be incorporated into broader school-safety initiatives under the government’s School Level Improvement Plan (SLIP). As SLIP provides resources for school-level improvements, these investments should also address thermal conditions, making school environments resilient to a changing climate.
We may not be moving fast enough to stop the world from getting hotter, but we can still determine how much heat affects our children’s health, learning and development. We have an opportunity to better equip our public schools to protect children from the adverse effects of an extreme climate. As the government seeks to reform the education system, heat considerations should be mainstreamed into education policies and practices. Investing in heat-resilient schools is an investment in healthier children, better learning, and a more climate-ready future.
Maisha Bint Salam is sustainability expert at Nexus360, currently pursuing her master’s at the University of Cambridge in the UK.
Views expressed in this article are the author's own.
Follow The Daily Star Opinion on Facebook for the latest opinions, commentaries, and analyses by experts and professionals. To contribute your article or letter to The Daily Star Opinion, see our guidelines for submission.",1.0
Heat wave exposes lack of air condition at Cal Poly - Mustang News,https://news.google.com/rss/articles/CBMibEFVX3lxTFB6RXpYSDlEdXpheGpiTTdyUFVsaWYtaUhjNHEyTlluVnlsNFl5ZWpzVlJpYmktMWpiMkRucW11U1VnalZvR0RxUHVqdkE2QXVYNGt3RGk2MHI3YWxueVc2eWNqZEp0V0R5d0MxUw?oc=5,Mustang News,2026-09-30T06:01:43+05:30,en,Andaman and Nicobar Islands,,"(heatwave OR ""heat wave"" OR ""severe heatwave"" OR ""extreme heat"" OR ""heat spell"" OR ""scorching heat"" OR ""blistering heat"" OR ""sweltering heat"" OR ""hot winds"" OR loo OR ""hot loo winds"" OR ""intense heat"" OR ""unbearable heat"" OR ""deadly heat"" OR heat OR ""weather forecast"" OR ""weather update"" OR ""weather alert"" OR ""IMD forecast"" OR ""IMD prediction"" OR ""IMD alert"" OR IMD OR ""rising temperatures"" OR ""temperatures expected to rise"" OR ""relief from heat"" OR ""respite from heat"" OR ""heat respite"" OR ""respite from scorching heat"") Andaman and Nicobar Islands","On campus, many classrooms lack air conditioning, and the gap showed during the recent heat wave.
Benjamin Solano, an environmental engineering junior, sweated through class and struggled to focus.
Many professors canceled classes or moved sessions to Zoom for the remainder of the week. In the dorms, the heat never broke overnight.
San Luis Obispo hit 107 degrees on Sept. 9, the hottest day of 2026, according to the National Centers for Environmental Information. Santa Lucia winds and moisture from Tropical Storm Marie drove the extreme heat.
The heat wave followed the hottest August, hottest summer and hottest year to date in U.S. history, according to the National Centers for Environmental Information. It exposed how many Cal Poly buildings lack air conditioning. It also fits a “warming trend” that will keep hitting campus, said Geoffrey Andrew Fricker, a Cal Poly geography professor.
“All the extreme heat days, this is all kind of embedded within the general trend of the climate changing,” Fricker said. “Next year may not be hotter than this, but a year or two after that, it will be.”
Solano, who has lived in San Luis Obispo for three years, has noticed the same pattern.
“As the years have gone by, obviously the heat’s just gotten worse and worse,” he said.
Fricker said Santa Lucia winds blow from the northeast instead of off the ocean, pushed by high pressure sitting over land. That compresses the air and heats it.
Ella Vowell, a plant sciences sophomore, lives in Poly Canyon Village, which has no air conditioning. One morning during the heat wave, she woke up to an 85-degree apartment.
“Overnight, it did not cool off at all,” Vowell said. “I slept with an ice pack.”
Alina Arroyo, a business administration sophomore, works as a resident advisor on the third floor of a red brick residence hall.
“I woke up that morning, and I was drenched in sweat, and it was really gross,” Arroyo said.
Arroyo and her fellow RAs organized a last-minute ice cream event to help residents cool down.
Kai Fries, a sociology junior, commutes from Morro Bay in a car with no working air conditioning. Her first class that Monday also had no air conditioning, and the sun shone directly into the room. By her second class, she sat in the back row, visibly struggling, she said.
“My professor gave me an ice pack from her lunchbox because I looked like I was about to pass out,” Fries said.
The rest of Fries’ classes were canceled or moved online for the week.
Fricker said the gap in air conditioning is a product of the region’s history.
“Cal Poly has just been historically blessed with a nice climate. We just didn’t need air conditioning that bad. That has to change,” he said. “Cal Poly is going to need to start installing some air conditioning.”
The fix will be expensive, Fricker said, and administrators will have to choose which buildings to prioritize.
Arroyo said Cal Poly needs to run air conditioning during heat waves.
“It’s really dangerous to be out in a heat wave like that,” Arroyo said. “People are sensitive to it.”
The university has no campuswide project to install air conditioning in every classroom or residence hall, according to Cal Poly Spokesperson Keegan Koberl.
Retrofitting older buildings often means new electrical service, ventilation and building controls, along with upgrades to the campus utility system itself. The university weighs cooling when it builds new facilities or takes on major renovations, Koberl said.
The recent Kennedy Library renovation added a new heating, ventilation and air conditioning system with cooling throughout the buildings, along with new classrooms.
Some other buildings already have full or partial cooling, and a handful of individual rooms have air conditioning even when the rest of the building does not.
Cal Poly’s student housing program will bring new residence halls and phased renovations to the red brick residence halls, Koberl said. New buildings are set to open between fall 2026 and 2032, and infrastructure work on the South Mountain halls could begin in 2027 or 2028. Each phase gets its own mechanical system evaluation during design, he said.
Korbel did not disclose a completion date for any of these projects, but funding, individual project timelines and construction schedules all factor in, he said.
Planners also weigh a building’s expected use, its electrical capacity, energy efficiency, upkeep costs and building standards.
Cal Poly is also considering an upgrade to its central plant, which Koberl said would boost cooling capacity across campus. He called the project a high priority but did not provide a timeline.
Koberl said that the university monitors National Weather Service forecasts and issues precautions and alerts to the campus when necessary, as they did during the recent heat wave. He pointed students toward cooled spaces where they can work, study or rest, including the Kennedy Library, the University Union and the Recreation Center.
Fries believes that Cal Poly should move classes online whenever the county issues a heat advisory, as it did during the pandemic.
“We know we have the tools and ability to be able to do that,” Fries said.
While students push for immediate fixes, Cal Poly is more focused on longer-term sustainability goals.
The university signed the Second Nature Climate Leadership Commitment in 2016 and has committed to net-zero greenhouse gas emissions by 2050, according to its sustainability office.
The 4.5-megawatt Gold Tree Solar Farm on campus generates nearly 25% of campus electricity, and Cal Poly calls it the largest solar installation in the Cal State system. The university also says it has cut water use by 31% since 2013, five years ahead of the Cal State mandate.
Fricker said the timeline could shift with student pressure.
“Students do have a voice and can actually push things through,” he said.
Ella Ankney, an art and design senior, sees a gap in how Cal Poly teaches sustainability.
“It might be nice if there was more sustainability education in major-related courses,” Ankney said. “Sustainable design is a big thing right now in the industry.”
She said the university should also teach waste-sorting practices to new students so everyone knows the rules.
“Educating students right when they get here so that maybe it’s a little more ingrained in them,” Ankney said.
Ankney said students pick the sustainable option when Cal Poly makes it free and easy. She pointed to the reusable cups at Julian’s and the tumblers with soda refills the university gives new students.
She said she has watched the campus make progress since her first year.
“There’s definitely some differences in how they’re managing the waste,” she said.
Ankney said students can help through small everyday choices, like sorting their trash correctly, buying secondhand clothes or following Green Campus’ Green Living guide.
“Everything you do, really, as small as it sounds does make a difference,” she said.
Fricker agreed. Change takes young people who care, he said, and young people who vote.
“It’s not like we can’t fix this thing. We can,” Fricker said.",1.0
Heat wave makes Cal Poly classrooms difficult to use - Mustang News,https://news.google.com/rss/articles/CBMiaEFVX3lxTE1lYklVS0NUTUg1SGVSMDR4VVVMZzJaWFlmU2tGeC1NN0FaTW9PREUyRkw4dm9iemZ4bTViSENGS2RHRjk1enVEam9fMWlBS2xnXzQzeXlzY3FOcFV5bXQ5QWRmaXhiRGFi?oc=5,Mustang News,2026-09-30T06:15:25+05:30,en,Andaman and Nicobar Islands,,"(heatwave OR ""heat wave"" OR ""severe heatwave"" OR ""extreme heat"" OR ""heat spell"" OR ""scorching heat"" OR ""blistering heat"" OR ""sweltering heat"" OR ""hot winds"" OR loo OR ""hot loo winds"" OR ""intense heat"" OR ""unbearable heat"" OR ""deadly heat"" OR heat OR ""weather forecast"" OR ""weather update"" OR ""weather alert"" OR ""IMD forecast"" OR ""IMD prediction"" OR ""IMD alert"" OR IMD OR ""rising temperatures"" OR ""temperatures expected to rise"" OR ""relief from heat"" OR ""respite from heat"" OR ""heat respite"" OR ""respite from scorching heat"") Andaman and Nicobar Islands","Students and faculty reported classrooms without air conditioning became difficult to use during an extreme heat warning issued by Cal Poly on Sept. 9 and 10.
“A couple of my classes are far apart, and I can tell I feel tired and drained from the heat,” said Alessandra DelliGatti, a wine and viticulture sophomore.
Cal Poly data lists twenty on-campus buildings with full air conditioning:
Data visualization by Addison Weaver
- Bonderson Engineering Projects Center (building 197)
It additionally lists seven on-campus buildings with partial air conditioning:
DelliGatti noted that she stayed indoors to avoid a sunburn and drank more water to stay cool. She also said that many students in her classes appeared inattentive and had difficulty following lessons.
READ MORE: Extreme heat warning issued for San Luis Obispo County
Charlie Garrett, an agricultural business sophomore, said it was difficult to sit through one of his classes without air conditioning.
“You’re sweating so much and super uncomfortable. I just use my shirt to wipe my sweat away,” Garrett said. “He recalls having to sit near the door for relief and needing to take breaks to get water.”
Professor John F. Patrick said Cal Poly’s 2035 MasterPlan calls for replacing older buildings in the Academic Core and incorporating air conditioning into new development. However, the long-term plan does not set a specific construction timeline or guarantee that the projects will be completed by 2035.
Jared Van Ramshorst, a political science professor, said classrooms in Erhart Agriculture (building 10) became especially warm during his back-to-back classes. At least for one of his classes, Van Ramshorst brought his own portable fan to keep himself cool while teaching.
“The one word that comes to mind is exhausting,” Van Ramshorst said. “My opinion is when I think there’s a real concern, it’s up to the administration to cancel classes. I don’t like when they make it a voluntary thing to do or not do.”
He said students fanned themselves and looked toward windows in the building for a breeze and described the crowded, unairconditioned room as claustrophobic.
Professor Patrick, who teaches in Agricultural (building 11) and English (building 47), said the timing of the provost’s communication frustrated him. He received an email after business hours about a policy allowing professors to move classes online without it counting against them.
“It’s their job to plan for these contingencies and to communicate that policy in a reasonable amount of time,” Patrick said. “This is a normative organizational failure, sometimes we don’t take a concern as seriously as we should.”",0.8500000000000001
Extreme heat watch issued for the Orange County and Santa Ana Mountains area from Friday to Wednesday - Orange County Register,https://news.google.com/rss/articles/CBMi1wFBVV95cUxPdjBqcEpNeTRQVkpIMUNkSEFJUnA1eFhuUnR6WGxZbnJlOEo3MHA4cDFYYjIzMmI0SkJUdTZPa1F4VmdmRDNJSWI2OEVCend5eE9jRDVmNE9FMkpNeFNSTFRLMzFFN2Zlekh1WFdrczVoZmIwbXpFVE5hblJwNjh6OEdKTjBPMVRWUFpuV2RHRTZlblhqRzNmNV9XLVNVY0w3b3R6NWg5ejJDZVg0VTdFVnRqTlM0dG9KTUZxLUNsNWZCS0RfTUpfZFhIdUJUTHQwckllODhuNA?oc=5,Orange County Register,2026-09-30T15:36:41+05:30,en,Andaman and Nicobar Islands,,"(heatwave OR ""heat wave"" OR ""severe heatwave"" OR ""extreme heat"" OR ""heat spell"" OR ""scorching heat"" OR ""blistering heat"" OR ""sweltering heat"" OR ""hot winds"" OR loo OR ""hot loo winds"" OR ""intense heat"" OR ""unbearable heat"" OR ""deadly heat"" OR heat OR ""weather forecast"" OR ""weather update"" OR ""weather alert"" OR ""IMD forecast"" OR ""IMD prediction"" OR ""IMD alert"" OR IMD OR ""rising temperatures"" OR ""temperatures expected to rise"" OR ""relief from heat"" OR ""respite from heat"" OR ""heat respite"" OR ""respite from scorching heat"") Andaman and Nicobar Islands","The Orange County and Santa Ana Mountains area was placed under an extreme heat watch by the National Weather Service on Wednesday at 3:05 a.m. The watch is valid from Friday 10 a.m. until Wednesday Oct. 7, at 9 p.m.
“Dangerously hot conditions with high temperatures on the hottest days ranging from around 90 near the coast to the upper 90s to 108 for the valleys possible. Low temperatures for coastal areas into the western valleys will warm into the lower to mid 70s during the weekend with those warm overnight temperatures continuing for next week,” according to the NWS San Diego CA. “A long-duration heat wave is expected to develop late this week and continue through much of next week into the following weekend with Moderate or greater HeatRisk for the coast and valleys and Major to Extreme HeatRisk for inland coastal areas into the western valleys.”
“Heat related illnesses increase significantly during extreme heat events,” the NWS said.
The full list of affected locations includes:
Staying safe in high temperatures
Safety tips from the Environmental Health and Safety office at UC Irvine:
- Drink water: Drinking plenty of water frequently is vital for those exposed to heat. An individual may produce as much as 2 to 3 gallons of sweat per day. To replenish that fluid you should drink 3 to 4 cups of water every hour.
- Take breaks: Taking breaks in a cool shaded area and allowing time for recovery from the heat during the day are effective ways to avoid heat-related illness.
- Avoid some beverages: Avoid or limit the use of alcohol and caffeine during periods of extreme heat. Both dehydrate the body.
- Stop and rest: If you start to feel symptoms such as nausea, dizziness, weakness or unusual fatigue, rest in a cool shaded area. If symptoms persist or worsen seek immediate medical attention.
- Clothing: Whenever possible, wear clothing that provides protection from the sun but allows airflow to the body. Protect your head and shade your eyes when outdoors.
- Be prepared: When in the heat be sure to pay extra attention to those you’re with and be sure you know how to call for medical attention.
For information about cooling centers operated by Los Angeles, Orange, Riverside and San Bernardino counties, see https://ready.lacounty.gov/heat/, https://ocgov.com/cooling-centers, https://capriverside.org/cool-centers and DPH.
For more local weather alerts, visit our Weather Advisory page
Sourcing & Methodology
This article was generated by software that analyzes National Weather Service warnings and advisories and creates an article based on templates created by humans. Our data comes from publicly available information. You can report errors to online@scng.com",0.8500000000000001
Public Urged to Take Precautions Against Heat-Related Illnesses During Extreme Weather - 巴士的報,https://news.google.com/rss/articles/CBMi2AFBVV95cUxPeUE4NHlCTlVpTm1EWkRxbFBNWnVmeWl1TDFQVHhwaEZRcjVwRUpSTFMtLURhcGJKNXYtQXNjaVFrX21BUkg5a1lTNklheThfVEVZSFNEY1lvcjlDdUlLZWJRUEpwejdObjU5bzFNRy1YZnowUnhQVi1KUGdseWtBTkNEQUNsREN4R3FYRE41QmV5bkV5UmI2MmVIRFdlWTJXYzlYcW1pOWtLUFJMTV9xc1ZST01wMzBNNWJCQjdLWGZmclhYY2h4dUY4THF0M01RQ0ZCQXc1TFQ?oc=5,巴士的報,2026-09-30T04:16:00+05:30,en,Andaman and Nicobar Islands,,"(heatstroke OR ""heat stroke"" OR sunstroke OR ""heat exhaustion"" OR ""heat-related death"" OR ""heat casualty"" OR ""heat fatality"" OR ""suspected heat death"" OR dehydration OR ""heat cramps"" OR ""heat illness"") Andaman and Nicobar Islands","Feature · News
Hamas, Islamic Jihad and an ex-Fatah official form an unlikely Palestinian electoral coalition
Industry report shows AI products' rapid integration into everyday life
Russia strikes Ukrainian communications, logistics targets; Ukraine hits Russian defense, oil sites
China's express delivery volume hits 150 bln packages by late September
China's non-manufacturing sector sees rebound in September
China's external debt rises in Q2 amid active cross-border trade
Hong Kong Science Museum Launches “Food (R)Evolutions” Exhibition, Showcasing Culinary Science
Iran's Supreme Leader declares end to interference in Iran's affairs
China's manufacturing PMI returns to expansion in September
Xi pays tribute to national heroes on Martyrs' Day
U.S. stocks close lower amid AI safety concerns, poor economic data
Oil prices fall sharply as US plans to release 40 mln barrels from SPR
Extension of Operating Hours to 24 Hours Daily for Fresh Produce Imported via Hong Kong-Zhuhai-Macao Bridge from Tomorrow
AFCD Launches Special Enforcement Operations Against Illegal Feeding Activities
Ant International’s Antom Supports Google Gemini in Expanding Access to AI Service in Asia
Government Announces First Batch of Successful IP Financing Sandbox Pilot Cases and Launches Pilot Patent Valuation Support Scheme
Hong Kong Science Museum Launches “Food (R)Evolutions” Exhibition, Showcasing Culinary Science
Iran's Supreme Leader declares end to interference in Iran's affairs
China's manufacturing PMI returns to expansion in September
Xi pays tribute to national heroes on Martyrs' Day
Hamas, Islamic Jihad and an ex-Fatah official form an unlikely Palestinian electoral coalition
Industry report shows AI products' rapid integration into everyday life
Russia strikes Ukrainian communications, logistics targets; Ukraine hits Russian defense, oil sites
China's express delivery volume hits 150 bln packages by late September
China's non-manufacturing sector sees rebound in September
China's external debt rises in Q2 amid active cross-border trade
U.S. stocks close lower amid AI safety concerns, poor economic data
Oil prices fall sharply as US plans to release 40 mln barrels from SPR
Extension of Operating Hours to 24 Hours Daily for Fresh Produce Imported via Hong Kong-Zhuhai-Macao Bridge from Tomorrow
AFCD Launches Special Enforcement Operations Against Illegal Feeding Activities
Ant International’s Antom Supports Google Gemini in Expanding Access to AI Service in Asia
Government Announces First Batch of Successful IP Financing Sandbox Pilot Cases and Launches Pilot Patent Valuation Support Scheme
Feature·Bloggers
【Mao Paishou】Changing of the Guard: Insta360 Takes Times Square as GoPro Fades
【Chinamaxxing】Fluent in Mandarin: Trump’s Granddaughter Exposes the Elite U.S. ""Chinese Language Arms Race""
【Chinamaxxing】13 Esports Gold Medals at the Asian Games, Nearly Half Made in China: How a Nation of Former Game Licensees Flipped the Script
【Chinamaxxing】Beating the Korean Duo by 0.04 Second, a 13-Year-Old Prodigy Breaks Records: ""Chinese Speed"" Dominates the Nagoya Pool
【What Say You?】Zuckerberg hedges midterms as Big Tech bets both ways
【The Art of Stopping War】US Admits On-Orbit Space Weapons—as China Closes In
【Chinamaxxing】From Bruce Lee to 15 Asian Games Gold Medals: The ""Chinese Kung Fu"" the World Wants to Master Takes Center Stage in Nagoya
【Deep Throat】Trump’s Greenland Grab: Win-Win for US Only
Court halts execution of Christa Gail Pike in Tennessee for a murder she committed at age 18
- An Israel-bound plane diverts to Saudi Arabia for emergency landing and other Mideast developments
- Trump will unveil $54 billion in South Korean investment in Alaska, site of a tight Senate race
- Ex-NFL star Antonio Brown set to appear in Miami court for expected plea agreement
- Russia pounds Ukraine with missiles and drones, killing 7 and targeting power grid, Zelenskyy says
- Inflation cooled slightly last month even as consumers stepped up spending
- As heat becomes more extreme, inmates are increasingly threatened by rising temperatures
- US economy grew a solid 2.2% in the second quarter, government says, upgrading previous estimate
- A commercial plane traveling from Dubai to Israel is diverted to Saudi Arabia after a distress call
- The US military says its withdrawal of troops from Iraq is complete
Bangkok suburbs endure daily struggle as floodwaters linger
- China ranks 10th in WIPO Global Innovation Index 2026
- China's UN mission holds reception for PRC's 77th founding anniversary
- Iran receives U.S. response to its 7-day plan: gov't spokeswoman
- US 30-year Treasury bond yield hits highest level since June 2002
- National Day holiday sees double-digit rise in int'l flight bookings
- Forum on Swift Response to Public Complaints to enable firsthand experience for guests
- China's central bank announces enhanced financial support for economy
- Chinese-European joint satellite SMILE releases first science images, data
- Fuel shortages, funding shortfalls push Gaza's health sector to brink of collapse
Walmart Grants $15 Million to Feeding America® to Help Strengthen Food Access for Families Across the Country
- AdvoCare’s Collagen + Creatine: The One‑Two Boost You Can Add to Anything
- AI is Fueling a Tech Boom, How Can High School Students Capitalize?
- AiStrike Named a Leader in 2026 IDC MarketScape for Worldwide Standalone AI SOC Platforms
- DeVry University Study Reveals Prospective Competency-Based Education Learners Want ""Structured Flexibility""
- OptionMetrics Launches IvyDB TradeFlow, Giving Institutions Insights on Buying and Selling Order Flow, Retail Trading Behavior, Participation in 0DTE Options Trading
- Phenom and Opportunity@Work Help States Hire for Skills, Creating New Career Pathways for Public Sector Talent
- DoorDash Just Made the Mall (in Your Pocket) Bigger
- CoreWeave Forge Launches, Turning the AI Loop Production Run Into a Better Model and Agent
- DoorDash Brings Office Ordering to the AI Tools Teams Already Use
Trump says top tech firms have signed accord to 'self-police' AI development
- Altman unveils 'always-on' AI agent after OpenAI shelves model over safety concerns
- Smart ring maker Oura puts off initial public offering due to market 'uncertainty'
- OpenAI delays latest model over security concerns, as industry faces new safety pressures
- Nvidia unveils security platform to stop AI agents from going rogue
- SpaceX's supersized Starship launches into orbit for the first time but flight ends early
- Nvidia's board increases chipmaker's share buyback plan by $150 billion
- Anthropic and OpenAI sound the alarm on AI safety — and seek to shape how it's controlled
- OpenAI pauses training of latest models after agents probed US government sites in unexpected ways
- One shot or two? What to know about HPV vaccination recommendations
Hulk star Lou Ferrigno fulfils childhood dream meeting with Pope Leo XIV
- Former ‘American Idol’ singer Caleb Flynn convicted of fatally shooting his wife
- 'Verity' puts Anne Hathaway, Dakota Johnson and Josh Hartnett in a steamy Colleen Hoover thriller
- Rihanna, Jennifer Lawrence and a Paris runway full of bras: Dior comes undone in mist
- Woman accused of shooting at Rihanna’s home is mentally fit for trial, judge says
- A TV journalist is crowned king of a traditional monarchy in Uganda
- Cuba’s cherished ballet tradition endures through daily blackouts and shortages
- Stallone at 80 reflects on 'Rocky' 50 years later: 'I am a lucky dog'
- Hayden Panettiere's ex Wladimir Klitschko petitions to protect their daughter's inheritance
- Former 'American Idol' singer Caleb Flynn is on trial in wife's killing. He says a burglar did it
Cristiano Ronaldo a doubt for Nations League game amid reports he is unhappy with coach
- Why Malaysia is hosting F1's relocated Bahrain Grand Prix, with rain and haze likely
- France midfielder Koné 'shocked' by coach Zidane's ability in training
- Ben Rice, rare Ivy Leaguer in major leagues, had route to stardom that was anything but routine
- New York Liberty sweep the Minnesota Lynx 87-71, 1st No. 8 seed to oust a No. 1 in WNBA playoffs
- Brazil won't replace injured Raphinha after win in Australia
- Man City guilty of almost all the 115 financial charges, Premier League says in explosive verdict
- Esteban Ocon confirms he's leaving Haas at the end of the 2026 F1 season
- India wins toss and opts to bowl against West Indies in second ODI
- Padres rout Cubs 8-0 in emphatic Wild Card opener with Tatis' leadoff homer, King's no-hit bid
Health Department Raids Tsim Sha Tsui Premises, Seizing 5,900 Suspected Unregistered Pharmaceutical Products
- FEHD Intensifies Enforcement Against Illegal Hawking at Foreign Domestic Helpers' Gathering Spots
- Salmonella found in Hainanese chicken rice prompts investigation by Hong Kong's Centre for Food Safety.
- Beat Drugs Fund Invites Applications for 2026 Funding Exercise Until October 28
- Hong Kong Films Highlighted at Odyssey 2026 Film Festival in London
- Investigation Launched into Human Infection of Rat Hepatitis E Virus in Hong Kong
- PolyU Launches Hong Kong’s First “Safe Landing” Fall-Preparedness Programme to Empower 17,000 Older Adults with Fall Management Skills
- Woman Convicted and Jailed for Importing Duty-Not-Paid Cigarettes and Alternative Smoking Products Worth About $107,000 into Hong Kong
- First Award Ceremony for Packaging Reduction Charter Successfully Held
- Task Force Enhances Measures Against Illegal Employment in Key Industries, Expands Membership for 2026 Policy Address.
'Buy Canadian' movement stays strong as local consumers stand up to US tariffs
- Qatar says US-Iran mediation ongoing as Doha pushes for peaceful end to war
- U.S.-led coalition concludes military mission in Iraq
- Sichuan University faculty, students inspired by Xi's reply letter
- Cities across China unveil festive decorations ahead of National Day holiday
- Hong Kong stocks close higher on Wednesday
- Russia claims striking multiple Ukrainian targets, Ukraine accuses Russia of launching large-scale airstrikes
- Chinese yuan strengthens to 6.7351 against USD Wednesday
- Satellite imagery shows Saudi East-West Pipeline partially restored after attack: report
- Chinese shares close mixed Wednesday
Category · News
Court halts execution of Christa Gail Pike in Tennessee for a murder she committed at age 18
An Israel-bound plane diverts to Saudi Arabia for emergency landing and other Mideast developments
Trump will unveil $54 billion in South Korean investment in Alaska, site of a tight Senate race
Ex-NFL star Antonio Brown set to appear in Miami court for expected plea agreement
Walmart Grants $15 Million to Feeding America® to Help Strengthen Food Access for Families Across the Country
AdvoCare’s Collagen + Creatine: The One‑Two Boost You Can Add to Anything
AI is Fueling a Tech Boom, How Can High School Students Capitalize?
AiStrike Named a Leader in 2026 IDC MarketScape for Worldwide Standalone AI SOC Platforms
DeVry University Study Reveals Prospective Competency-Based Education Learners Want ""Structured Flexibility""
Russia pounds Ukraine with missiles and drones, killing 7 and targeting power grid, Zelenskyy says
Inflation cooled slightly last month even as consumers stepped up spending
As heat becomes more extreme, inmates are increasingly threatened by rising temperatures
US economy grew a solid 2.2% in the second quarter, government says, upgrading previous estimate
Health Department Raids Tsim Sha Tsui Premises, Seizing 5,900 Suspected Unregistered Pharmaceutical Products
OptionMetrics Launches IvyDB TradeFlow, Giving Institutions Insights on Buying and Selling Order Flow, Retail Trading Behavior, Participation in 0DTE Options Trading
Phenom and Opportunity@Work Help States Hire for Skills, Creating New Career Pathways for Public Sector Talent
Hulk star Lou Ferrigno fulfils childhood dream meeting with Pope Leo XIV
FEHD Intensifies Enforcement Against Illegal Hawking at Foreign Domestic Helpers' Gathering Spots
DoorDash Just Made the Mall (in Your Pocket) Bigger
CoreWeave Forge Launches, Turning the AI Loop Production Run Into a Better Model and Agent
Bangkok suburbs endure daily struggle as floodwaters linger
Cristiano Ronaldo a doubt for Nations League game amid reports he is unhappy with coach
DoorDash Brings Office Ordering to the AI Tools Teams Already Use
China ranks 10th in WIPO Global Innovation Index 2026
Salmonella found in Hainanese chicken rice prompts investigation by Hong Kong's Centre for Food Safety.
China's UN mission holds reception for PRC's 77th founding anniversary
HemoSonics to be Honored at Premier, Inc.’s Annual Supplier Innovation Celebration
UDC Korea Honored with Forbes 2026 Korea Trusted Innovation Award
Iran receives U.S. response to its 7-day plan: gov't spokeswoman
Beat Drugs Fund Invites Applications for 2026 Funding Exercise Until October 28
Aterio Flags Delay Risk for Oracle’s 1.3 GW Wisconsin Data Center
Why Malaysia is hosting F1's relocated Bahrain Grand Prix, with rain and haze likely
Founder and CEO J.W. Roth Named CEO of the Year at 2026 Southern Colorado Best in Business Awards
Hong Kong Films Highlighted at Odyssey 2026 Film Festival in London
US 30-year Treasury bond yield hits highest level since June 2002
Xenix Medical Announces FDA Clearance of NanoACTIV™ Surface Technology for Its Riva® Posterior Fixation System
IBM Study: As AI Scales Enterprise-Wide, CFOs Play an Expanded Role in Transformation
Nobu Announces Nobu Hotel and Restaurant San Juan, Marking Its Debut in Puerto Rico
A commercial plane traveling from Dubai to Israel is diverted to Saudi Arabia after a distress call
Forum on Swift Response to Public Complaints to enable firsthand experience for guests
National Day holiday sees double-digit rise in int'l flight bookings
China's central bank announces enhanced financial support for economy
HPE Secures Its First AMD Helios Order in $1.2 Billion Deal With Vultr
Chinese-European joint satellite SMILE releases first science images, data
Fuel shortages, funding shortfalls push Gaza's health sector to brink of collapse
The US military says its withdrawal of troops from Iraq is complete
Vasion® Named a Leader in the 2026 IDC MarketScape for Worldwide Print Management Solutions as Enterprise Print Becomes AI Ready
General Mills Announces Dana McNabb as Chief Executive Officer
Investigation Launched into Human Infection of Rat Hepatitis E Virus in Hong Kong
Iran indicates it's received an official US response to its latest offer on ending the war
Right Livelihood Award honors women taking on autocrats, discrimination and unchecked AI
China expects broader prospect for bilateral ties with Russia: spokesman
PolyU Launches Hong Kong’s First “Safe Landing” Fall-Preparedness Programme to Empower 17,000 Older Adults with Fall Management Skills
China places its growth within global development framework: spokesman
African heads of state break ground for $16B oil refinery project
MEXC Adds Another 1,000 BTC to Guardian Fund, Strengthening User Protection
DAR GLOBAL DELIVERS 66% REVENUE GROWTH IN HY 2026 AS PORTFOLIO GDV REACHES US$23BN
'Buy Canadian' movement stays strong as local consumers stand up to US tariffs
France midfielder Koné 'shocked' by coach Zidane's ability in training
Ittikar Is Live and Open to New Members
Int'l community should urge Japan to uphold its Three Non-Nuclear Principles: spokesman
Zoomlion Marks 34th Anniversary, Highlighting Milestones in Innovation and Global Growth
American Express Delivers the Next Generation of Amex Corporate™
Global Corporate Innovation Leaders to Convene at the Startup World Cup 2026 Corporate Innovation Seminar in San Francisco
Qatar says US-Iran mediation ongoing as Doha pushes for peaceful end to war
KANAZAWA Oishii Festa 2026 in Ishikawa: Two Days of Fermented Flavors and Hands-On Food Workshops
The Kayon Gangga Resort Opens in East Bali, Unveiling a New Luxury Sanctuary Rooted in Culture, Cuisine and Wellness
34% of Global Consumers Say They Are Worse Off Financially Than a Year Ago as Households Adapt to a New Era of Permanent Uncertainty, NIQ Finds
Neutrogena®, Aveeno®, and Regaine® Present New Scientific Evidence Demonstrating How Science-Backed Ingredients Support Healthy Skin and Hair
Woman Convicted and Jailed for Importing Duty-Not-Paid Cigarettes and Alternative Smoking Products Worth About $107,000 into Hong Kong
MEXC Leads SOL and DOGE Market-Price Liquidity in CoinGecko's 2026 CEX Report
Henry Schein Cares Marks 25 Years of Helping Health Happen®
Chinese robot hand learns Suzhou embroidery as AGILINK surpasses 15,000 dexterous hands shipped
U.S.-led coalition concludes military mission in Iraq
First Award Ceremony for Packaging Reduction Charter Successfully Held
Indonesia razes luxury facility inside prison for favored inmates, in photos
Sichuan University faculty, students inspired by Xi's reply letter
Central gov't spokeswoman warns Lai Ching-te of self-destruction over defense budget
China calls on Iran, US to adhere to peaceful solutions: spokesman
Chinese naval, air forces conduct combat readiness patrols around Huangyan Dao
Cities across China unveil festive decorations ahead of National Day holiday
Hong Kong stocks close higher on Wednesday
China Coast Guard conducts law-enforcement patrols around Huangyan Dao
Russia claims striking multiple Ukrainian targets, Ukraine accuses Russia of launching large-scale airstrikes",0.6833333333333333
Labour Department Urges Heat Stress Precautions Amid Warning to Prevent Heat Stroke at Work - 巴士的報,https://news.google.com/rss/articles/CBMi2wFBVV95cUxORGVZZ1lPa0pIbUpzWl81LUpNXzhVUWd4TmZuWkhBT00wZGdES2Z3Nm1hd3A0WXZoZU1iVUtJWG10cDhDMEltaFJvQkpqdDhaREQ2aUhMWkhkWVQ1U2YtQlpDZU1JWHhwNHdxbmhQTHU0d3BuLUxaVWdNSlVVTXRoRG43VzY2UXhwX3otUkZJalRSeHlBTU40d1VHNTZDSTdNQ29Ba2I2ZjlfNkNfWDBWYjJ3eVd2a3NYSGREOEF4UDN4aHNQYUxXRFFwUFBjWHFPU2hWcGFQQVFkRDg?oc=5,巴士的報,2026-09-30T07:41:18+05:30,en,Andaman and Nicobar Islands,,"(heatstroke OR ""heat stroke"" OR sunstroke OR ""heat exhaustion"" OR ""heat-related death"" OR ""heat casualty"" OR ""heat fatality"" OR ""suspected heat death"" OR dehydration OR ""heat cramps"" OR ""heat illness"") Andaman and Nicobar Islands","Feature · News
Hamas, Islamic Jihad and an ex-Fatah official form an unlikely Palestinian electoral coalition
Industry report shows AI products' rapid integration into everyday life
Russia strikes Ukrainian communications, logistics targets; Ukraine hits Russian defense, oil sites
China's express delivery volume hits 150 bln packages by late September
China's non-manufacturing sector sees rebound in September
China's external debt rises in Q2 amid active cross-border trade
Hong Kong Science Museum Launches “Food (R)Evolutions” Exhibition, Showcasing Culinary Science
Iran's Supreme Leader declares end to interference in Iran's affairs
China's manufacturing PMI returns to expansion in September
Xi pays tribute to national heroes on Martyrs' Day
U.S. stocks close lower amid AI safety concerns, poor economic data
Oil prices fall sharply as US plans to release 40 mln barrels from SPR
Extension of Operating Hours to 24 Hours Daily for Fresh Produce Imported via Hong Kong-Zhuhai-Macao Bridge from Tomorrow
AFCD Launches Special Enforcement Operations Against Illegal Feeding Activities
Ant International’s Antom Supports Google Gemini in Expanding Access to AI Service in Asia
Government Announces First Batch of Successful IP Financing Sandbox Pilot Cases and Launches Pilot Patent Valuation Support Scheme
Hong Kong Science Museum Launches “Food (R)Evolutions” Exhibition, Showcasing Culinary Science
Iran's Supreme Leader declares end to interference in Iran's affairs
China's manufacturing PMI returns to expansion in September
Xi pays tribute to national heroes on Martyrs' Day
Hamas, Islamic Jihad and an ex-Fatah official form an unlikely Palestinian electoral coalition
Industry report shows AI products' rapid integration into everyday life
Russia strikes Ukrainian communications, logistics targets; Ukraine hits Russian defense, oil sites
China's express delivery volume hits 150 bln packages by late September
China's non-manufacturing sector sees rebound in September
China's external debt rises in Q2 amid active cross-border trade
U.S. stocks close lower amid AI safety concerns, poor economic data
Oil prices fall sharply as US plans to release 40 mln barrels from SPR
AFCD Launches Special Enforcement Operations Against Illegal Feeding Activities
Ant International’s Antom Supports Google Gemini in Expanding Access to AI Service in Asia
Feature·Bloggers
【Mao Paishou】Changing of the Guard: Insta360 Takes Times Square as GoPro Fades
【Chinamaxxing】Fluent in Mandarin: Trump’s Granddaughter Exposes the Elite U.S. ""Chinese Language Arms Race""
【Chinamaxxing】13 Esports Gold Medals at the Asian Games, Nearly Half Made in China: How a Nation of Former Game Licensees Flipped the Script
【Chinamaxxing】Beating the Korean Duo by 0.04 Second, a 13-Year-Old Prodigy Breaks Records: ""Chinese Speed"" Dominates the Nagoya Pool
【What Say You?】Zuckerberg hedges midterms as Big Tech bets both ways
【The Art of Stopping War】US Admits On-Orbit Space Weapons—as China Closes In
【Chinamaxxing】From Bruce Lee to 15 Asian Games Gold Medals: The ""Chinese Kung Fu"" the World Wants to Master Takes Center Stage in Nagoya
【Deep Throat】Trump’s Greenland Grab: Win-Win for US Only
Court halts execution of Christa Gail Pike in Tennessee for a murder she committed at age 18
- An Israel-bound plane diverts to Saudi Arabia for emergency landing and other Mideast developments
- Trump will unveil $54 billion in South Korean investment in Alaska, site of a tight Senate race
- Ex-NFL star Antonio Brown set to appear in Miami court for expected plea agreement
- Russia pounds Ukraine with missiles and drones, killing 7 and targeting power grid, Zelenskyy says
- Inflation cooled slightly last month even as consumers stepped up spending
- As heat becomes more extreme, inmates are increasingly threatened by rising temperatures
- US economy grew a solid 2.2% in the second quarter, government says, upgrading previous estimate
- A commercial plane traveling from Dubai to Israel is diverted to Saudi Arabia after a distress call
- The US military says its withdrawal of troops from Iraq is complete
Bangkok suburbs endure daily struggle as floodwaters linger
- China ranks 10th in WIPO Global Innovation Index 2026
- China's UN mission holds reception for PRC's 77th founding anniversary
- Iran receives U.S. response to its 7-day plan: gov't spokeswoman
- US 30-year Treasury bond yield hits highest level since June 2002
- National Day holiday sees double-digit rise in int'l flight bookings
- Forum on Swift Response to Public Complaints to enable firsthand experience for guests
- China's central bank announces enhanced financial support for economy
- Chinese-European joint satellite SMILE releases first science images, data
- Fuel shortages, funding shortfalls push Gaza's health sector to brink of collapse
Walmart Grants $15 Million to Feeding America® to Help Strengthen Food Access for Families Across the Country
- AdvoCare’s Collagen + Creatine: The One‑Two Boost You Can Add to Anything
- AI is Fueling a Tech Boom, How Can High School Students Capitalize?
- AiStrike Named a Leader in 2026 IDC MarketScape for Worldwide Standalone AI SOC Platforms
- DeVry University Study Reveals Prospective Competency-Based Education Learners Want ""Structured Flexibility""
- OptionMetrics Launches IvyDB TradeFlow, Giving Institutions Insights on Buying and Selling Order Flow, Retail Trading Behavior, Participation in 0DTE Options Trading
- Phenom and Opportunity@Work Help States Hire for Skills, Creating New Career Pathways for Public Sector Talent
- DoorDash Just Made the Mall (in Your Pocket) Bigger
- CoreWeave Forge Launches, Turning the AI Loop Production Run Into a Better Model and Agent
- DoorDash Brings Office Ordering to the AI Tools Teams Already Use
Trump says top tech firms have signed accord to 'self-police' AI development
- Altman unveils 'always-on' AI agent after OpenAI shelves model over safety concerns
- Smart ring maker Oura puts off initial public offering due to market 'uncertainty'
- OpenAI delays latest model over security concerns, as industry faces new safety pressures
- Nvidia unveils security platform to stop AI agents from going rogue
- SpaceX's supersized Starship launches into orbit for the first time but flight ends early
- Nvidia's board increases chipmaker's share buyback plan by $150 billion
- Anthropic and OpenAI sound the alarm on AI safety — and seek to shape how it's controlled
- OpenAI pauses training of latest models after agents probed US government sites in unexpected ways
- One shot or two? What to know about HPV vaccination recommendations
Hulk star Lou Ferrigno fulfils childhood dream meeting with Pope Leo XIV
- Former ‘American Idol’ singer Caleb Flynn convicted of fatally shooting his wife
- 'Verity' puts Anne Hathaway, Dakota Johnson and Josh Hartnett in a steamy Colleen Hoover thriller
- Rihanna, Jennifer Lawrence and a Paris runway full of bras: Dior comes undone in mist
- Woman accused of shooting at Rihanna’s home is mentally fit for trial, judge says
- A TV journalist is crowned king of a traditional monarchy in Uganda
- Cuba’s cherished ballet tradition endures through daily blackouts and shortages
- Stallone at 80 reflects on 'Rocky' 50 years later: 'I am a lucky dog'
- Hayden Panettiere's ex Wladimir Klitschko petitions to protect their daughter's inheritance
- Former 'American Idol' singer Caleb Flynn is on trial in wife's killing. He says a burglar did it
Cristiano Ronaldo a doubt for Nations League game amid reports he is unhappy with coach
- Why Malaysia is hosting F1's relocated Bahrain Grand Prix, with rain and haze likely
- France midfielder Koné 'shocked' by coach Zidane's ability in training
- Ben Rice, rare Ivy Leaguer in major leagues, had route to stardom that was anything but routine
- New York Liberty sweep the Minnesota Lynx 87-71, 1st No. 8 seed to oust a No. 1 in WNBA playoffs
- Brazil won't replace injured Raphinha after win in Australia
- Man City guilty of almost all the 115 financial charges, Premier League says in explosive verdict
- Esteban Ocon confirms he's leaving Haas at the end of the 2026 F1 season
- India wins toss and opts to bowl against West Indies in second ODI
- Padres rout Cubs 8-0 in emphatic Wild Card opener with Tatis' leadoff homer, King's no-hit bid
Health Department Raids Tsim Sha Tsui Premises, Seizing 5,900 Suspected Unregistered Pharmaceutical Products
- FEHD Intensifies Enforcement Against Illegal Hawking at Foreign Domestic Helpers' Gathering Spots
- Salmonella found in Hainanese chicken rice prompts investigation by Hong Kong's Centre for Food Safety.
- Beat Drugs Fund Invites Applications for 2026 Funding Exercise Until October 28
- Hong Kong Films Highlighted at Odyssey 2026 Film Festival in London
- Investigation Launched into Human Infection of Rat Hepatitis E Virus in Hong Kong
- PolyU Launches Hong Kong’s First “Safe Landing” Fall-Preparedness Programme to Empower 17,000 Older Adults with Fall Management Skills
- Woman Convicted and Jailed for Importing Duty-Not-Paid Cigarettes and Alternative Smoking Products Worth About $107,000 into Hong Kong
- First Award Ceremony for Packaging Reduction Charter Successfully Held
- Task Force Enhances Measures Against Illegal Employment in Key Industries, Expands Membership for 2026 Policy Address.
'Buy Canadian' movement stays strong as local consumers stand up to US tariffs
- Qatar says US-Iran mediation ongoing as Doha pushes for peaceful end to war
- U.S.-led coalition concludes military mission in Iraq
- Sichuan University faculty, students inspired by Xi's reply letter
- Cities across China unveil festive decorations ahead of National Day holiday
- Hong Kong stocks close higher on Wednesday
- Russia claims striking multiple Ukrainian targets, Ukraine accuses Russia of launching large-scale airstrikes
- Chinese yuan strengthens to 6.7351 against USD Wednesday
- Satellite imagery shows Saudi East-West Pipeline partially restored after attack: report
- Chinese shares close mixed Wednesday
Category · News
Court halts execution of Christa Gail Pike in Tennessee for a murder she committed at age 18
An Israel-bound plane diverts to Saudi Arabia for emergency landing and other Mideast developments
Trump will unveil $54 billion in South Korean investment in Alaska, site of a tight Senate race
Ex-NFL star Antonio Brown set to appear in Miami court for expected plea agreement
AdvoCare’s Collagen + Creatine: The One‑Two Boost You Can Add to Anything
AI is Fueling a Tech Boom, How Can High School Students Capitalize?
AiStrike Named a Leader in 2026 IDC MarketScape for Worldwide Standalone AI SOC Platforms
Russia pounds Ukraine with missiles and drones, killing 7 and targeting power grid, Zelenskyy says
Inflation cooled slightly last month even as consumers stepped up spending
As heat becomes more extreme, inmates are increasingly threatened by rising temperatures
US economy grew a solid 2.2% in the second quarter, government says, upgrading previous estimate
Hulk star Lou Ferrigno fulfils childhood dream meeting with Pope Leo XIV
FEHD Intensifies Enforcement Against Illegal Hawking at Foreign Domestic Helpers' Gathering Spots
DoorDash Just Made the Mall (in Your Pocket) Bigger
CoreWeave Forge Launches, Turning the AI Loop Production Run Into a Better Model and Agent
Bangkok suburbs endure daily struggle as floodwaters linger
Cristiano Ronaldo a doubt for Nations League game amid reports he is unhappy with coach
DoorDash Brings Office Ordering to the AI Tools Teams Already Use
China ranks 10th in WIPO Global Innovation Index 2026
China's UN mission holds reception for PRC's 77th founding anniversary
HemoSonics to be Honored at Premier, Inc.’s Annual Supplier Innovation Celebration
UDC Korea Honored with Forbes 2026 Korea Trusted Innovation Award
Iran receives U.S. response to its 7-day plan: gov't spokeswoman
Beat Drugs Fund Invites Applications for 2026 Funding Exercise Until October 28
Aterio Flags Delay Risk for Oracle’s 1.3 GW Wisconsin Data Center
Why Malaysia is hosting F1's relocated Bahrain Grand Prix, with rain and haze likely
Founder and CEO J.W. Roth Named CEO of the Year at 2026 Southern Colorado Best in Business Awards
Hong Kong Films Highlighted at Odyssey 2026 Film Festival in London
US 30-year Treasury bond yield hits highest level since June 2002
Xenix Medical Announces FDA Clearance of NanoACTIV™ Surface Technology for Its Riva® Posterior Fixation System
IBM Study: As AI Scales Enterprise-Wide, CFOs Play an Expanded Role in Transformation
Nobu Announces Nobu Hotel and Restaurant San Juan, Marking Its Debut in Puerto Rico
A commercial plane traveling from Dubai to Israel is diverted to Saudi Arabia after a distress call
Forum on Swift Response to Public Complaints to enable firsthand experience for guests
National Day holiday sees double-digit rise in int'l flight bookings
China's central bank announces enhanced financial support for economy
HPE Secures Its First AMD Helios Order in $1.2 Billion Deal With Vultr
Chinese-European joint satellite SMILE releases first science images, data
Fuel shortages, funding shortfalls push Gaza's health sector to brink of collapse
The US military says its withdrawal of troops from Iraq is complete
Vasion® Named a Leader in the 2026 IDC MarketScape for Worldwide Print Management Solutions as Enterprise Print Becomes AI Ready
General Mills Announces Dana McNabb as Chief Executive Officer
Investigation Launched into Human Infection of Rat Hepatitis E Virus in Hong Kong
Iran indicates it's received an official US response to its latest offer on ending the war
Right Livelihood Award honors women taking on autocrats, discrimination and unchecked AI
China expects broader prospect for bilateral ties with Russia: spokesman
China places its growth within global development framework: spokesman
African heads of state break ground for $16B oil refinery project
MEXC Adds Another 1,000 BTC to Guardian Fund, Strengthening User Protection
DAR GLOBAL DELIVERS 66% REVENUE GROWTH IN HY 2026 AS PORTFOLIO GDV REACHES US$23BN
'Buy Canadian' movement stays strong as local consumers stand up to US tariffs
France midfielder Koné 'shocked' by coach Zidane's ability in training
Ittikar Is Live and Open to New Members
Int'l community should urge Japan to uphold its Three Non-Nuclear Principles: spokesman
Zoomlion Marks 34th Anniversary, Highlighting Milestones in Innovation and Global Growth
American Express Delivers the Next Generation of Amex Corporate™
Global Corporate Innovation Leaders to Convene at the Startup World Cup 2026 Corporate Innovation Seminar in San Francisco
Qatar says US-Iran mediation ongoing as Doha pushes for peaceful end to war
KANAZAWA Oishii Festa 2026 in Ishikawa: Two Days of Fermented Flavors and Hands-On Food Workshops
The Kayon Gangga Resort Opens in East Bali, Unveiling a New Luxury Sanctuary Rooted in Culture, Cuisine and Wellness
34% of Global Consumers Say They Are Worse Off Financially Than a Year Ago as Households Adapt to a New Era of Permanent Uncertainty, NIQ Finds
Neutrogena®, Aveeno®, and Regaine® Present New Scientific Evidence Demonstrating How Science-Backed Ingredients Support Healthy Skin and Hair
MEXC Leads SOL and DOGE Market-Price Liquidity in CoinGecko's 2026 CEX Report
Henry Schein Cares Marks 25 Years of Helping Health Happen®
Chinese robot hand learns Suzhou embroidery as AGILINK surpasses 15,000 dexterous hands shipped
U.S.-led coalition concludes military mission in Iraq
First Award Ceremony for Packaging Reduction Charter Successfully Held
Indonesia razes luxury facility inside prison for favored inmates, in photos
Sichuan University faculty, students inspired by Xi's reply letter
Central gov't spokeswoman warns Lai Ching-te of self-destruction over defense budget
China calls on Iran, US to adhere to peaceful solutions: spokesman
Chinese naval, air forces conduct combat readiness patrols around Huangyan Dao
Cities across China unveil festive decorations ahead of National Day holiday
Hong Kong stocks close higher on Wednesday
China Coast Guard conducts law-enforcement patrols around Huangyan Dao",1.0
INCOIS Issues Red Alert for Kerala Coast Over High Waves and Swell Surge Phenomenon - News On AIR,https://news.google.com/rss/articles/CBMirgFBVV95cUxPWTRqNm1HS2EtUUVFLTVzVC0yQ2g3QkZGR2dsTHNWbzFBSlRaMmN5YzVzTUtYVjVPRHVROG9aTEtCVDh3QzBxV2VCQ2ZsYVBIRHZRMDkzczByNVM1Z2NsekRJbVZoTHhKbWRiOS1TUm43YzctUmtIVkVYbDRoMFdKX2kzOTVmeDVvd1RzZWpUNVk5T2NmbDVYVHlOMUo4ZS1URDNsOW5uaVVSRFVrQ1E?oc=5,News On AIR,2026-09-30T13:40:43+05:30,en,Andaman and Nicobar Islands,,"(""heat advisory"" OR ""heat action plan"" OR ""heat alert"" OR ""IMD warning"" OR ""IMD alert"" OR ""red alert"" OR ""orange alert"" OR ""yellow alert"" OR ""NDMA advisory"" OR ""cooling shelter"" OR ""relief measures"" OR ""heat compensation"" OR ""severe weather warning"") Andaman and Nicobar Islands","Indian National Centre for Ocean Information Services (INCOIS) has issued a Red Alert across all coastal districts in Keralam, warning residents and authorities of dangerous sea conditions caused by potential high waves and the unusual swell surge phenomenon. According to officials, the turbulent ocean behaviour poses severe risks to shoreline areas. Coastal communities have been advised to maintain extreme vigilance, avoid near-shore activities, and move to safer locations if instructed by local disaster management teams. In light of the hazardous marine conditions, authorities have imposed a complete ban on fishing activities across the state until tomorrow. Similar high-wave and ocean swell alerts have also been sounded for the coasts of Tamil Nadu, Kanyakumari, and the Lakshadweep coasts.",0.5166666666666666
"Heat advisory in effect for Wednesday, followed by a flood watch to end the week - KRIS 6 News Corpus Christi",https://news.google.com/rss/articles/CBMirwFBVV95cUxNQ2txVmNGQTdZSFpCR3M5YVNHTE9ydl8zQ05YaFhIalU4azBRMHV1UXYzZ2NudUFuZHF3RkUyV1JDbTNYU0V2X1VWRkhTdnlTanNNNlRVTDY3NUpwMGlhbkt6WUsxVGpETWNnZWl3TmxCQ2cxdElEZEM3QTR2SVpoQlR1eE9iVXEyTW15aG1SRFFhdlhMU3FsbDlrUXNYd0EtTndpNXNBUmVMNWhZUk9j?oc=5,KRIS 6 News Corpus Christi,2026-09-30T16:23:41+05:30,en,Andaman and Nicobar Islands,,"(""heat advisory"" OR ""heat action plan"" OR ""heat alert"" OR ""IMD warning"" OR ""IMD alert"" OR ""red alert"" OR ""orange alert"" OR ""yellow alert"" OR ""NDMA advisory"" OR ""cooling shelter"" OR ""relief measures"" OR ""heat compensation"" OR ""severe weather warning"") Andaman and Nicobar Islands","CORPUS CHRISTI, Tx — Good morning and Happy Wednesday Coastal Bend!
WHAT YOU NEED TO KNOW
- Partly Cloudy skies with highs in the mid 90s this afternoon
- Isolated showers Thursday morning, increases in coverage Thursday afternoon and evening
- Scattered showers and thunderstorms Friday and into the weekend
- Flood watch in effect from Thursday morning through Friday evening
- Rainfall totals with 2-3"" widespread likely, and higher localized totals under t-storms and downpours
September's Final Day and the Summer Heat with it
For the last day of the month we're expecting more partly cloudy skies for the majority of the day with daytime highs climbing into the mid 90s and upper 90s for inland neighborhoods. Heat index values are expected to be in the triple digits, and the NWS has issued a heat advisory from 1-7PM for central portions of the area from Corpus Christi through Jim Wells county. We'll also still hold on to a lot of this heat for our Thursday forecast with highs depending on the timing of the rain increase in the afternoon, likely still getting to the 90s before it does.
Rain Chances Rising This Weekend
Starting Thursday afternoon we'll be seeing larger coverage of rain across the region with scattered thunderstorms and downpours developing. For tomorrow night it will become slightly more isolated in nature before increasing in coverage once again for our Friday forecast from the morning through the afternoon. Lingering moisture looks to hold on through Saturday and Sunday, so I wouldn't plan on much in terms of outdoor activities! With the additional scattered showers from Saturday through Monday of next week we'll likely pick up some good rainfall totals with widespread areas of 2-3"" and localized higher amount under thunderstorms and downpours. Keep in mind street flooding will be a concern for the net few days as this system rolls through the area so always remember, turn around don't drown!
I hope you have a great Wednesday out there and stay cool!",0.8333333333333333
"Red alert issued for heavy rain, flash floods in Taif as storms hit several Saudi regions - Saudi Gazette",https://news.google.com/rss/articles/CBMi3AFBVV95cUxPV3FacjZOQVJkQkJaN0E3Z0ZHQ3VabGROUTBuc3BSeFl6b0VHOE5QVld0allJQ1lNMXRaX2VZdzdUS1RuaTRLREZGU3FZcUJRSmNOX2V1U3dLTmVCaHJYUm1UQ2NkNUNnNUpVZlRJR3dUQ0hhTGhFZzliYzdwMmR1Yl9hUGZWWl9SNkpxT0RmWlBEOVNLeTQxSGZZUzZWQnM3YTNoSkdnWVRRRFFUelpwMi1UTDNfdWJnb05weWpmdy1LMkhsd0otQXJKSTRPaTRCTVFTVXBQbEZROHBr?oc=5,Saudi Gazette,2026-09-30T15:05:00+05:30,en,Andaman and Nicobar Islands,,"(""heat advisory"" OR ""heat action plan"" OR ""heat alert"" OR ""IMD warning"" OR ""IMD alert"" OR ""red alert"" OR ""orange alert"" OR ""yellow alert"" OR ""NDMA advisory"" OR ""cooling shelter"" OR ""relief measures"" OR ""heat compensation"" OR ""severe weather warning"") Andaman and Nicobar Islands","Red alert issued for heavy rain, flash floods in Taif as storms hit several Saudi regions
JEDDAH — The National Center for Meteorology issued the ared lert level for heavy rain in Taif on Wednesday, as moderate to heavy thunderstorms capable of causing flash floods are forecast across parts of Jazan, Asir, Al-Baha, Makkah and Madinah.
The red alert for Taif is in effect from 12 p.m. to 8 p.m., with strong winds, near-zero horizontal visibility, hail, flash floods and thunderstorms expected.
Moderate to heavy thunderstorms over parts of Jazan, Asir, Al-Baha and Makkah, extending to parts of Madinah, may also be accompanied by hail and active winds stirring up dust and sand.
Light to moderate thunderstorms accompanied by active winds are also possible over parts of Hail, Tabuk, Al-Jouf and the Northern Borders.
Fog may also form during the night and early morning over parts of these areas, as well as coastal parts of the Eastern Province.
For temperatures, Madinah is forecast to record the highest temperature at 42°C, followed by Makkah, Dammam and Buraidah at 41°C, and Riyadh at 40°C.
Hail and Jazan are forecast to reach 37°C, Jeddah and Najran 36°C, and Tabuk, Arar and Sakaka 34°C. Abha is forecast at 28°C and Al-Baha at 27°C.
Humidity is forecast to reach 95 percent in Jeddah, 90 percent in Dammam and Abha, 85 percent in Al-Baha and Jazan, 80 percent in Makkah, and 70 percent in Tabuk, Hail, Arar and Sakaka.
Humidity is expected to reach 55 percent in Madinah, 35 percent in Riyadh, and 30 percent in Buraidah and Najran.",0.5166666666666666
