title,url,source,date,language,state,district,search_term,full_text,relevance_score
"अल-नीनो हुआ प्रबल, आने वाले महीनों में पड़ सकती है भीषण गर्मी - UN News",https://news.google.com/rss/articles/CBMiV0FVX3lxTFA5a0ZNREFZRWdvNlpWQlhjemU3eGNuM1FPTEs1VnJ5ai1LOHdqSG15RDZhMDVnclJnQXBaczhxTFFURDc4ZXFRREFHZXg1RS1UOUFhaENjQQ?oc=5,UN News,2026-09-04T10:09:04+05:30,hi,Andaman and Nicobar Islands,,"(लू OR ""लू चलना"" OR ""भीषण गर्मी"" OR ""प्रचंड गर्मी"" OR ""कड़ी धूप"" OR ""तेज धूप"" OR ""गर्म हवा"" OR ""उष्ण लहर"" OR ""ताप लहर"" OR ""हीट वेव"" OR ""झुलसाने वाली गर्मी"" OR ""तपती गर्मी"" OR ""भयंकर गर्मी"" OR ""गर्मी का कहर"" OR ""गर्मी का प्रकोप"" OR ""अत्यधिक गर्मी"" OR मौसम OR ""मौसम अपडेट"" OR ""मौसम का हाल"" OR ""मौसम पूर्वानुमान"" OR ""मौसम अलर्ट"" OR आईएमडी OR ""आईएमडी पूर्वानुमान"" OR ""आईएमडी अलर्ट"" OR ""तापमान में बढ़ोतरी"" OR ""गर्मी से राहत"" OR ""गर्मी से निजात"") Andaman and Nicobar Islands","अल-नीनो हुआ प्रबल, आने वाले महीनों में पड़ सकती है भीषण गर्मी
अल-नीनो लगातार प्रबल हो रहा है और अभी अपने चरम पर नहीं पहुँचा है. प्रशान्त महासागर का असाधारण रूप से गर्म पानी इसे और मज़बूत कर रहा है. मौसम विशेषज्ञों का अनुमान है कि यह जलवायु रूझान फ़रवरी 2027 तक बना रहेगा, जिससे आने वाले महीनों में दुनिया के बड़े हिस्से में सामान्य से अधिक गर्मी पड़ने की आशंका है.
अल-नीनो प्रशान्त महासागर में तेज़ी से मज़बूत हो रहा है. इससे दुनिया के कई हिस्सों में आने वाले महीनों में भीषण गर्मी, बाढ़, सूखा और मौसम में बड़े बदलाव का ख़तरा बढ़ गया है.
विश्व मौसम विज्ञान संगठन (WMO) के नए पूर्वानुमान के अनुसार, अल-नीनो पहले ही पूरी तरह विकसित हो चुका है और साल के अन्त तक “बहुत प्रबल” होकर अपने चरम पर पहुँच सकता है.
अल-नीनो के फ़रवरी 2027 तक बने रहने की सम्भावना अब लगभग 100 प्रतिशत है. संयुक्त राष्ट्र की मौसम एजेंसी ने इससे पहले अल-नीनो या उसके ठंडे समकक्ष ला नीन्या के बारे में इतना स्पष्ट पूर्वानुमान कभी जारी नहीं किया था.
एक बड़ी चिन्ता
उष्णकटिबन्धीय प्रशान्त महासागर की सतह के नीचे असामान्य रूप से गर्म पानी का एक विशाल भंडार मौजूद है, जो आने वाले महीनों में अल-नीनो को और मज़बूत कर सकता है.
प्रशान्त महासागर के कुछ हिस्सों में जुलाई और अगस्त की शुरुआत में सतह के नीचे पानी का तापमान सामान्य से आठ डिग्री सेल्सियस से भी अधिक था.
इससे संकेत मिलता है कि ग्रीनहाउस गैस उत्सर्जन के कारण पहले से गर्म हो चुकी पृथ्वी पर एक बेहद शक्तिशाली जलवायु घटना विकसित हो रही है.
संयुक्त राष्ट्र महासचिव एंतोनियो गुटेरेश ने गुरुवार को एक प्रैस विज्ञप्ति में कहा, “अल-नीनो हमारी आँखों के सामने और अधिक प्रबल होता जा रहा है.”
उन्होंने कहा, “विज्ञान में किसी सन्देह की गुंजाइश नहीं है. पृथ्वी ऐसी परिस्थितियों में पहुँच रही है, जिनका पहले अनुभव नहीं हुआ, और महासागर लगातार गर्म हो रहे हैं.”
अल-नीनो एक प्राकृतिक जलवायु रुझान है, जो आमतौर पर हर दो से सात वर्ष में विकसित होता है. यह तब बनता है जब मध्य और पूर्वी भूमध्यरेखीय प्रशान्त महासागर का पानी असामान्य रूप से गर्म हो जाता है. इससे वायुमंडलीय परिसंचरण बदल सकता है और हज़ारों किलोमीटर दूर तक बारिश व तापमान के रुझान प्रभावित हो सकते हैं.
वैज्ञानिकों ने अब तक यह साबित नहीं किया है कि मानव-जनित जलवायु परिवर्तन ही अल-नीनो को अधिक प्रबल बना रहा है. लेकिन गर्म महासागर और वायुमंडल इसके प्रभावों को अधिक गम्भीर बना सकते हैं, क्योंकि इससे चरम मौसम के लिए अधिक गर्मी व नमी उपलब्ध होती है.
ताज़ा आँकड़ों से स्पष्ट है कि मौजूदा अल-नीनो कितनी तेज़ी से विकसित हो रहा है.
मध्य उष्णकटिबन्धीय प्रशान्त महासागर के तापमान को मापने वाला नीनो 3.4 सूचकांक मई से जुलाई के बीच औसतन सामान्य से 1.5°C अधिक रहा. जुलाई में यह 2°C तक पहुँचा और जुलाई के अन्त से अगस्त के मध्य तक साप्ताहिक आँकड़े 2.6°C तक पहुँच गए.
गर्मी समुद्र की सतह से काफ़ी नीचे तक फैली हुई है. यह संकेत है कि यह गर्मी जल्द कम होने वाली नहीं है और अल-नीनो को प्रबल होने के लिए पर्याप्त ऊर्जा मिलती रहेगी.
हर क्षेत्र पर अलग असर
बहुत प्रबल अल-नीनो का मतलब यह नहीं है कि हर क्षेत्र में एक जैसी आपदाएँ आएँगी.
हालाँकि, सितम्बर से नवम्बर के बीच दुनिया के लगभग हर हिस्से में तापमान सामान्य से अधिक रहने का अनुमान है.
बारिश के रुझान भी बदल रहे हैं. कुछ क्षेत्रों में भारी बारिश और बाढ़ का ख़तरा बढ़ सकता है, जबकि अन्य जगहों पर सूखे की आशंका अधिक होगी.
अन्य जलवायु कारक इस स्थिति को और जटिल बना सकते हैं. हिन्द महासागर डाइपोल का सकारात्मक चरण विकसित होने का भी अनुमान है, जिसमें हिन्द महासागर का पश्चिमी हिस्सा सामान्य से अधिक गर्म और पूर्वी हिस्सा अपेक्षाकृत ठंडा हो जाता है. इससे बारिश के रुझान प्रभावित हो सकते हैं. साथ ही, उष्णकटिबन्धीय अटलांटिक महासागर के भी असामान्य रूप से गर्म बने रहने का अनुमान है.
इन सभी जलवायु रुझानों के मिले-जुले असर के कारण किसी एक देश में अल-नीनो के प्रभाव का सटीक अनुमान लगाना मुश्किल है. लेकिन कुल मिलाकर जलवायु जोखिम बढ़ने के संकेत हैं.
विश्व मौसम विज्ञान संगठन (WMO) की प्रमुख सेलेस्ते साउलो ने कहा, “स्पैनिश में अल-नीनो का अर्थ भले ही ‘छोटा लड़का’ है, लेकिन यह दुनिया भर के समुदायों और अर्थव्यवस्थाओं को भारी झटका दे सकता है.”
उन्होंने कहा, “हम सूखे व बाढ़ से होने वाली तबाही पहले ही देख रहे हैं. अल-नीनो के और प्रबल होने के साथ इसके प्रभाव भी गम्भीर हो सकते हैं.”
अभूतपूर्व तैयारियाँ
इस पूर्वानुमान के बाद बड़े स्तर पर तैयारियाँ शुरू की गई हैं. यह पहली बार है जब WHO ने राष्ट्रीय मौसम एजेंसियों के साथ मिलकर इतना व्यापक अभियान शुरू किया है, ताकि मौसम पूर्वानुमान और समय रहते चेतावनी देने की व्यवस्था को मज़बूत किया जा सके.
इसका मक़सद सरकारों और मानवतावादी संगठनों को कृषि, जनस्वास्थ्य, ऊर्जा और जल आपूर्ति जैसे संवेदनशील क्षेत्रों पर पड़ने वाले असर के लिए बेहतर ढंग से तैयार करना है.
WMO प्रमुख सेलेस्ते साउलो ने कहा, “इस असाधारण अल-नीनो के लिए असाधारण तैयारी और कार्रवाई की ज़रूरत है.”
इससे स्पष्ट है कि अल-नीनो का बड़ा असर अभी सामने आना बाक़ी है. यह पहले ही बेहद प्रबल है और अभी अपने चरम पर नहीं पहुँचा है.
अब सवाल यह नहीं है कि अल-नीनो अधिक प्रबल होगा या नहीं, बल्कि यह है कि इससे कितनी गर्मी बढ़ेगी और कितना व्यवधान पैदा होगा.",1.0
"उत्तरी क्षेत्र में भीषण गर्मी जारी है, कुछ इलाकों में तापमान 40 डिग्री सेल्सियस के करीब पहुंच गया है। - Vietnam.vn",https://news.google.com/rss/articles/CBMihwFBVV95cUxNanpsQ28yanVCNG91dHZhWm9sV01IaGxsdGktTVhDekI4M1YwSDJKVTNaZ21VeVYxaU1TbWhlNXB3N3ZtV1BVRHRINmJtLVAyTk1pVTdYdlNuVUV3UXVaTlZrcEtiVTFqWnp1Q1NMSFJPZmFhcG9sYUFyOXl2U0c3U1AyNk9QVkU?oc=5,Vietnam.vn,2026-09-04T05:47:42+05:30,hi,Andaman and Nicobar Islands,,"(लू OR ""लू चलना"" OR ""भीषण गर्मी"" OR ""प्रचंड गर्मी"" OR ""कड़ी धूप"" OR ""तेज धूप"" OR ""गर्म हवा"" OR ""उष्ण लहर"" OR ""ताप लहर"" OR ""हीट वेव"" OR ""झुलसाने वाली गर्मी"" OR ""तपती गर्मी"" OR ""भयंकर गर्मी"" OR ""गर्मी का कहर"" OR ""गर्मी का प्रकोप"" OR ""अत्यधिक गर्मी"" OR मौसम OR ""मौसम अपडेट"" OR ""मौसम का हाल"" OR ""मौसम पूर्वानुमान"" OR ""मौसम अलर्ट"" OR आईएमडी OR ""आईएमडी पूर्वानुमान"" OR ""आईएमडी अलर्ट"" OR ""तापमान में बढ़ोतरी"" OR ""गर्मी से राहत"" OR ""गर्मी से निजात"") Andaman and Nicobar Islands","राष्ट्रीय मौसम विज्ञान एवं जल विज्ञान पूर्वानुमान केंद्र के अनुसार, कल (3 सितंबर) उत्तरी क्षेत्र और थान्ह होआ, न्घे आन और हा तिन्ह प्रांतों के पश्चिमी पर्वतीय क्षेत्रों, क्वांग त्रि से दा नांग शहर तक के क्षेत्र और क्वांग न्गाई प्रांत के पूर्वी भाग में गर्म मौसम रहा, जिसमें अधिकतम तापमान आमतौर पर 35-36 डिग्री सेल्सियस के बीच रहा, और कुछ स्थानों पर 36 डिग्री सेल्सियस से अधिक भी रहा, जैसे: बाक मे (तुयेन क्वांग) 37.9 डिग्री, लैंग ( हनोई ) 36.7 डिग्री, होई ज़ुआन (थान्ह होआ) 36.7 डिग्री, ह्यू (ह्यू शहर) 37.0 डिग्री, टैम की (दा नांग शहर) 36.8 डिग्री, बा तो (क्वांग न्गाई) 36.7 डिग्री, आदि; न्यूनतम सापेक्ष आर्द्रता आमतौर पर 45-55% थी।
उत्तरी क्षेत्र में भीषण गर्मी जारी है, कुछ इलाकों में तापमान 40 डिग्री सेल्सियस के करीब पहुंच गया है।
एसकेडीएस - उत्तरी वियतनाम और उत्तर मध्य वियतनाम में आज दोपहर तक गर्म मौसम जारी रहेगा, जहां तापमान आमतौर पर 36 डिग्री सेल्सियस तक पहुंच जाएगा, और कुछ स्थानीय क्षेत्रों में 40 डिग्री सेल्सियस तक भी पहुंच सकता है।
4 सितंबर को उत्तरी क्षेत्र और थान्ह होआ (क्वांग निन्ह और लांग सोन को छोड़कर), क्वांग त्रि से दा नांग शहर तक का क्षेत्र और क्वांग न्गाई प्रांत के पूर्वी भाग में गर्म मौसम रहेगा, जिसमें अधिकतम तापमान आमतौर पर 35-36 डिग्री सेल्सियस के बीच रहेगा और कुछ स्थानों पर 36 डिग्री सेल्सियस से अधिक भी हो सकता है; न्यूनतम सापेक्ष आर्द्रता आमतौर पर 50-55% रहेगी।
5 सितंबर से उत्तरी क्षेत्र और थान्ह होआ, क्वांग त्रि से दा नांग शहर तक के क्षेत्र और क्वांग न्गाई प्रांत के पूर्वी भाग में भीषण गर्मी धीरे-धीरे कम होने लगेगी। इस भीषण गर्मी के कारण प्राकृतिक आपदा का खतरा स्तर 1 है।
तीव्र गर्मी और कम आर्द्रता के संयुक्त प्रभाव से, बिजली की बढ़ती मांग के कारण आवासीय क्षेत्रों में विस्फोट और आग लगने का खतरा है। इसके अलावा, लंबे समय तक उच्च तापमान के संपर्क में रहने से निर्जलीकरण हो सकता है।
कृपया ध्यान दें कि लू की रिपोर्टों में तापमान का पूर्वानुमान और बाहर का वास्तविक तापमान 2-4 डिग्री या उससे भी अधिक भिन्न हो सकता है, यह अंतर कंक्रीट या डामर जैसी सतहों की स्थिति पर निर्भर करता है।
4 सितंबर को देशभर के सभी क्षेत्रों के लिए मौसम का पूर्वानुमान:
हनोई: न्यूनतम तापमान 26-28 डिग्री; अधिकतम तापमान 34-36 डिग्री। दिन में बादल छाए रहेंगे, धूप निकलेगी, कुछ इलाकों में गर्मी रहेगी, रात में बारिश नहीं होगी। उत्तर-पश्चिम से हवा चलेगी, जिसकी गति 2-3 होगी।
उत्तर-पश्चिमी क्षेत्र: न्यूनतम तापमान 22-25 डिग्री सेल्सियस, कुछ स्थानों पर 22 डिग्री से नीचे; अधिकतम तापमान 32-35 डिग्री सेल्सियस, कुछ स्थानों पर 35 डिग्री से ऊपर। दिन में बादल छाए रहेंगे, धूप निकलेगी, कुछ स्थानों पर गर्मी रहेगी; दोपहर और शाम के बाद छिटपुट बारिश और गरज के साथ तूफान आने की संभावना है। हवा हल्की रहेगी। गरज के साथ तूफान के दौरान बवंडर, बिजली, ओले और तेज हवा के झोंके आने की संभावना है।
पूर्वोत्तर वियतनाम: न्यूनतम तापमान 25-28 डिग्री सेल्सियस, कुछ पहाड़ी क्षेत्रों में 24 डिग्री सेल्सियस से नीचे; अधिकतम तापमान 32-35 डिग्री सेल्सियस, कुछ क्षेत्रों में 35 डिग्री सेल्सियस से ऊपर। दिन में बादल छाए रहेंगे, धूप निकलेगी, कुछ क्षेत्रों में गर्मी रहेगी; दोपहर और शाम के बाद छिटपुट बारिश और गरज के साथ तूफान आने की संभावना है। उत्तर-पश्चिम दिशा से 2-3 तीव्रता की हवा चलेगी। गरज के साथ तूफान के दौरान बवंडर, बिजली, ओले और तेज हवा के झोंके आने की संभावना है।
थान्ह होआ से ह्यू तक: न्यूनतम तापमान 25-28 डिग्री; अधिकतम तापमान 34-36 डिग्री, कुछ स्थानों पर 36 डिग्री से ऊपर। दिन में बादल छाए रहेंगे, धूप निकलेगी, कुछ स्थानों पर गर्मी रहेगी; दोपहर और शाम को छिटपुट बारिश और गरज के साथ तूफान आने की संभावना है। पश्चिम से दक्षिण-पश्चिम की ओर हवाएं चलेंगी, जिनकी तीव्रता 2-3 ब्यूफोर्ट स्केल होगी। गरज के साथ तूफान के दौरान बवंडर, बिजली, ओले और तेज हवा के झोंके आने की संभावना है।
दक्षिण मध्य तट: न्यूनतम तापमान 25-28 डिग्री सेल्सियस; अधिकतम तापमान 34-36 डिग्री सेल्सियस, कुछ क्षेत्रों में 36 डिग्री सेल्सियस से अधिक। बादल छाए रहेंगे, छिटपुट बारिश और गरज के साथ बौछारें पड़ेंगी; कुछ क्षेत्रों में दिन के दौरान गर्म मौसम रहेगा। दक्षिण-पश्चिम दिशा से 2-3 तीव्रता की हवाएं चलेंगी। गरज के साथ बौछारों के दौरान बवंडर, बिजली गिरने और तेज हवा के झोंके आने की संभावना है।
मध्य उच्चभूमि: न्यूनतम तापमान 20-23 डिग्री सेल्सियस; अधिकतम तापमान 25-28 डिग्री सेल्सियस, कुछ क्षेत्रों में 28 डिग्री सेल्सियस से अधिक। बादल छाए रहेंगे, कुछ क्षेत्रों में छिटपुट बारिश और गरज के साथ तूफान आने की संभावना है; विशेष रूप से दोपहर और शाम के समय, छिटपुट बारिश और गरज के साथ तूफान आने की संभावना है, साथ ही कुछ स्थानों पर भारी बारिश भी हो सकती है। दक्षिण-पश्चिम दिशा से 2-3 तीव्रता की हवाएं चलेंगी। गरज के साथ तूफान के दौरान बवंडर, बिजली गिरने और तेज हवा के झोंके आने की संभावना है।
दक्षिणी वियतनाम: न्यूनतम तापमान 24-27 डिग्री सेल्सियस; अधिकतम तापमान 31-34 डिग्री सेल्सियस, कुछ क्षेत्रों में 34 डिग्री सेल्सियस से अधिक। आसमान में बादल छाए रहेंगे, कुछ क्षेत्रों में छिटपुट बारिश और गरज के साथ बौछारें पड़ेंगी; दोपहर और शाम को छिटपुट बारिश और गरज के साथ बौछारें पड़ेंगी, पूर्वी क्षेत्र में कुछ स्थानों पर भारी बारिश हो सकती है। दक्षिण-पश्चिम दिशा से 2-3 तीव्रता की हवा चलेगी। गरज के साथ बौछारों के दौरान बवंडर, बिजली गिरने और तेज हवा के झोंके आने की संभावना है।
हो ची मिन्ह सिटी: न्यूनतम तापमान 25-27 डिग्री सेल्सियस; अधिकतम तापमान 31-34 डिग्री सेल्सियस, कुछ क्षेत्रों में 34 डिग्री सेल्सियस से अधिक। आसमान में बादल छाए रहेंगे, छिटपुट बारिश और गरज के साथ बौछारें पड़ेंगी, कुछ स्थानों पर भारी बारिश भी हो सकती है। दक्षिण-पश्चिम दिशा से 2-3 तीव्रता की हवा चलेगी। गरज के साथ बौछारों के दौरान बवंडर, बिजली गिरने और तेज हवा के झोंके चलने की संभावना है।
स्रोत: https://suckhoedoisong.vn/mien-bac-van-nang-nong-gay-gat-co-noi-sat-nguong-40-do-169260904055610146.htm",1.0
"उत्तरी वियतनाम में भीषण गर्मी पड़ रही है, जबकि दक्षिणी वियतनाम में भारी आंधी-तूफान आ रहे हैं; डोंग नाई नदी में जलस्तर बढ़ने की चेतावनी जारी की गई है। - Vietnam.vn",https://news.google.com/rss/articles/CBMiqAFBVV95cUxOMGtnSllMMTZYSlF4Qlo1Q2NrY0tTYmxzVU53eU1KWEV1aG9QUzJCbG9IbE9FTWdNdE1uRkk3czBHS3pNVFBWSXY3ZGIycUlwME40eFMzQy1ickx2RUJ6Q21CZUdpQ2pHaG1neHlPWldaQ0xOVGF0U2JnSVUyemMzNkdyek1fOWJ2MWxQZmxaTFo2aTJUdFIxSWNxVEZqZDJNV0JWVDRCR0s?oc=5,Vietnam.vn,2026-09-04T14:01:53+05:30,hi,Andaman and Nicobar Islands,,"(लू OR ""लू चलना"" OR ""भीषण गर्मी"" OR ""प्रचंड गर्मी"" OR ""कड़ी धूप"" OR ""तेज धूप"" OR ""गर्म हवा"" OR ""उष्ण लहर"" OR ""ताप लहर"" OR ""हीट वेव"" OR ""झुलसाने वाली गर्मी"" OR ""तपती गर्मी"" OR ""भयंकर गर्मी"" OR ""गर्मी का कहर"" OR ""गर्मी का प्रकोप"" OR ""अत्यधिक गर्मी"" OR मौसम OR ""मौसम अपडेट"" OR ""मौसम का हाल"" OR ""मौसम पूर्वानुमान"" OR ""मौसम अलर्ट"" OR आईएमडी OR ""आईएमडी पूर्वानुमान"" OR ""आईएमडी अलर्ट"" OR ""तापमान में बढ़ोतरी"" OR ""गर्मी से राहत"" OR ""गर्मी से निजात"") Andaman and Nicobar Islands","जहां उत्तर में भीषण गर्मी पड़ रही है, वहीं दक्षिण में पूर्वानुमानों से संकेत मिलता है कि डोंग नाई नदी प्रणाली के ऊपरी हिस्सों में जलस्तर बढ़ गया है, जिससे नदियों और नालों के किनारे स्थित निचले इलाकों में बाढ़ का खतरा पैदा हो गया है, जो जलमार्ग परिवहन, मत्स्य पालन और नदी तटों और नालों में कृषि उत्पादन को प्रतिकूल रूप से प्रभावित कर रहा है।
उत्तर में भीषण गर्मी पड़ रही है।
राष्ट्रीय मौसम विज्ञान और जल विज्ञान पूर्वानुमान केंद्र के अनुसार, लंबे समय तक उच्च तापमान के संपर्क में रहने पर गर्मी से शरीर में निर्जलीकरण भी हो सकता है।
कृपया ध्यान दें कि लू की रिपोर्टों में तापमान का पूर्वानुमान और बाहर का वास्तविक तापमान 2-4 डिग्री या उससे भी अधिक भिन्न हो सकता है, यह अंतर कंक्रीट या डामर जैसी सतहों की स्थिति पर निर्भर करता है।
4 सितंबर को उत्तरी क्षेत्र और थान्ह होआ (क्वांग निन्ह और लांग सोन को छोड़कर), क्वांग त्रि से दा नांग शहर तक का क्षेत्र और क्वांग न्गाई प्रांत के पूर्वी भाग में गर्म मौसम रहेगा, जिसमें अधिकतम तापमान आमतौर पर 35-36 डिग्री सेल्सियस के बीच रहेगा और कुछ स्थानों पर 36 डिग्री सेल्सियस से अधिक भी हो सकता है; न्यूनतम सापेक्ष आर्द्रता आमतौर पर 50-55% रहेगी।
हनोई में न्यूनतम तापमान 26-28 डिग्री सेल्सियस और अधिकतम तापमान 34-36 डिग्री सेल्सियस रहेगा। दिन में बीच-बीच में बादल छाए रहेंगे, धूप निकलेगी, कुछ इलाकों में गर्मी रहेगी और रात में बारिश नहीं होगी। उत्तर-पश्चिमी दिशा से 2-3 की तीव्रता वाली हवाएं चलेंगी।
आपको यह भी पसंद आ सकता है
इस बीच, हो ची मिन्ह सिटी में न्यूनतम तापमान 25-27 डिग्री सेल्सियस और अधिकतम तापमान 31-34 डिग्री सेल्सियस रहेगा, कुछ क्षेत्रों में यह 34 डिग्री सेल्सियस से भी अधिक हो सकता है। आसमान में बादल छाए रहेंगे और छिटपुट बारिश और गरज के साथ बौछारें पड़ेंगी, कुछ क्षेत्रों में भारी बारिश भी हो सकती है। दक्षिण-पश्चिम दिशा से 2-3 तीव्रता की हवाएं चलेंगी। गरज के साथ बौछारों के दौरान बवंडर, बिजली गिरने और तेज हवा के झोंके आने की संभावना है।
5 सितंबर से उत्तरी क्षेत्र और थान्ह होआ, क्वांग त्रि से दा नांग शहर तक के क्षेत्र और क्वांग न्गाई प्रांत के पूर्वी हिस्से में लू धीरे-धीरे कम होने लगेगी।
अलर्ट लेवल 2 पर डोंग नाई नदी में बाढ़ आ सकती है।
मौसम विज्ञान एजेंसी के अनुसार, कल रात और आज सुबह (4 सितंबर) मध्य उच्चभूमि और दक्षिणपूर्वी क्षेत्र में छिटपुट बारिश और गरज के साथ बौछारें पड़ीं, कुछ क्षेत्रों में भारी बारिश भी हुई। 4 सितंबर की सुबह तक कुछ क्षेत्रों में 40 मिमी से अधिक वर्षा दर्ज की गई, जैसे कि निम्नलिखित स्टेशनों पर: इया ह्रुंग जलविद्युत संयंत्र (गिया लाई) में 77.4 मिमी, ईए हलेओ (डाक लक) में 47 मिमी, आदि।
4 सितंबर की दोपहर और शाम के लिए पूर्वानुमान के अनुसार, मध्य उच्चभूमि और वियतनाम के दक्षिणपूर्वी क्षेत्र में छिटपुट बारिश और गरज के साथ तूफान आने की संभावना है, जिसमें 10-30 मिमी तक वर्षा हो सकती है और कुछ स्थानों पर 80 मिमी से अधिक भारी बारिश भी हो सकती है। तूफान के दौरान बवंडर, बिजली गिरने, ओलावृष्टि और तेज हवा के झोंके चलने की भी संभावना है।
बवंडर, बिजली, ओलावृष्टि और तेज हवाओं के साथ आने वाले तूफान कृषि उत्पादन को प्रभावित कर सकते हैं, पेड़ों को गिरा सकते हैं, घरों, परिवहन बुनियादी ढांचे और अन्य सुविधाओं को नुकसान पहुंचा सकते हैं। स्थानीय स्तर पर भारी बारिश से छोटी नदियों और नालों में अचानक बाढ़ आ सकती है, ढलानों पर भूस्खलन हो सकता है और निचले इलाकों में जलभराव हो सकता है। बवंडर, बिजली और ओलावृष्टि के कारण प्राकृतिक आपदा का खतरा स्तर 1 है।
मौसम विज्ञान एजेंसी ने डोंग नाई नदी में बाढ़ की चेतावनी भी जारी की है। वर्तमान में, ता लाई स्टेशन पर डोंग नाई नदी का जलस्तर धीरे-धीरे बढ़ रहा है और खतरे के स्तर 2 से नीचे है। पूर्वानुमान है कि अगले 24 घंटों में, ता लाई स्टेशन पर डोंग नाई नदी का जलस्तर खतरे के स्तर 1 और 2 के बीच घटता-बढ़ता रहेगा।
आपको यह भी पसंद आ सकता है
नदी के किनारे स्थित निचले इलाकों में और डोंग नाई शहर के डाक लुआ, नाम कैट टिएन, ता लाई, थान सोन और फु विन्ह कम्यूनों के भीतर स्थित निचले इलाकों और आसपास के क्षेत्रों में बाढ़ का खतरा है।
डोंग नाई नदी पर बाढ़ की चेतावनी का स्तर 2 जारी किया गया है। भारी वर्षा के साथ बाढ़ आने की संभावना को देखते हुए सावधानी बरतने की सलाह दी जाती है, जिससे नदी के किनारों और नालों में जलभराव, भूस्खलन और उपर्युक्त कम्यूनों और वार्डों के निचले इलाकों में कटाव हो सकता है।
नदी में आने वाली बाढ़ से नदी के किनारों पर स्थित निचले इलाकों में जलभराव हो जाता है, जिससे जलमार्ग परिवहन, मत्स्य पालन, कृषि उत्पादन, लोगों के जीवन और सामाजिक-आर्थिक गतिविधियों जैसी गतिविधियां प्रभावित होती हैं।
स्रोत: https://thanhtra.com.vn/moi-truong-9DBF44B9E/mien-bac-nang-gay-gat-nam-bo-mua-giong-manh-canh-bao-nuoc-song-dong-nai-len-cao-4c9101af0.html",1.0
उत्तरी वियतनाम में भीषण गर्मी की लहर कल से धीरे-धीरे कम होने लगेगी। - Vietnam.vn,https://news.google.com/rss/articles/CBMickFVX3lxTFBILXljOWIzdUNIXzZDU014THp3dGFuUFFZZE1LWmxXTkl4S3N5ODBiYjEwVG5vWUlYMmRsNFFOMTl0WlJubEt6UmUzNndyeEZVTVpHNGZkU0MwdWUxX2JWYk9XaGN2bmY0cGM5Uy1ZZnNzUQ?oc=5,Vietnam.vn,2026-09-04T07:03:29+05:30,hi,Andaman and Nicobar Islands,,"(लू OR ""लू चलना"" OR ""भीषण गर्मी"" OR ""प्रचंड गर्मी"" OR ""कड़ी धूप"" OR ""तेज धूप"" OR ""गर्म हवा"" OR ""उष्ण लहर"" OR ""ताप लहर"" OR ""हीट वेव"" OR ""झुलसाने वाली गर्मी"" OR ""तपती गर्मी"" OR ""भयंकर गर्मी"" OR ""गर्मी का कहर"" OR ""गर्मी का प्रकोप"" OR ""अत्यधिक गर्मी"" OR मौसम OR ""मौसम अपडेट"" OR ""मौसम का हाल"" OR ""मौसम पूर्वानुमान"" OR ""मौसम अलर्ट"" OR आईएमडी OR ""आईएमडी पूर्वानुमान"" OR ""आईएमडी अलर्ट"" OR ""तापमान में बढ़ोतरी"" OR ""गर्मी से राहत"" OR ""गर्मी से निजात"") Andaman and Nicobar Islands","मौसम विज्ञान एजेंसी के अनुसार, 3 सितंबर को उत्तरी क्षेत्र और थान्ह होआ, न्घे आन और हा तिन्ह प्रांतों के पश्चिमी पहाड़ी क्षेत्रों, क्वांग त्रि से दा नांग शहर तक के क्षेत्र और क्वांग न्गाई प्रांत के पूर्वी भाग में गर्म मौसम रहा, जिसमें अधिकतम तापमान आमतौर पर 35-36 डिग्री सेल्सियस के बीच रहा, और कुछ स्थानों पर 36 डिग्री सेल्सियस से अधिक भी रहा, जैसे: बाक मे (तुयेन क्वांग) 37.9 डिग्री सेल्सियस; लैंग ( हनोई ) 36.7 डिग्री सेल्सियस; होई ज़ुआन (थान्ह होआ) 36.7 डिग्री सेल्सियस; ह्यू (ह्यू शहर) 37.0 डिग्री सेल्सियस; टैम की (दा नांग शहर) 36.8 डिग्री सेल्सियस…; न्यूनतम सापेक्ष आर्द्रता आमतौर पर 45-55% थी।
उत्तरी वियतनाम में भीषण गर्मी की लहर कल से धीरे-धीरे कम होने लगेगी।
ANTD.VN - 5 सितंबर से उत्तरी क्षेत्र और थान्ह होआ, क्वांग त्रि से दा नांग शहर तक के क्षेत्र और क्वांग न्गाई प्रांत के पूर्वी हिस्से में लू धीरे-धीरे कम होने लगेगी।
आज, 4 सितंबर को, उत्तरी क्षेत्र और थान्ह होआ (क्वांग निन्ह और लैंग सोन को छोड़कर), क्वांग त्रि से दा नांग शहर तक का क्षेत्र और क्वांग न्गाई प्रांत के पूर्वी भाग में गर्म मौसम रहेगा, जिसमें अधिकतम तापमान आमतौर पर 35-36 डिग्री सेल्सियस के बीच रहेगा और कुछ स्थानों पर 36 डिग्री सेल्सियस से अधिक भी हो सकता है; न्यूनतम सापेक्ष आर्द्रता आमतौर पर 50-55% रहेगी।
5 सितंबर से उत्तरी क्षेत्र और थान्ह होआ, क्वांग त्रि से दा नांग शहर तक के क्षेत्र और क्वांग न्गाई प्रांत के पूर्वी हिस्से में लू धीरे-धीरे कम होने लगेगी।
तीव्र गर्मी और कम आर्द्रता के संयुक्त प्रभाव से, बिजली की बढ़ती मांग के कारण आवासीय क्षेत्रों में विस्फोट और आग लगने का खतरा है। इसके अलावा, लंबे समय तक उच्च तापमान के संपर्क में रहने से निर्जलीकरण हो सकता है।
मौसम विज्ञान एजेंसी ने यह भी बताया कि लू की रिपोर्टों में तापमान का पूर्वानुमान और बाहर का वास्तविक तापमान 2-4 डिग्री सेल्सियस या उससे भी अधिक भिन्न हो सकता है, जो कंक्रीट या डामर जैसी सतह की स्थितियों पर निर्भर करता है।
स्रोत: https://anninhthudo.vn/nang-nong-o-bac-bo-diu-dan-tu-ngay-mai-post665911.antd",1.0
हनोई और वियतनाम के उत्तरी क्षेत्र में भीषण गर्मी कब समाप्त होगी? - Vietnam.vn,https://news.google.com/rss/articles/CBMijgFBVV95cUxNeHpFczdUOHZVZjk5OUtiRFRtc3RJZFluQW03dFZ2eG5vNkdHNGJXQXg0TkRxeFhlOUk5S0Q4Y0h4VFllN3pKcFpnSEZ0VTVKRW9QaEMxWDN5dXV2TGI5R3lqOHNPM1FicFU0TUpoM3NPT3lzcTdnTW44S1ZBWTY0bFNsa2ZPSnFmMkhtNkpR?oc=5,Vietnam.vn,2026-09-04T06:15:04+05:30,hi,Andaman and Nicobar Islands,,"(लू OR ""लू चलना"" OR ""भीषण गर्मी"" OR ""प्रचंड गर्मी"" OR ""कड़ी धूप"" OR ""तेज धूप"" OR ""गर्म हवा"" OR ""उष्ण लहर"" OR ""ताप लहर"" OR ""हीट वेव"" OR ""झुलसाने वाली गर्मी"" OR ""तपती गर्मी"" OR ""भयंकर गर्मी"" OR ""गर्मी का कहर"" OR ""गर्मी का प्रकोप"" OR ""अत्यधिक गर्मी"" OR मौसम OR ""मौसम अपडेट"" OR ""मौसम का हाल"" OR ""मौसम पूर्वानुमान"" OR ""मौसम अलर्ट"" OR आईएमडी OR ""आईएमडी पूर्वानुमान"" OR ""आईएमडी अलर्ट"" OR ""तापमान में बढ़ोतरी"" OR ""गर्मी से राहत"" OR ""गर्मी से निजात"") Andaman and Nicobar Islands","हनोई और वियतनाम के उत्तरी क्षेत्र में भीषण गर्मी कब समाप्त होगी?
आज (4 सितंबर) हनोई और कई अन्य प्रांतों और शहरों में भीषण गर्मी जारी रहेगी। कुछ इलाकों में तापमान 36 डिग्री सेल्सियस से भी अधिक हो सकता है। कल (5 सितंबर) से लू धीरे-धीरे कम होने की संभावना है।
Hà Nội Mới•04/09/2026
अवलोकन आंकड़ों से पता चलता है कि 3 सितंबर को उत्तरी क्षेत्र और थान्ह होआ, न्घे आन और हा तिन्ह प्रांतों के पश्चिमी पर्वतीय क्षेत्रों, क्वांग त्रि से दा नांग शहर तक के क्षेत्र और क्वांग न्गाई प्रांत के पूर्वी हिस्से में गर्म मौसम रहा।
सामान्यतः अधिकतम तापमान 35-36 डिग्री सेल्सियस के बीच रहा, कुछ क्षेत्रों में यह 36 डिग्री सेल्सियस से भी अधिक था। कुछ स्थानों पर उच्च तापमान दर्ज किया गया, जैसे: बाक मे (तुयेन क्वांग) 37.9 डिग्री सेल्सियस, लैंग (हनोई) 36.7 डिग्री सेल्सियस, होई ज़ुआन (थान्ह होआ) 36.7 डिग्री सेल्सियस, ह्यू शहर 37.0 डिग्री सेल्सियस, टैम की (दा नांग शहर) 36.8 डिग्री सेल्सियस...
आपको यह भी पसंद आ सकता है
आज सुबह (4 सितंबर) से उत्तरी क्षेत्र ( हनोई सहित) और थान्ह होआ (क्वांग निन्ह और लैंग सोन को छोड़कर), क्वांग त्रि से दा नांग शहर तक का क्षेत्र और क्वांग न्गाई प्रांत का पूर्वी भाग गर्म मौसम का अनुभव करना जारी रखेगा।
आज हनोई और उपर्युक्त प्रांतों और शहरों में अधिकतम तापमान आमतौर पर 35-36 डिग्री सेल्सियस के बीच रहने की उम्मीद है, कुछ क्षेत्रों में यह 36 डिग्री सेल्सियस से अधिक भी हो सकता है; न्यूनतम सापेक्ष आर्द्रता 50-55% के बीच रहेगी।
राष्ट्रीय मौसम विज्ञान और जल विज्ञान पूर्वानुमान केंद्र का अनुमान है कि 5 से 9 मई तक उत्तरी क्षेत्र (हनोई सहित) और थान्ह होआ, क्वांग त्रि से दा नांग शहर तक का क्षेत्र और क्वांग न्गाई प्रांत के पूर्वी हिस्से में लू धीरे-धीरे कम हो जाएगी।
तीव्र गर्मी और कम आर्द्रता के संयुक्त प्रभाव से, बिजली की बढ़ती मांग के कारण आवासीय क्षेत्रों में विस्फोट और आग लगने का खतरा है। इसके अलावा, लंबे समय तक उच्च तापमान के संपर्क में रहने से निर्जलीकरण हो सकता है।
आपको यह भी पसंद आ सकता है
मौसम विज्ञान एजेंसी ने यह भी बताया कि लू की रिपोर्टों में तापमान का जो पूर्वानुमान दिया जाता है और बाहर का वास्तविक तापमान 2-4 डिग्री सेल्सियस या उससे भी अधिक भिन्न हो सकता है। यह कंक्रीट और डामर जैसी सतहों की स्थिति पर निर्भर करता है।",1.0
Jharkhand Weather: झारखंड में मौसम बदलेगा करवट! रांची समेत पांच जिलों में भारी बारिश का अलर्ट - Jagran,https://news.google.com/rss/articles/CBMiywFBVV95cUxPQTlvc0t2Ulh3N1FBRFhMN0xxNlhydFE2azFJR3g1NGRPbG1HbDlPTF84d0w4UmlVaC0ydHhUVUtsQ1ljRjZTQzhmRnVUOU5zM25EdjI5cmpLZzdSWldKTmxLZ3dVU1QxNkREdmVoVlJXQjZEYVAyNlNLejR3QTA1LUdMWUR3di1naEJXMnd4QnhTQXlacU42Qkl1NnhLRmdMTkNpb3BETmNQbmRTQ2ZtZU5ZLTBrZjBlclRGektjaXRsSTFELUNUZm1INA?oc=5,Jagran,2026-09-04T06:00:00+05:30,hi,Andaman and Nicobar Islands,,"(""पारा चढ़ा"" OR ""पारा पहुंचा"" OR तापमान OR ""तापमान बढ़ा"" OR ""रिकॉर्ड तोड़ गर्मी"" OR ""डिग्री सेल्सियस"" OR ""पारा उबला"" OR ""अधिकतम तापमान"" OR ""तापमान 40 पार"" OR ""तापमान 45 पार"" OR ""तापमान बढ़ने की संभावना"") Andaman and Nicobar Islands","Jharkhand Weather: झारखंड में मौसम बदलेगा करवट! रांची समेत पांच जिलों में भारी बारिश का अलर्ट
झारखंड में अगले पांच दिनों तक मौसम में बदलाव देखने को मिलेगा, जिसमें गरज-चमक और तेज हवाएं चलेंगी। देवघर समेत ...और पढ़ें
HighLights
अगले पांच दिनों तक झारखंड में मौसम में बदलाव की संभावना।
देवघर सहित पांच जिलों में भारी बारिश का येलो अलर्ट जारी।
डिजिटल डेस्क, रांची। झारखंड में अगले पांच दिनों के दौरान मौसम में बदलाव देखने को मिलेगा। मौसम विभाग के अनुसार, चार से आठ सितंबर तक राज्य के अलग-अलग हिस्सों में गरज के साथ वज्रपात और तेज हवा चलने की संभावना है। इस दौरान हवा की गति 30 से 40 किलोमीटर प्रति घंटे तक पहुंच सकती है।
वहीं, पांच सितंबर की सुबह राज्य के पांच जिलों में भारी बारिश की संभावना जताई गई है। मौसम विभाग के अनुसार, देवघर, दुमका, गोड्डा, पाकुड़ और साहिबगंज में भारी बारिश को लेकर येलो अलर्ट यानी सतर्क रहने की चेतावनी जारी की गई है।
पांच जिलों में भारी बारिश की संभावना
मौसम विभाग के अनुसार, इन जिलों में 64.5 से 115.5 मिलीमीटर तक भारी बारिश हो सकती है। इसके अलावा राज्य के अन्य हिस्सों में भी गरज-चमक के साथ बारिश और वज्रपात की स्थिति बन सकती है।
तापमान में धीरे-धीरे बढ़ोतरी
मौसम विभाग के पांच दिवसीय पूर्वानुमान के अनुसार, रांची में चार सितंबर को अधिकतम तापमान 27 डिग्री रहने का अनुमान है, जो सात सितंबर तक बढ़कर 30 डिग्री तक पहुंच सकता है। वहीं जमशेदपुर और सरायकेला में सात सितंबर तक अधिकतम तापमान 34 डिग्री के आसपास पहुंचने का अनुमान है।
पलामू, गढ़वा और चतरा जैसे जिलों में भी आने वाले दिनों में अधिकतम तापमान बढ़ने की संभावना है। मौसम विभाग ने वज्रपात से बचाव के लिए सावधानी बरतने की सलाह दी है।
बता दें कि, झारखंड में बारिश के बीच अचानक बाढ़ का खतरा बढ़ गया है। राज्य के 10 जिलों में अगले 24 घंटे के दौरान फ्लैश फ्लड की आशंका जताई गई है। फ्लैश फ्लड गाइडेंस के अनुसार, कई जलग्रहण क्षेत्रों और आसपास के क्षेत्रों में कम से मध्यम स्तर के अचानक बाढ़ का जोखिम है।",1.0
अल नीनो ने बढ़ाई चिंता: समुद्र के भीतर कुछ हिस्सों में तापमान सामान्य से 8 डिग्री तक ज्यादा; भारत पर क्या असर? - Amar Ujala,https://news.google.com/rss/articles/CBMiyAFBVV95cUxNMHpFdkdSZS1UN1ItRVFVZmhfYnJBUTBIS2VBVmljQV85eXg4WTVJcGRpRnFKQ2Q5czRlSkxoVVEyamZEUWNZRTVqV1o5cXRQLWVwbGVnVXl1M01kQWhKR3FQOGJZcFptN1RJeXpkb3AzVHg5QzY5WXZMM05EOElhd2JjalVSRW93MnFkTFhNaVBTdFZEQkZhbWx6REtyZlZEbWktQXZtZlBtWFdpRnMyUXVrQ25UczZKY1BSb1RlZW5ua0FpblozTNIBzgFBVV95cUxORFpuTVZGSGhJYUlveDg4aURBVjBZM1prclgzaWo2VWwyeXRZV2k0czhPdkotS0wwRmpodEpzN0V2SDk3Z1gtVnU1WFBYaW1kRmJCTjR2SWN5U05DbGxPMl92YktIQkljcU16QVUwT0RLTTE4aTJlX05EblhROUpBWm52OG51R1NwbDBuRjFoYV9DazlUTVJ4RjA2M2g2TmxrLUZ5OWxDRlFHT1FPZERhLUpfSHFVdU42ZksyUDBRQncxZnJkaXZsWHFzbjZtdw?oc=5,Amar Ujala,2026-09-04T08:12:11+05:30,hi,Andaman and Nicobar Islands,,"(""पारा चढ़ा"" OR ""पारा पहुंचा"" OR तापमान OR ""तापमान बढ़ा"" OR ""रिकॉर्ड तोड़ गर्मी"" OR ""डिग्री सेल्सियस"" OR ""पारा उबला"" OR ""अधिकतम तापमान"" OR ""तापमान 40 पार"" OR ""तापमान 45 पार"" OR ""तापमान बढ़ने की संभावना"") Andaman and Nicobar Islands","{""_id"":""6a9a2fdb308272f80908a6ad"",""slug"":""el-nino-concern-pacific-ocean-temperatures-8-degrees-above-normal-impact-on-india-2026-09-04"",""type"":""story"",""status"":""publish"",""title_hn"":""अल नीनो ने बढ़ाई चिंता: समुद्र के भीतर कुछ हिस्सों में तापमान सामान्य से 8 डिग्री तक ज्यादा; भारत पर क्या असर?"",""category"":{""title"":""India News"",""title_hn"":""देश"",""slug"":""india-news""}}
अल नीनो ने बढ़ाई चिंता: समुद्र के भीतर कुछ हिस्सों में तापमान सामान्य से 8 डिग्री तक ज्यादा; भारत पर क्या असर?
सार
प्रशांत महासागर में असामान्य गर्मी ने अल नीनो को लेकर चिंता बढ़ा दी है। समुद्र के भीतर कुछ हिस्सों में तापमान सामान्य से 8 डिग्री तक ज्यादा पहुंच गया है और 2026 के अंत में इसके चरम पर पहुंचने का अनुमान है। भारत में इसका असर सिर्फ मानसून की कमी तक सीमित नहीं रहेगा। बारिश के पैटर्न में कितना बदलाव आ सकता है? पढ़िए रिपोर्ट
विज्ञापन
खबरें लगातार पढ़ने के लिए अमर उजाला एप डाउनलोड करें
या
वेबसाइट पर पढ़ना जारी रखने के लिए वीडियो विज्ञापन देखें
अगर आपके पास प्रीमियम मेंबरशिप है तो
विस्तार
प्रशांत महासागर का असाधारण रूप से गर्म होता पानी दुनिया के मौसम के लिए बड़ी चेतावनी बन गया है। विश्व मौसम विज्ञान संगठन (डब्ल्यूएमओ) ने कहा है कि अल नीनो सक्रिय हो चुका है और आने वाले महीनों में इसके बेहद मजबूत स्थिति में पहुंचने की आशंका है।
इसके फरवरी 2027 तक बने रहने की संभावना करीब 100 फीसदी है। वैज्ञानिकों का अनुमान है कि यह 2026 के अंत में चरम पर पहुंच सकता है। डब्ल्यूएमओ के अनुसार अल नीनो की तीव्रता मापने वाले नीनो 3.4 क्षेत्र में समुद्र की सतह का तापमान सामान्य से 2.6 डिग्री सेल्सियस तक अधिक पहुंच चुका है। जुलाई के अंत से अगस्त के मध्य तक साप्ताहिक तापमान सामान्य से 2.2 से 2.6 डिग्री अधिक दर्ज किया गया। समुद्र के भीतर कुछ हिस्सों में तापमान सामान्य से 8 डिग्री सेल्सियस से भी ज्यादा ऊपर रहा। यह गर्मी अल नीनो के और मजबूत होने का संकेत दे रही है।

विज्ञापन
भारत में सिर्फ मानसून की कमी का खतरा नहीं
भारत के लिए इस बार सबसे महत्वपूर्ण बात यह है कि अल नीनो का असर पूरे देश में एक जैसा नहीं होगा। इसे केवल कमजोर मानसून के खतरे के रूप में देखना सही नहीं होगा। बारिश की मात्रा के साथ उसका वितरण और तीव्रता भी बदल सकती है। 100 से अधिक वर्षों के वर्षा आंकड़ों के अध्ययन से पता चलता है कि अल नीनो के दौरान दक्षिण-पूर्वी और उत्तर-पश्चिमी भारत जैसे अपेक्षाकृत सूखे क्षेत्रों में कुल बारिश और भारी बारिश की घटनाएं घट सकती हैं।
विज्ञापन
इसके फरवरी 2027 तक बने रहने की संभावना करीब 100 फीसदी है। वैज्ञानिकों का अनुमान है कि यह 2026 के अंत में चरम पर पहुंच सकता है। डब्ल्यूएमओ के अनुसार अल नीनो की तीव्रता मापने वाले नीनो 3.4 क्षेत्र में समुद्र की सतह का तापमान सामान्य से 2.6 डिग्री सेल्सियस तक अधिक पहुंच चुका है। जुलाई के अंत से अगस्त के मध्य तक साप्ताहिक तापमान सामान्य से 2.2 से 2.6 डिग्री अधिक दर्ज किया गया। समुद्र के भीतर कुछ हिस्सों में तापमान सामान्य से 8 डिग्री सेल्सियस से भी ज्यादा ऊपर रहा। यह गर्मी अल नीनो के और मजबूत होने का संकेत दे रही है।
विज्ञापन

विज्ञापन
भारत में सिर्फ मानसून की कमी का खतरा नहीं
भारत के लिए इस बार सबसे महत्वपूर्ण बात यह है कि अल नीनो का असर पूरे देश में एक जैसा नहीं होगा। इसे केवल कमजोर मानसून के खतरे के रूप में देखना सही नहीं होगा। बारिश की मात्रा के साथ उसका वितरण और तीव्रता भी बदल सकती है। 100 से अधिक वर्षों के वर्षा आंकड़ों के अध्ययन से पता चलता है कि अल नीनो के दौरान दक्षिण-पूर्वी और उत्तर-पश्चिमी भारत जैसे अपेक्षाकृत सूखे क्षेत्रों में कुल बारिश और भारी बारिश की घटनाएं घट सकती हैं।",1.0
हनोई: आने वाले दिनों में गर्मी बढ़ने की संभावना है। - Vietnam.vn,https://news.google.com/rss/articles/CBMieEFVX3lxTE4tTGFzNy03aHpNTWpJMzhqd0NXRDNUVGk2dDgyc2k5OE45TFQyUHZaallPdFI3VzQtWnI2TXhkbE93aXlrMXF1RXY5M3pLYUp1Z2p6bFBuZkpKZEU3ZDc5MXc5NnJuVmhzdndoUTVZUGdSMnNnRjVncg?oc=5,Vietnam.vn,2026-09-04T14:26:04+05:30,hi,Andaman and Nicobar Islands,,"(""पारा चढ़ा"" OR ""पारा पहुंचा"" OR तापमान OR ""तापमान बढ़ा"" OR ""रिकॉर्ड तोड़ गर्मी"" OR ""डिग्री सेल्सियस"" OR ""पारा उबला"" OR ""अधिकतम तापमान"" OR ""तापमान 40 पार"" OR ""तापमान 45 पार"" OR ""तापमान बढ़ने की संभावना"") Andaman and Nicobar Islands","हनोई: आने वाले दिनों में गर्मी बढ़ने की संभावना है।
5 और 6 सितंबर को हनोई में गर्मी धीरे-धीरे कम हुई और तापमान 34-36 डिग्री सेल्सियस के बीच रहा। हालांकि, 7 और 8 सितंबर को गर्मी फिर से बढ़ने की संभावना है।
Hà Nội Mới•04/09/2026
आज (4 सितंबर) हनोई में धूप खिली रही। दोपहर 1 बजे कुछ स्थानों का तापमान इस प्रकार था: सोन ताई में 34.2°C; बा वी में 33.4°C; लैंग में 33.2°C; हा डोंग में 33.5°C… न्यूनतम सापेक्ष आर्द्रता 47-53% के बीच रही।
उत्तरी वियतनाम मौसम विज्ञान एवं जल विज्ञान केंद्र के अनुसार, ऊपरी स्तर के अपसारी क्षेत्र के कमजोर पड़ने के कारण, हनोई में कल (5 सितंबर) धूप खिली रहेगी, हालांकि कुछ क्षेत्रों में गर्मी भी रहेगी। मौसम 6 सितंबर तक धूप वाला बना रहेगा।
आपको यह भी पसंद आ सकता है
35-36 डिग्री सेल्सियस का उच्चतम तापमान निम्नलिखित वार्डों और समुदायों में दर्ज किया जा सकता है: बा दिन्ह, लैंग, होन कीम, थान जुआन, हा डोंग, होआंग माई, तू लीम, थुओंग कैट, जिया लैम और थान ट्राई।
मौसम विज्ञान एवं जल विज्ञान एजेंसी ने चेतावनी दी है कि 7 और 8 जुलाई को हनोई में लू की तीव्रता फिर से बढ़ने की संभावना है। लू के कारण प्राकृतिक आपदा का खतरा स्तर 1 है।
गर्म मौसम और कम आर्द्रता के प्रभावों के कारण, बिजली की बढ़ती मांग के चलते आवासीय क्षेत्रों में विस्फोट और आग लगने का खतरा है, साथ ही जंगल में आग लगने का खतरा भी बढ़ गया है।
लंबे समय तक उच्च तापमान में रहने से गर्म मौसम में निर्जलीकरण, थकावट और लू लगने जैसी समस्याएं हो सकती हैं। इसलिए, यात्रा करते समय या बाहरी गतिविधियों में भाग लेते समय अतिरिक्त सावधानी बरतनी चाहिए।
आपको यह भी पसंद आ सकता है
मौसम विज्ञान एजेंसी के अनुसार, लू की रिपोर्ट में तापमान का पूर्वानुमान और बाहर का वास्तविक तापमान 2-4 डिग्री सेल्सियस या उससे भी अधिक भिन्न हो सकता है, जो कंक्रीट या डामर जैसी सतह की स्थितियों पर निर्भर करता है।",0.8
FIRST ALERT WEATHER DAYS: Extreme Heat Through Saturday with Severe Storms Possible - FOX Carolina News,https://news.google.com/rss/articles/CBMivwFBVV95cUxPWmFUck5fckpTTkZZXzZSQnd4NFR5bUF3akQ1VUZ2VEVfOXd1dTN3TFI5ZjViNW85b2d5U1IwTFhFWWFGNEgtUWZ1N2E1ZlRQNmdwLVhpRElUS1pXX0NVS1RZeVZ4M0FrNW5jbHlocHJINnhWeDg4WXRBTThIWGpRU21QNEpqVkFWZHRQNlRPcmpGMXRaU21XMnp4R0psVENJYWcxMi13Zi03dVdhVUltQ1hEY1lVcERjeTBsRkpzSdIB0wFBVV95cUxNZDZHX19hQXlnQ1loX1dqUE12REsxZzBINDVaUWpURHNsa0FzeXpFYkNmZ0VQQzIyRGNYYkZqWHFXYXgteUstNTVnblNHRGM1RHpaYXk4eXpEZ3ppVHpscmtsR3lKdU1iOTVXb2h4NHNVVUVnY3JWWHBBTTVEWVJsMzBBN1ZNMzRlVHRuZlB0RGtCd0xLNkxoaEh4YlYtREw3b2NqcFIyQWpranlOZU11WVRfZmlTU3NOa2Z4UXEwYlpiLTNzZ3NZSlRkd2lDVHNZU093?oc=5,FOX Carolina News,2026-09-04T15:39:00+05:30,en,Andaman and Nicobar Islands,,"(heatwave OR ""heat wave"" OR ""severe heatwave"" OR ""extreme heat"" OR ""heat spell"" OR ""scorching heat"" OR ""blistering heat"" OR ""sweltering heat"" OR ""hot winds"" OR loo OR ""hot loo winds"" OR ""intense heat"" OR ""unbearable heat"" OR ""deadly heat"" OR heat OR ""weather forecast"" OR ""weather update"" OR ""weather alert"" OR ""IMD forecast"" OR ""IMD prediction"" OR ""IMD alert"" OR IMD OR ""rising temperatures"" OR ""temperatures expected to rise"" OR ""relief from heat"" OR ""respite from heat"" OR ""heat respite"" OR ""respite from scorching heat"") Andaman and Nicobar Islands","GREENVILLE, S.C. (FOX Carolina) - A dangerous heat wave continues over the Western Carolinas through Saturday, bringing heat indices in the triple digits which is why we have two more First Alert Weather Days. Storms develop Saturday afternoon and evening as a cold front drops into the area bringing a chance for strong to severe storms.
FRIDAY: Dangerous Heat
Another hot day across the Western Carolinas as temperatures soar into the mid-90s on again while the mountains reach the low 90s which is why it’s a First Alert Weather Day.
The heat index in the Upstate tops out 101°-104° making for another day to exercise extreme caution if you plan to be outside.
Isolated showers and storms , but most of the Upstate stays dry. Overnight, it stays muggy with lows in the low to mid-70s Upstate and around 70 degrees in the mountains.
SATURDAY: Hot with Severe Storms Possible
It’s hot ahead of a cold front moving in late Saturday evening. Highs are in the Upstate soar into the mid to upper 90s, possible the hottest day of this stretch thanks to compressional heating ahead of the front. For the mountains, you top out in the upper 80s to low 90s. The only catch is when the storms the develop. If the storms pop earlier, then temperatures won’t reach peak potential.
We start out mostly sunny in the morning but the clouds increase and storms move in Scattered showers and thunderstorms break out after 3 pm, and the severe potential ramps up fast Saturday evening.
A strong cold front triggers stronger to severe storms Saturday evening, mainly after 5 p.m. Damaging wind gusts are the main threat, but large hail up to an inch is possible. Storms continues into the evening before gradually diminishing overnight.
SUNDAY: More Storms, Slightly cooler
Rain chances climb throughout the day, with scattered showers and thunderstorms developing in the afternoon and becoming more likely into the late afternoon and evening.
Scattered storms continue overnight before winding down into the early hours of Monday.
It’s still hot but not quite as bad as previous day. Highs are in the low 90s in the Upstate the mid 80s for the mountains, still running about 5° above normal for early September. The real relief arrives Sunday night with lows in the mid 60s Upstate.
LABOR DAY: Much Cooler, Drier
Labor Day is shaping up to be a fabulous day! Partly sunny skies dominate with just a slight chance for a stray shower, mainly in the morning.
It’s much cooler with highs in the mid 80s for the Upstate which is about where we should be for early September, while the mountains are below normal with highs in the mid 70s. The humidity is also lower so it’s a much more comfortable day.
NEXT WEEK: Gradual Warmup
Mostly sunny skies take over as high pressure parks itself back over the Southeast. Upstate temperatures gradually climb from the upper 80s Tuesday to the low 90s on Wednesday and the mid 90s by Thursday.
Mountains stay cooler, topping out in the low to mid-80s Tuesday and Wednesday and warming toward the upper 80s by Thursday. It doesn’t look quite as humid as our current heat wave but we are still running 5° to 10° above normal for yet another handful of days.
Stay with us for updates. Download the First Alert Weather app to get instant notifications the moment our weather changes. We’ve got you covered.
Feel more informed, prepared, and connected with FOX Carolina. For more free content like this, download our apps.
Copyright 2026 WHNS. All rights reserved.",1.0
"El Nino could be strongest in decades, UN warns - Gulf News",https://news.google.com/rss/articles/CBMilwFBVV95cUxNdnNuY3FCRnNxLWwwbGk4ajk4OVhWOEhsWG1kaXVPM0Q5cUFaYzdSSjRQUFd2S1NOckh4Q19ETjNrYmdsN0VBWE1JRXBvZ3V5T0tUTG5ycENHTVlvQjB3ZTRid1hza1o2bjg0WnFFdEFBbzRjNXNhUjdwZTlfeW5RV1FSdG5wejJNNnVCM05rU1NuVkVid29F0gGqAUFVX3lxTE0tTFhmdjNkWVJmdkVCWEZ1SFdFMHowd3VaVmhsLTBuNmdnNjgweUd2Mk05Nmp4YzBtNVdEUi05UnctSnA3bFMtRmlEZnFxNGpCY2Y3R3huWnpWZDJVeUNkMTJZMlNaWUxOWk9QcDhJTDFnY3ZPRHBCeGhmeTZLMTRHOTJDcGxBSDlKRWdmZ3I4WFRrWm0wOEJWU2FNLV9JLUtzQXN5RUpMb0VR?oc=5,Gulf News,2026-09-04T14:59:11+05:30,en,Andaman and Nicobar Islands,,"(heatwave OR ""heat wave"" OR ""severe heatwave"" OR ""extreme heat"" OR ""heat spell"" OR ""scorching heat"" OR ""blistering heat"" OR ""sweltering heat"" OR ""hot winds"" OR loo OR ""hot loo winds"" OR ""intense heat"" OR ""unbearable heat"" OR ""deadly heat"" OR heat OR ""weather forecast"" OR ""weather update"" OR ""weather alert"" OR ""IMD forecast"" OR ""IMD prediction"" OR ""IMD alert"" OR IMD OR ""rising temperatures"" OR ""temperatures expected to rise"" OR ""relief from heat"" OR ""respite from heat"" OR ""heat respite"" OR ""respite from scorching heat"") Andaman and Nicobar Islands","Weather phenomenon near certain to persist through to February
Geneva: El Nino is forecast to be the strongest since comparable records began four decades ago, the United Nations’ climate agency warned Thursday, with the UN chief saying the world was in the “danger zone of extreme weather”.
The weather phenomenon is set to become “very strong” in the months ahead and is near certain to persist through to February, the World Meteorological Organisation said.
“If this trajectory continues, it may be stronger than anything since our monitoring began,” WMO chief Celeste Saulo told reporters in Geneva.
El Nino will peak towards the end of this year - though its knock-on impacts for the climate will continue well into 2027, said the WMO.
El Nino warms surface temperatures in the central and eastern equatorial Pacific Ocean, bringing worldwide changes in winds, pressure and rainfall.
Heat in the oceans releases more slowly into the atmosphere, pushing up global temperatures the year after it develops.
The powerful 2023-24 El Nino contributed to 2024 being the warmest year on record, and “we should not be surprised if this record is broken”, Saulo added.
“El Nino is firmly established and will intensify into a very strong event in the coming months, with big impacts on rainfall and temperature patterns and associated risks of floods, drought and extreme heat,” the WMO said.
El Nino is a naturally-occurring phenomenon and is not caused by climate change.
But scientists expect it will exacerbate the heat of a planet already warming from burning fossil fuels, while amping up weather extremes.
“El Nino is being supersized before our eyes,” said UN chief Antonio Guterres.
“The science leaves no room for doubt: the planet is in uncharted waters, and those waters are heating up. Sea surface temperatures are rising, temperatures keep climbing, and the world is in the danger zone of extreme weather.”
WMO chief Saulo urged disaster management authorities and climate-sensitive sectors like agriculture, fisheries health, energy and water to prepare themselves.
“This exceptional El Nino... has the potential to deliver a massive blow to communities and economies across the world”, she said.
“We are already seeing disruption and devastation from droughts and floods, and we expect these impacts to increase as El Nino intensifies.”
El Nino typically takes place every two to seven years and lasts around nine to 12 months.
Conditions oscillate between El Nino and its opposite La Nina, with neutral conditions in between.
El Nino can reshape weather and climate patterns thousands of kilometres away from the tropical Pacific.
Wilfran Moufouma-Okia, the WMO’s climate prediction chief, said some places would be affected before, some during and some after the peak later this year - though the strength of the peak is not an indicator of the severity of the impact.
For September-November, WMO forecasts indicate an increased likelihood of above-normal temperatures “across almost all land areas”.
The index which measures sea surface temperature anomalies in the central eastern equatorial Pacific has strengthened from an average 1.5C above normal between May and July.
Weekly values between late July and mid-August ranged from around 2.2C to 2.6C above average, indicating continued El Nino intensification.
The UN agency classifies El Nino events as weak, moderate, strong or very strong - meaning this one is set to reach the highest level out of four.
Moufouma-Okia said the classification meant a sea surface temperature anomaly of more than plus 2C.
“That category is open: we know where it starts; we don’t know where it ends,” he told AFP.
The average forecast is pointing towards an anomaly peaking at plus 3.6C - way higher than the last two very strong El Ninos in 1997-98 and 2015-16.
In some areas, sub-surface ocean temperatures were more than 8C above average during July and early August.
Saulo called this a huge reservoir of “very warm ocean waters that will fuel the intensity of El Nino”.
The UN’s International Organization for Migration agency appealed Thursday for $110 million to protect 4.9 million people from the potentially severe impacts of the phenomenon.",0.8
WILSON CO. SCHOOLS CLOSED FRIDAY DUE TO EXTREME HEAT - WZTV,https://news.google.com/rss/articles/CBMihwFBVV95cUxQS2FUeGJhT0VuMW5JRnA2TVQ4VjlaMnJXVzZ1Qk1xT0tEeGdCajB3cTl5VFNKcE9qdVJZSWZRM0V5b2pFMTFMcnR2cl83ekxMT3BWSzI1RlpZTUc5TThpXzRIOEpULVNkYlBBd3NsdHllaE1udXNtSkNsUVlYSXpFWFd6Wmg0akk?oc=5,WZTV,2026-09-04T07:46:56+05:30,en,Andaman and Nicobar Islands,,"(heatwave OR ""heat wave"" OR ""severe heatwave"" OR ""extreme heat"" OR ""heat spell"" OR ""scorching heat"" OR ""blistering heat"" OR ""sweltering heat"" OR ""hot winds"" OR loo OR ""hot loo winds"" OR ""intense heat"" OR ""unbearable heat"" OR ""deadly heat"" OR heat OR ""weather forecast"" OR ""weather update"" OR ""weather alert"" OR ""IMD forecast"" OR ""IMD prediction"" OR ""IMD alert"" OR IMD OR ""rising temperatures"" OR ""temperatures expected to rise"" OR ""relief from heat"" OR ""respite from heat"" OR ""heat respite"" OR ""respite from scorching heat"") Andaman and Nicobar Islands","Wilson County schools close Friday for extreme heat; classes resume Tuesday
NASHVILLE, Tenn. (WZTV) — Families in Wilson County are getting an unexpected day off as Wilson County Schools announced they will close Friday because of extreme heat.
District leaders said they made this decision after looking at the forecast, which showed high temperatures and heat indexes that could put students and staff at risk.
They shared that having so many people on school buses during the afternoon makes the situation even more concerning.
Officials thanked families for understanding and reminded everyone to stay safe and hydrated during the long, hot weekend.
RELATED | Wilson County fair ride incident
Classes are set to resume Tuesday.",1.0
France Announces €1 Billion Aid for Weather-Hit Farmers Amid Heatwave - Global Banking & Finance Review,https://news.google.com/rss/articles/CBMingFBVV95cUxPYWNMelNGTnRrU1FPR2RudlhMSjVDelNfWmRoWWZpRGZiRjV5b1R5QXNmWlhZZl9Wak1IMDZHb1JQd0FLWFowaUluZjU2el9DbFg5dlc1UmhfMEozdjh6OW1LLVFvbVVYamhRbW1FYW1sTW91M2hfbkVraW1XN0NsTFRpWldVVEk3WmFzdU1remVfbzlSdWt5VXhNUjZudw?oc=5,Global Banking & Finance Review,2026-09-04T12:28:56+05:30,en,Andaman and Nicobar Islands,,"(heatwave OR ""heat wave"" OR ""severe heatwave"" OR ""extreme heat"" OR ""heat spell"" OR ""scorching heat"" OR ""blistering heat"" OR ""sweltering heat"" OR ""hot winds"" OR loo OR ""hot loo winds"" OR ""intense heat"" OR ""unbearable heat"" OR ""deadly heat"" OR heat OR ""weather forecast"" OR ""weather update"" OR ""weather alert"" OR ""IMD forecast"" OR ""IMD prediction"" OR ""IMD alert"" OR IMD OR ""rising temperatures"" OR ""temperatures expected to rise"" OR ""relief from heat"" OR ""respite from heat"" OR ""heat respite"" OR ""respite from scorching heat"") Andaman and Nicobar Islands","France Allocates €1 Billion to Help Farmers After Severe Heatwaves
Government Response to Agricultural Crisis
PARIS, Sept 4 (Reuters) - France on Friday announced more than €1 billion ($1.16 billion) in aid for farmers after this summer's record heatwaves and droughts devastated crops, pastures and water supplies.
The support comes as the government is working on a politically perilous budget for next year, with Paris seeking to keep the deficit under control ahead of a 2027 presidential election.
Details of the Aid Package
""One billion euros represents a massive effort given the current budgetary context,"" Agriculture Minister Annie Genevard told reporters.
Immediate Financial Assistance
About half of the package — €520 million — will be sent out as rapid payments to help farmers deal with weather damage, she said.
Impact on Farmers and Sectors
France's main farmers' union, the FNSEA, said farmers had already suffered at least €10 billion of lost production. The livestock and arable sectors have already estimated their losses at more than €5 billion each.
""The immediate goal is to manage the emergency,"" Genevard said.
About 30,000 to 35,000 farms were in financial trouble, she said.
Long-Term Recovery Measures
The aid plan also creates a €235 million recovery fund to help farms buy seeds, plant and animal feed after droughts left farmland parched. Further measures include land-tax relief, help with social-security payments and a fuel subsidy.
Economic Impact and Future Outlook
The finance ministry has said this summer's dry and hot weather could shave 0.1 percentage points off France's economic growth this year, mainly due to lost farming revenue.
Another heatwave is expected this week in the European Union's largest agricultural producer.
(Reporting by Sybille de La Hamaide, Gus Trompiz, Dominique Vidalon, Sudip Kar-Gupta, editing by Inti Landauro, Tomasz Janowski and Andrew Heavens)",0.5166666666666666
Maxaa ka jira in dhaawaca Taliye Shub loo qaaday dalka Itoobiya? - BBC,https://news.google.com/rss/articles/CBMiXEFVX3lxTE1CUjcxTFYzeEEzYWNURHN0aHVraF9fdnNGdWFQUXVzZ0NZOHIzclJoVHBDakQ3alA4TGJxaGIwQXJyb1NWdlBreUVYb05IbW8ySTgyaUlqVF9sYk1W0gFiQVVfeXFMT2x1RnZNWUItb05NV3Etdl9hUkNLUEluazExbS01N25yV1p0Mjg3MWJ2cjNSN05WdFh0Uk5HNUl6MlBjcHJTYXd3eUpqM1FNdnpGQkRBNTNaR2lFYUswcE0yRWc?oc=5,BBC,2026-09-04T15:28:20+05:30,en,Andaman and Nicobar Islands,,"(heatwave OR ""heat wave"" OR ""severe heatwave"" OR ""extreme heat"" OR ""heat spell"" OR ""scorching heat"" OR ""blistering heat"" OR ""sweltering heat"" OR ""hot winds"" OR loo OR ""hot loo winds"" OR ""intense heat"" OR ""unbearable heat"" OR ""deadly heat"" OR heat OR ""weather forecast"" OR ""weather update"" OR ""weather alert"" OR ""IMD forecast"" OR ""IMD prediction"" OR ""IMD alert"" OR IMD OR ""rising temperatures"" OR ""temperatures expected to rise"" OR ""relief from heat"" OR ""respite from heat"" OR ""heat respite"" OR ""respite from scorching heat"") Andaman and Nicobar Islands","Maxaa ka jira in dhaawaca Taliye Shub loo qaaday dalka Itoobiya?
Warar dheeraad ah ayaa ka soo baxaya duqeyn xalay ka dhacday guri uu magaalada Doolow ee gobolka Gedo ka deggan yahay taliyihii hore ee Ciidanka Asluubta Soomaaliya, Janaraal Mahad Cabdiraxmaan Aadan oo ku magac dheer Taliye Shub.
Duqeynta oo la rumeysan yahay in ay geysatay diyaarad nooca aan duuliyaha lahayn ah ayaa gantaal ku dhufatay guriga abbaare 11:45 habeennimo, waxaana halkaasi ku dhaawacmay shan qof oo ay ku jiraan taliyaha iyo xaaskiisa, sida uu BBC-da u sheegay taliye kuxigeenka ciidamada daraawiishta Jubbaland ee gobolka Gedo Cali Xasan Deer (Cali Abshir).
""Lix saac oo dhiman rubuc ayaa waxaa Doolow soo weerartay diyaarad nooca aan duuliyaha lahayn ah, iyadoo duqeyn u geystay guryo ku yaalla magaalada, si gaar ah waxay u bartilmaameedsatay guri uu dagganaa Janaraal Shub,"" ayuu yiri taliye Cali.
Warar is khilaafsan oo ka soo baxaya dhaawaca taliye Shub ayaa sheegaya in loo qaaday dalka Itoobiya, hayeeshee waxaa warkaasi beeniyay taliye kuxigeenka daraawiishta Jubaland ee gobolka Gedo oo markii weerarku dhacayay aan ka fogeyn guriga la duqeeyay.
""Janaraal Mahad Doolow ayuu ku sugan yahay waa fiican yahay, wax dhibaato ahna ma qabo, maya taasi ma jirto, dhaawiciisa looma qaadin Itoobiya."" Ayuu yiri.
Illaa hadda ma jirto cid sheegatay weerarka ka dhacay degmada Doolow oo ku dhow xadka gobolka Gedo uu la wadaago dalka Itoobiya.
Taliye Shub ayaa la aaminsan yahay in uu kaalin weyn ku leeyahay dagaalka ciidamada Laftagareen ay ka wadaan duleedka magaalada Baydhabo, lamase oga in sababtaas loo bartilmaameedsaday.
Xaaladda haatan ee Baydhabo
Shalay ayaa ugu dambeysay markii magaalada Baydhabo ee gobolka Bay uu ka dhacaydagaal culus oo aroortii ka qarxay bartamaha iyo hareeraha magaalada. Khasaare xoog leh ayaa la soo weriyay oo dhimasho iyo dhaawacba leh.
Illo wareedyo ku dhow Isbitaalka Guud ee Baydhabo ayaa BBC-da u sheegay in dad gaaraya 25 qof oo qaba dhaawacyo kala duwan la dhigay Isbitaalka.
Maamulkii hore ee Koonfur Galbeed ee Cabdicasiis Laftagareen, ayaa sheegay in iyaga ay duullaan ku qaadeen saldhigyada ciidamada dawladda ee gudaha iyo daafaha magaalada Baydhabo.
Maamulka Cusub ee Koonfur Galbeed ee Aadan Madoobe ayaa iyagana sheegay in iska difaaceen weerar ay ku tilmaameen ""in ay si wadajira u soo qaadeen al-Shabaab iyo miliishiyada Laftagareen.""
Madaxweynihii hore ee maamulka Koonfur Galbeed Soomaaliya Cabdicasiis Xasan Maxamed Laftagreen - balse isagu sheegay inuu weli yahay madaxweynaha saxda ah ee maamulkaasi - ayaa dhowaan beeniyay in xiriir uu kala dhaxeeyo al-Shabaab kadib markii dowadda federaalka ah iyo maamulka cusub ee Koonfur Galbeed ay ku eedeeyeen wada shaqeyn in ay kala dhaxeyso Shabaab iyo ciidamo isaga taabacsan oo ku sugun duuleedka Baydhabo.
Laftagareen oo waraysi siiyay BBC-da ayaa sheegay in dadka reer Koonfur Galbeed ay u adkeysan la'yihin dhibaatada lagu hayo shacabka deegaannadaasi, isla markaana ay doonayaan in ay ka dulqaadaan wax uu ku tilmaamay ciidamo ku soo duulay oo deegaanno kale laga keenay.
Maamulkii uu hogaaminayey Cabdicasiis Laftgareen ayaa bishii Maarso magaalada looga saaray dagaal dhex maray ciidan ay hogaaminayeen siyaasiyiin kasoo hor jeeday xukunkiisa oo garab ka haleyey ciidamada dowladda FS iyo ciidanka isaga taabacsanaa.
Dhanka kale, Sheekh Adan Maxamed Nuur oo ku magac dheer Adan Madoobe ayaa horraantii bishii Juun 2026, baarlamaanka dowlad goboleedka Koonfur galbeed u doorteen xilka hugaamiyaha ee dowlad goboleedka sida uu ku dhawaaqay guddoonka baarlmaanka ee dowlad goboleedka.
Sida uu ku dhawaaqay guddoomiyuhu, cod qarsoodi ah oo ay dhiibteen xubnaha baarlamaanka ayuu Aadan helay 88 cod, kaa oo uu ku noqday hugaamiyaha cusub ee dowlad goboleedka Koonfur galbeed.",0.5166666666666666
Sweating it out: Charlotte farmers eager for fall amid September heat wave - WBTV,https://news.google.com/rss/articles/CBMipAFBVV95cUxQWGlKYnl0RENoVVEwam12S1pHQVFuT1JpNFhYLTlla0lneklKaDlENGZiRGpYLVhjdWhWYllzWVF6NHJjVTF1bm1CV3hkYVlhdG4tRF9YZ2w5OVFvaHI1NE1Td3BOdGZwTW8wT3pLMlhKSHA4Y0o0eUhQcUdraERkaENPOHRwTGNrQ2VVb3V4dXlxdzF0V01TeHpMeUVpY3hhTjk3dtIBuAFBVV95cUxOS3REMEZIZEJLMHF2SkN0TnNoNFIwNWV6c0hHbGJDQjQzWVdOZWUta3RLb0Z0ejUzQnB6N0VLTFYwMzlLSWRHbl9PRFdWRG5HM0IzS1lRTnVrR05xZV9FRlBhSDVPb0dxcW14N0xoNFBCSEp6a3YxWTVoMTVXdWJPRU44Y202c2JOSjFZd2czdG5zSkdKUklvTTg0ZnBsakRmbVJJTXo2bzREaGRYdHJhaXVqbVQ1b01i?oc=5,WBTV,2026-09-04T04:23:00+05:30,en,Andaman and Nicobar Islands,,"(heatwave OR ""heat wave"" OR ""severe heatwave"" OR ""extreme heat"" OR ""heat spell"" OR ""scorching heat"" OR ""blistering heat"" OR ""sweltering heat"" OR ""hot winds"" OR loo OR ""hot loo winds"" OR ""intense heat"" OR ""unbearable heat"" OR ""deadly heat"" OR heat OR ""weather forecast"" OR ""weather update"" OR ""weather alert"" OR ""IMD forecast"" OR ""IMD prediction"" OR ""IMD alert"" OR IMD OR ""rising temperatures"" OR ""temperatures expected to rise"" OR ""relief from heat"" OR ""respite from heat"" OR ""heat respite"" OR ""respite from scorching heat"") Andaman and Nicobar Islands","CHARLOTTE, N.C. (WBTV) - A late-summer heat wave has farmers adjusting to the additional strain its putting on their plants and crops.
At McLawland Farms in east Charlotte, the relentless sunshine is a double-edged sword—bringing a burst of life to the farm’s signature “you-pick” flower fields.
For his flowers to survive near triple-digit heat, however, farmer Larry Land, co-owner of McLawland Farms, has to spend extra time on around-the-clock irrigation.
Land, who goes by Farmer Larry, said the heat wave is just another adjustment in an ever-changing weather world.
“Even right now, if you miss your water game, this heat is detrimental,” Farmer Larry said.
For farms across the South, the unseasonable September heat is a threat to their farms. Crops like corn, cotton, and soybeans are highly vulnerable to heat waves, Farmer Larry said.
While some crops are in jeopardy, McLawland Farms’ flower fields are thriving. The primary obstacle now isn’t growing the flowers—it’s convincing customers to brave the sweltering heat to pick them.
“The heat actually—I had to look at it as not just a terrible thing, but as something that could actually be really positive and help me flush my field with fresh flowers again to keep business happy,” Larry said.
Despite the challenges, relief is on the horizon. As summer prepares to turn the corner, Larry is looking forward to the cooler days of autumn and the crowds they will bring.
“It’s hard to believe as we sweat it out right now in 95-plus degree heat, but three weeks from now, it’s a totally different game,” Larry said. “Yesterday was like a Hallmark moment where it’s like, yes, we’re in September. It doesn’t feel like fall yet, but we know fall is around the corner and we’re ready for it.”
McLawland Farms has a series of fall events coming up.
Larry encourages the public to look up local farms near you and support them, given how much work local farms put into adapting to weather challenges.
Copyright 2026 WBTV. All rights reserved.",0.8500000000000001
Firefighters battle 2-alarm abandoned church fire amid intense heat conditions - firstalert4.com,https://news.google.com/rss/articles/CBMiugFBVV95cUxNMEdQNjVNZGFBc2Z4d2NJVV9PVG16dVBGamx6SU84U2p4alhkU1FQdlFIMWtjbEJJT0Zwb1JhTXdVR0FRbVJLRGc1Q2U2SkUzNnFLcTAtREpwM2JDME1qSzdGMVdNRERjbHh5TVFCdmxDTGJqSEFpNUUtTFIyMmJWS2ZfUGxnVU96UFhUQUFHR2lKLXZqYWQtZ2ttdEhwamJWTTVaOHlmbkJpWG1COFh5RjlhZ1liWnVFd2fSAc4BQVVfeXFMTVFuRlAtWUp5Z3BPSHdXZ3ZvV0c5LUtMMzU3WVdzeTc3cl9Lc1l1ME9kYlljNkxhWHNRZW5JRG4yd0g2enlTYnh6MFpJRFNsX2xBc0Naa0xsQXVnTldWaEg4SzRCQ05wMzhoNjFsamxxU3lZb0U3aGhYQ2hOVGxBU3Nmek04b1B5NDlNazNXS0txaTRoOHJRb0tYRW5vX1Z6d2hxVnRMcEtjS0xNT1FoWW9NTWdhU3RKX3pPckltdWR1UXg5aUlkVWU4R1NmNGc?oc=5,firstalert4.com,2026-09-04T16:01:00+05:30,en,Andaman and Nicobar Islands,,"(heatwave OR ""heat wave"" OR ""severe heatwave"" OR ""extreme heat"" OR ""heat spell"" OR ""scorching heat"" OR ""blistering heat"" OR ""sweltering heat"" OR ""hot winds"" OR loo OR ""hot loo winds"" OR ""intense heat"" OR ""unbearable heat"" OR ""deadly heat"" OR heat OR ""weather forecast"" OR ""weather update"" OR ""weather alert"" OR ""IMD forecast"" OR ""IMD prediction"" OR ""IMD alert"" OR IMD OR ""rising temperatures"" OR ""temperatures expected to rise"" OR ""relief from heat"" OR ""respite from heat"" OR ""heat respite"" OR ""respite from scorching heat"") Andaman and Nicobar Islands","ST. LOUIS, Mo. (First Alert 4) - Firefighters worked to put out a second-alarm fire that also caused multiple smaller fires Friday morning at an abandoned church building in north St. Louis.
The St. Louis Fire Department said the call came in around 1 a.m. and that firefighters responded in the area just two days ago to a small brush fire on the same property.
It’s believed that there were items in the church, such as clothes and other combustible things that may have been for donation, that contributed to the severity of the fire. The heat also played a role.
The department noted that no one was injured in the fire, and said one firefighter was treated for heat exhaustion. It took crews two hours to knock out the fire, and at least 60 firefighters were on the scene.
The First Responder Canteen was also on scene to assist in hydrating and cooling the firefighters.
The church has not been active for some time.
This story may be updated as more information becomes available.
Copyright 2026 KMOV. All rights reserved.",1.0
Extreme Heat Warning Through Saturday - First Alert Weather Day - firstalert4.com,https://news.google.com/rss/articles/CBMiqwFBVV95cUxNMUZJaWNJYUJ4am0tTDNyYjU1TnF1cHRZemJueVhYcUdsejFPZEF6S19uMzE4VXozVzZ0cHgwZGRLeHM2TFJoYkp1emU0bWxwYzdNX0dPamxhaTJnZEl5SnM3MUxyT1ZhXy1uN2FZRU5ZT2lyby05R0E4eS1QNE52dkNPSk1jbG1TWFlxR19mazB0R3pPODQ2V2RFYnRoc3k2QUozejFpX0RJVDA?oc=5,firstalert4.com,2026-09-04T02:43:04+05:30,en,Andaman and Nicobar Islands,,"(heatwave OR ""heat wave"" OR ""severe heatwave"" OR ""extreme heat"" OR ""heat spell"" OR ""scorching heat"" OR ""blistering heat"" OR ""sweltering heat"" OR ""hot winds"" OR loo OR ""hot loo winds"" OR ""intense heat"" OR ""unbearable heat"" OR ""deadly heat"" OR heat OR ""weather forecast"" OR ""weather update"" OR ""weather alert"" OR ""IMD forecast"" OR ""IMD prediction"" OR ""IMD alert"" OR IMD OR ""rising temperatures"" OR ""temperatures expected to rise"" OR ""relief from heat"" OR ""respite from heat"" OR ""heat respite"" OR ""respite from scorching heat"") Andaman and Nicobar Islands","Updated: 21 hours ago
A high pressure system continues to drive extensive heat into the region leading to feels-like temperatures up to 106° every afternoon.
Updated: Sep. 2, 2026 at 12:10 PM CDT
The record high in St. Louis for September 2nd is 101°, set in both 1953 and 2011.
Updated: Sep. 2, 2026 at 9:51 AM CDT
The record high in St. Louis for September 2nd is 101°, set in both 1953 and 2011.",0.6833333333333333
Kluckers Abandons in Extreme Heat as Six More Riders Exit Vuelta a España - Outside Magazine,https://news.google.com/rss/articles/CBMirAFBVV95cUxQeVcyZFRaZW5rVHRjQWJDbDFmYllmTGUteVJPWU1KRTBTeEJDaElwWDBmbXlYQzFqbjFtWVptOWhGanJHTG11NzdaMmFCODRxLTY1Ui1WWGZBR1d2ZmRSbTdsVVFvaE1ZRGpUbTVQZVFIa1ItQWVQUzUtRzUtdk5fOWQ4TXg4YVR5dnQtVGhtRDZBeEF3VHFBVkJ1aDFSMHJUbWxvQTIxVHFtR3Vv?oc=5,Outside Magazine,2026-09-04T15:42:41+05:30,en,Andaman and Nicobar Islands,,"(heatwave OR ""heat wave"" OR ""severe heatwave"" OR ""extreme heat"" OR ""heat spell"" OR ""scorching heat"" OR ""blistering heat"" OR ""sweltering heat"" OR ""hot winds"" OR loo OR ""hot loo winds"" OR ""intense heat"" OR ""unbearable heat"" OR ""deadly heat"" OR heat OR ""weather forecast"" OR ""weather update"" OR ""weather alert"" OR ""IMD forecast"" OR ""IMD prediction"" OR ""IMD alert"" OR IMD OR ""rising temperatures"" OR ""temperatures expected to rise"" OR ""relief from heat"" OR ""respite from heat"" OR ""heat respite"" OR ""respite from scorching heat"") Andaman and Nicobar Islands","Arthur Kluckers, center, was forced to abandon Thursday after being dizzy during the stage. (Photo: Alexander Hassenstein/Getty Images)
The Vuelta a España peloton is melting faster than ice in a glass of sangria as a heatwave collides with the Spanish grand tour.
Stage 12 brought another brutal toll Thursday as six riders left the race, including three who did not start and three who abandoned during the stage.
Tudor Pro Cycling’s Arthur Kluckers was transported to a hospital in an ambulance after struggling in temperatures that reached 38°C (100°F).
Team officials told Velo that Kluckers felt dizzy but did not lose consciousness.
“During today’s 12th stage of La Vuelta, Arthur Kluckers suffered from the heat and, unfortunately, was forced to abandon the race,” a team note read. “He underwent examinations by the team’s medical staff, which were reassuring. Arrangements are being made for his prompt return home.”
The official Vuelta medical report classified the incident as a “syncopal episode” and said Kluckers received treatment before being transported by ambulance after responding well.
Tudor subsequently clarified that the Luxembourg national champion did not pass out.
Conditions were brutal across Thursday’s climbing stage to Calar Alto, with temperatures soaring under a “heat dome” that’s covering Spain.
Visma-Lease a Bike also lost Ben Tulett, who remained affected by injuries sustained in the stage 8 crash that ended Tadej Pogačar’s race.
“Unfortunately, Ben Tulett will not start today’s stage of La Vuelta due to lingering issues from his crash a few days ago,” Visma said.
Tulett’s departure compounded a difficult day for Visma as 2023 Vuelta champion Sepp Kuss — who also crashed with Pogačar — struggled on the summit finish and slipped to eighth overall.
UAE Emirates-XRG lost its third rider when Jay Vine abandoned after several days of illness.
“Unfortunately Jay Vine has been feeling unwell the past few days and on today’s stage 12 was unable to finish the race. He will now travel home for rest and recovery,” the team said.
UAE had already lost Pablo Torres, who did not finish stage 9, and Pogačar.
Hamish McKenzie (Jayco-AlUla), David Gonzalez (Pinarello-Q36.5), and Lindsay De Vylder (Alpecin-Premier Tech) also left the race Thursday as crashes, illness, fatigue, and oppressive temperatures continued to thin the peloton.
NSN’s Alexey Lutsenko will not start Friday’s stage 13, who confirmed earlier he would retire at the end of 2026.
Conditions could become even more punishing Friday.
Temperatures during stage 13 could reach 40°C (104°F), with an official “yellow heat warning” in effect from the Alto del Legionario to the finish in Loja.
A heat dome is trapping hot air across the Iberian Peninsula, prompting race officials to again loosen feeding regulations.
Teams will be allowed to hand riders musettes loaded with water bottles inside designated bottle zones during Friday’s stage.
Twenty-five riders have left the race through the opening 12 stages, a figure roughly in line with the attrition typically seen by the halfway point of La Vuelta.
The names and circumstances, however, make the 2026 Vuelta different.
Pogačar became the first red jersey to crash out of the Vuelta since Igor Antón in 2010 when his high-speed fall ended his race on stage 8.
The world No. 1 returned home Wednesday following surgery, and there’s no still no official word if he might be able to race the Montréal road worlds later this month.
Mads Pedersen, Kaden Groves, Cian Uijtdebroeks, Josh Tarling and George Bennett are also among the other star riders already gone.
Extreme heat is expected to continue across the weekend, forecasters said.",0.8500000000000001
"FORECAST: Heat wave continues before weekend cooldown, chance of storms - WSOC TV",https://news.google.com/rss/articles/CBMizAFBVV95cUxOYjFoSG5XZ3lUcVhMZU96cVdudTZ4cmFicF9WeXZfaTJMZ3FHT21peVhzN0RpWXg1N0paWmQ0YVFSc0tWSGFYcllGRWJHNWlVcGhvUkhOOUpuR0lyWFFxcHExNkRILWNkU1lCclJtR1lhbk1tNlI1cE5hR2xkenVYUEpOS1dLZFhOZTU2YXN5cmFET3RkRnF6eGVOMmg3ZWlnMDNPZUFwZ2wycTlpMEgwUG5BaVlGanNDWlVobGFiQUVBQ1hWOUVCdThjLWQ?oc=5,WSOC TV,2026-09-04T16:06:44+05:30,en,Andaman and Nicobar Islands,,"(heatwave OR ""heat wave"" OR ""severe heatwave"" OR ""extreme heat"" OR ""heat spell"" OR ""scorching heat"" OR ""blistering heat"" OR ""sweltering heat"" OR ""hot winds"" OR loo OR ""hot loo winds"" OR ""intense heat"" OR ""unbearable heat"" OR ""deadly heat"" OR heat OR ""weather forecast"" OR ""weather update"" OR ""weather alert"" OR ""IMD forecast"" OR ""IMD prediction"" OR ""IMD alert"" OR IMD OR ""rising temperatures"" OR ""temperatures expected to rise"" OR ""relief from heat"" OR ""respite from heat"" OR ""heat respite"" OR ""respite from scorching heat"") Andaman and Nicobar Islands","Sections
WATCH
81
°
WATCH
News
Weather
Stream Now
9 Investigates
Action 9
Sports
Tracking the Tropics
The Political Beat
Your704
Community
Steals and Deals
News
Latest Links
Light Rail Attack
The Political Beat
Continuing Coverage
Hurricane Helene
Talking About Race
Climate
Power Grid Security
Black History in the Carolinas
Streaming/Mobile Apps
Newsletter Sign-up
(Opens in new window)
Weather
Tracking the Tropics
Severe Weather Resources
Interactive Radar
7-Day Forecast
Hour by Hour
Video Forecast
School Closings
Report Closings
Closings Instructions
WSOCTV Weather Apps
9 Investigates
Stream Now
Live Stream
WSOC 24/7 News
Weather 24/7
Law & Crime
Gusto TV
Action 9
Sports
Carolina Panthers
Charlotte FC
High School Football
Community
Carolinas Get Real
Preventing Child Abuse
Priced Out Of Charlotte
Mental Health Resources
Faces of Pride
Family Focus
9 Food Drive
9 School Tools
9 Coats for Kids
9 Crisis Help
Carolina Strong
Black History Month
Back to School
Steals and Deals
Traffic
Gas Prices
Your704
Contests
(Opens in new window)
Contact Us
Advertise with Us
TV64
Daily 2 Video
What's on Channel 9
What's On TV64
Closed Captioning
Visitor Agreement
Privacy Policy
Telemundo
Celebrando la Herencia Hispana
Programas de Telemundo
Contactanos
WSOC Now
Resize:
Drag to Resize Video
Live Streams
WSOC Now
WSOC 24/7 News
WSOC Weather 24/7
StreamAmerica™
Inside look at law enforcement & true crime
Your one-stop shop for delicious dishes
Latest Local Videos
Good Morning America Live from Bank of America
FORECAST: Heat wave continues before weekend cooldown, chance of storms
Louisiana judge rules against NCAA, clearing path for ex-NFL players to join LSU roster
Man arrested after fatal hit-and-run, second crash in south Charlotte
Homicide victim’s father drawn into Senate campaign battle
Accomplished marathoner running Around the Crown 10K with her 2 children
Hamlet community remembers lives lost in Imperial Foods fire 35 years ago
Fort Mill Academic Hub gets $1 million, to offer education opportunities
Land donor’s grandson urges YMCA to rethink Morrison sale
Former bus driver accused of relationship with student caught while boarding cruise ship
Big 22: Rock Hill’s Kaiden Watkins
Homeowner finds leak, plumber believes crews left building materials in lines
Gaston County seeks $300M DOJ grant for jail and crime lab upgrades
Man arrested after fatal hit-and-run, second crash in south Charlotte
Family behind Morrison YMCA says sale broke trust with Y
2 found dead after domestic incident in Catawba County
Weather
Wednesday night's forecast with Chief Meteorologist John Ahrens
Wednesday evening's forecast with Chief Meteorologist John Ahrens",0.6833333333333333
Area under extreme heat warning - Daily Gate City,https://news.google.com/rss/articles/CBMi1wFBVV95cUxPUzdPWW13LWhvV1RPVWVncGF2d2NqMHoyTjRCQU05UFNGUWFMcHJnWV8xSkU1UjFENnpjTkxBNHVxRUxtOTFEMGppWk9yUUZwemZuWkUyN3oyYzFBUmJCZ1BRWXVHRlo0R2JmMGVfQkw5ZmNwQUlMMzdDYTJBZDcwd1NQQlFOYmFGN2Jyam9QWGtueHVoVHVmS05Ba0FlNEoya29CZjJNOVNPWUxLcFJ6alpCem12SzAzZ1h4eXhBVXFoc2ZIQmJCQ3NCZ3hEUkhzZDhyTTY3bw?oc=5,Daily Gate City,2026-09-04T10:30:00+05:30,en,Andaman and Nicobar Islands,,"(heatwave OR ""heat wave"" OR ""severe heatwave"" OR ""extreme heat"" OR ""heat spell"" OR ""scorching heat"" OR ""blistering heat"" OR ""sweltering heat"" OR ""hot winds"" OR loo OR ""hot loo winds"" OR ""intense heat"" OR ""unbearable heat"" OR ""deadly heat"" OR heat OR ""weather forecast"" OR ""weather update"" OR ""weather alert"" OR ""IMD forecast"" OR ""IMD prediction"" OR ""IMD alert"" OR IMD OR ""rising temperatures"" OR ""temperatures expected to rise"" OR ""relief from heat"" OR ""respite from heat"" OR ""heat respite"" OR ""respite from scorching heat"") Andaman and Nicobar Islands","The National Weather Service continues to warn of extreme heat in the state, particularly in the area along and south of I-80, lasting through today, with heat indices of 100-110 and nighttime lows in the 70s.
A heat index is measured by combined temperatures plus humidity.
The extreme heat warning, as of Thursday afternoon, is expected to last until 7 p.m. Friday, Sept. 4.
It will still be hot and humid through Labor Day weekend, though slightly cooler than earlier in the week.
According to the NWS, heat-related illnesses can easily occur, especially in those who are outside for longer amounts of time or are sensitive to heat. The service reports a south wind of 7-10 mph, which offers little reprieve.
The NWS warns people not to leave children or pets inside cars, and recommends hydrating and taking frequent breaks inside.
Heat can be very taxing on the body and can lead to heat related illnesses or make existing health conditions worse, according to the National Weather service. Especially vulnerable are young children and infants, “are particularly vulnerable to heat-related illness and death, as their bodies are less able to adapt to heat than are adults.”
Also vulnerable to heat-related illness are older adults, “particularly those who have pre-existing diseases, take certain medications, are living alone or have limited mobility who are exposed to extreme heat can experience multiple adverse effects,” according to the NWS.
The NWS states that people with chronic medical conditions and pregnant women are more susceptible to the effects of a heat wave.
The NWS also estimates wet bulb globe temperatures. Wet bulb globe temperatures measures heat stress in direct sunlight, taking factors such as temperature, relative humidity, wind, cloud cover and sun angle into account. The weather service predicts those temperatures to decrease from a high of 88 on Friday to 86 Saturday and the low 80s Sunday and into next week.
Saturday is expected to be exceptionally humid, with temperatures in the 90-95 range and down to as low as 65 at night.
Sunday should be cooler and less humid, with temps in the 83-89 range and nighttime lows around 62-68 degrees.
Labor Day will likely be similar to Sunday.",1.0
"Post-summer skin repair: What the sun, heat and dehydration have really done to your face - Luxury Lifestyle Magazine",https://news.google.com/rss/articles/CBMi2gFBVV95cUxPcXBlUk5RYnNkQnpnSk92Q3UzQmxabGpOTk5tWjZPRHVfaFdKTjdlcHFXS0I2Z0QzNW5VcEVVRXNUOHBxSkFYUFJQdnBVeWFYbmtvb21MRFJueVVSRjNScURmRy0tbTVrZ2YwZFFzUVl3THEyLXZWcWF3eFN1dEJmSFpiazF6ME1GOWlHcklHTVVXajRBLWhCenc5MGJNMVp5dzhsMC1ManBScVQ4d3RJZW02TXdKNl8wT3haN3pHQy1aQ2NJZ1dCc0ctYW9PdG5FMDF0Wk5OUTFSUQ?oc=5,Luxury Lifestyle Magazine,2026-09-04T14:30:00+05:30,en,Andaman and Nicobar Islands,,"(heatstroke OR ""heat stroke"" OR sunstroke OR ""heat exhaustion"" OR ""heat-related death"" OR ""heat casualty"" OR ""heat fatality"" OR ""suspected heat death"" OR dehydration OR ""heat cramps"" OR ""heat illness"") Andaman and Nicobar Islands","Words by Dr Riaz Agha, consultant plastic and reconstructive surgeon at Harley Clinic Group
As summer afternoons fade into crisp autumn evenings, many return from Mediterranean escapes with a bronzed complexion. Yet, beneath that golden post-holiday glow, the reality is often quite different.
Once the tan recedes, a less welcome transformation takes its place. Fine lines appear more pronounced, skin texture loses its smooth finish, and hyperpigmentation emerges where skin was clear. After weeks of sunshine, heat, chlorine, and seawater, the skin barrier is left compromised and lacking moisture.
While we associate summer with health, continuous UV exposure, heat, and dehydration quietly inflict long-term damage. As many find upon returning home, this damage does not always reveal itself immediately.
The culprit behind cumulative damage
Ultraviolet radiation remains the primary contributor to premature skin ageing, known as photo aging. While a rich tan is celebrated as a hallmark of wellness, it is actually the skin’s biological defence mechanism responding to cellular stress.
UV rays work relentlessly across two distinct wavelengths:
UVA radiation: Penetrates deep into the dermal layer, degrading collagen and elastin fibers that maintain firmness and volume. UVA rays remain constant year-round.
UVB radiation: Targets upper epidermal layers and is responsible for sunburn, surface inflammation, and cellular alterations.
Over time, cumulative exposure manifests as loss of elasticity, deep-set lines, uneven tone, and dark spots. A single luxury getaway will not alter skin architecture overnight; photo ageing is cumulative. What appears in the mirror post-summer is frequently the result of several seasons of exposure surfacing.
Heat, humidity, and environmental stress
Beyond direct sunlight, warmth presents aesthetic challenges. Elevated temperatures trigger perspiration, accelerating moisture loss from the skin surface and destabilising its natural lipid balance.
When combined with air conditioning, hot showers, and swimming, the natural skin barrier – the shield keeping moisture locked in – becomes severely disrupted.
Confronted with post-holiday dullness, many instinctively initiate an aggressive corrective regimen. Active exfoliating acids, physical scrubs, and complex routines are introduced to polish away dry skin.
Crucially, this approach yields the opposite result. Following intense environmental exposure, skin requires restorative support rather than harsh interventions. Stripping an already compromised barrier exacerbates inflammation and delays recovery.
Dehydration vs. structural ageing
It is vital to distinguish between structural ageing and dehydration. When the outermost epidermal layer suffers water loss, skin shrinks slightly, rendering fine lines more visible and giving the complexion a parched appearance.
This does not mean you have suddenly developed permanent wrinkles; dehydration simply accentuates existing lines. While daily water intake is essential for health, specialised topical formulations are vital for restoring plumpness to outer layers.
Key humectant ingredients for your autumnal routine include:
Hyaluronic Acid: A master molecule capable of holding up to 1,000 times its weight in water, binding moisture within the skin matrix.
Glycerin: A classic humectant that draws water into the outer layer, soothing tightness and smoothing surface texture.
Rushing to throw multiple active ingredients at an irritated skin barrier is rarely the answer. A streamlined approach yields far better results.
The autumn recovery protocol
Restoring skin vitality after summer does not require an overhaul of your vanity cabinet. Focus on a disciplined routine designed to support cellular repair:
Maintain daily SPF: Sunlight does not lose damaging potential simply because summer has ended. Broad-spectrum SPF 30 or 50 must remain a daily essential year-round to prevent photo-damage.
Prioritise barrier repair: Utilise gentle cleansers alongside lipid-rich moisturisers designed to replenish lost ceramides and nourishing oils.
Introduce actives mindfully: Antioxidants such as vitamin C provide protection against free radicals. Integrate retinoids or exfoliating acids gradually.
Advanced in-clinic treatments
When post-summer changes involve persistent dermal issues, such as melasma, sun spots, redness, or laxity. Professional in-clinic treatments offer target-driven solutions.
Modern restorative dermatology utilises bespoke interventions, including chemical peels, microneedling, or laser therapies to address underlying photo-damage. However, aesthetic medicine is never one-size-fits-all. Skin phototypes, damage degree, and barrier integrity must be evaluated prior to treatment.
Furthermore, clinical procedures should never be conducted on skin that remains actively irritated or sunburnt. Allowing skin time to settle ensures optimal safety and superior results.
The verdict
The most effective skin repair strategy is continuous prevention. Rather than waging war on your face when summer ends, allow the skin barrier time to recover naturally, defend it against ongoing UV exposure, and keep your routine simple. Nurturing skin throughout autumn lays the groundwork for lasting radiance, ensuring your complexion remains refined and resilient throughout every season.",0.8333333333333333
Walk for Recovery canceled in Lynchburg; EMS urges precautions as heat wave continues - WSET,https://news.google.com/rss/articles/CBMizwFBVV95cUxNSHpGeHJuTWVXb183RnZPQUdSbW1ZWHlNek12RGxKeUxHdE5RSWk3NFRwU3o5N2ZuSkpERUVld3VtRkFKZ2Z0QW1JNm4wbHRtRmVIdTJ6NnhWZDl4SUI3RGNDZk51b0EyMGNXWnVLZkhSNEcwM3NkeWUzeTE2YlhKYjB2UnAtTzA3eDE0ZVoyODRvLXdRODUwWlJSOWxpNTRUVTQ5ajd0ajZDcU4xdkhJamdmMU9ReGw1RFYyemFaUFhqTTJkRVo0VVVSMDdTMm8?oc=5,WSET,2026-09-04T05:22:32+05:30,en,Andaman and Nicobar Islands,,"(heatstroke OR ""heat stroke"" OR sunstroke OR ""heat exhaustion"" OR ""heat-related death"" OR ""heat casualty"" OR ""heat fatality"" OR ""suspected heat death"" OR dehydration OR ""heat cramps"" OR ""heat illness"") Andaman and Nicobar Islands","Walk for Recovery canceled in Lynchburg; EMS urges precautions as heat wave continues
LYNCHBURG, Va. (WSET) — Extreme heat forced organizers to cancel the annual Walk for Recovery event at Miller Park in Lynchburg Thursday.
First responders say that when it comes to exercise in this heat wave, it's better to be safe than sorry.
Lynchburg Fire Department EMS Supervisor Hunter Guill says heat stroke can develop in a matter of minutes, making it important for people to recognize the warning signs before a heat-related illness becomes an emergency.
""Your body gives a lot of warning signs on the way up to heat stroke,"" Guill said. ""Heat stroke is the true emergency, if you will. Once somebody stops sweating outside, that's when it's our big concern, and that's when it becomes deadly for them.""
Guill said crews prepare throughout the summer for heat emergencies.
SEE ALSO: Lynchburg sets new record high temperature, breaking mark set in 1912
Emergency vehicles are stocked with supplies such as instant ice packs that can be used to quickly cool patients experiencing severe heat exhaustion or heat stroke.
""When we have patients that are in heat stroke, or truly, truly advanced heat exhaustion, we'll put them all over,"" Guill said.
But firefighters face heat risks, too, particularly when working outside in heavy turnout gear.
Guill said the heat is a threat to their work, so crews take shifts when possible to limit the amount of time individual firefighters spend working in extreme heat.
For first responders and hobby joggers alike, Guill said people shouldn't wait until they feel thirsty to start drinking water.
He recommends drinking water well before heading outdoors and replacing electrolytes when spending extended periods in the heat.
While Lynchburg crews have only seen a few heat-related incidents during the current heat wave, Guill said people should continue taking precautions.
If someone begins showing signs of a serious heat-related illness, first responders say not to hesitate to call 911.",1.0
Beat the heat: Emergency officials urge caution during heat advisory - WYMT,https://news.google.com/rss/articles/CBMinAFBVV95cUxPaExqdW5sRjFHcjdUczJqWlh1c0lnYkwtLVBDZ2p2NkhVUFZmaHdDbVFpZzVrek9HajhsUzREYVNtN3FiTUNjbGFQdnB4aENfaWRtWFkxRmlUY1lhV1UzTlhXTVpJb3hNY3BSejlDQm5Na1Zya0VhWXpYVlpYTXRPS013YWxhbWZoMjJrbWtmSVJQOWVrTl9ZNklqWWHSAbABQVVfeXFMTmZmdDF5U3dBdHRTaWhsRlRMeS0zbklHZy1Nc1hkc3JCRmZVRVVLV29XT2VBWXI4MWRIa3VlNXJaNUlIcE9TeTE3T25IRDhSYldvNnAzcG1JRTZnNGFwd3hUTkdNRzU4U29wc2VmRE9vcTJLbU9tM192ZF9zWkdKQUF4NFpxYUI0VVJvSXYtMDNQS0JPT2hqdmdQT0U4TEotcDhJU0I4TkhWRVRMNlkxcHk?oc=5,WYMT,2026-09-04T03:41:00+05:30,en,Andaman and Nicobar Islands,,"(heatstroke OR ""heat stroke"" OR sunstroke OR ""heat exhaustion"" OR ""heat-related death"" OR ""heat casualty"" OR ""heat fatality"" OR ""suspected heat death"" OR dehydration OR ""heat cramps"" OR ""heat illness"") Andaman and Nicobar Islands","PIKEVILLE, Ky. (WYMT) - Emergency management officials are urging extra caution this week as feels-like temperatures for some areas reach triple digits heading into Labor Day weekend.
Pike County Emergency Management Director Nee Jackson said some areas will see a heat index of more than 100 degrees as a heat advisory continues for most through Friday evening.
“It’s not abnormal for us to have hot temperatures in September, but with the heat index, reaching these levels, always want to make sure that you try to limit the outdoor activities,” Jackson said. “With temperatures like this, you’ll sweat so much more and you’re going to deplete that hydration that you have.”
Jackson said staying hydrated, avoiding alcohol, limiting time outdoors, and dressing for hot weather are crucial. He said people should also pay extra attention to their health, to make sure heat exhaustion and heat stroke are not a concern.
“Headaches, muscle aches, fatigue, dizziness ... if you stop sweating, that’s one of the telltale signs that you maybe you may be reaching a trouble spot,” Jackson said.
Jackson said if being outside is unavoidable and warning signs appear, people should never ignore them.
“Stop what you’re doing try to make your make your way to a shady spot. Try to cool the back of your neck your armpits then your knees you’re groin area. Those are some areas that you can bring your temperature down quicker,” Jackson said.
Jackson also encouraged people to keep an eye on neighbors and more vulnerable populations.
Outdoor pets should also have access to shade and plenty of water as the heat risk lingers.
You can keep up with the weather forecast by downloading the WYMT Weather app.
Copyright 2026 WYMT. All rights reserved.",1.0
Simmonds Marshall Ltd Hits All-Time High of Rs 249.90 as Momentum Builds Across Timeframes - MarketsMojo,https://news.google.com/rss/articles/CBMixwFBVV95cUxNdUMxZ3UySWdsNEtaakh0VmxRV2hIUVBjZFFIR1g1QmpTSDBpVnZzS3FIQXdqUzV2cHBJZWV6WnpGSXRCYzFLWlBrUnpJellQa25lN0VzVVlBVF91R0NsU1BlNExfcWh1Qkh2SGFLRXpCN1R1YmxRRnJPWkN0X3JoWmRqcHltdm5uY2NXSHAyNG1aazBzd3M1T3dTMlRwSE5wY1lTNXRmcWJlTy1GbjB1WWRSSjk3N1NMalNNUE1DWFVUc0FRUkY4?oc=5,MarketsMojo,2026-09-04T12:37:44+05:30,en,Andaman and Nicobar Islands,,"(""mercury soars"" OR ""mercury crosses"" OR ""temperature soars"" OR ""record temperature"" OR ""all-time high"" OR ""degrees Celsius"" OR ""maximum temperature"" OR ""hottest day"" OR ""temperature crosses 40"" OR ""temperature crosses 45"" OR ""temperature likely to rise"") Andaman and Nicobar Islands","Record-Breaking Price Movement
On 04 Sep 2026, Simmonds Marshall Ltd’s stock surged to an intraday high of ₹249, closing near its 52-week peak of ₹249.05, just 0.34% shy of this record. The stock outperformed its sector by 3.29% and the broader Sensex index by a substantial margin, registering a day gain of 4.19% compared to Sensex’s 0.89%. This price movement capped a remarkable five-day winning streak during which the stock delivered a cumulative return of 26.72%.
The stock’s performance over various timeframes further underscores its strength. Year-to-date, it has appreciated by 103.42%, vastly outpacing the Sensex’s decline of 9.85%. Over the past year, the stock has risen 61.75%, while the Sensex fell by 4.82%. Longer-term returns are even more impressive, with a three-year gain of 313.06% and a five-year surge of 540.77%, dwarfing the Sensex’s respective gains of 17.07% and 32.17%. Even over a decade, Simmonds Marshall Ltd has outperformed the benchmark, delivering 212.38% growth against Sensex’s 169.27%.
Technical Indicators Signal Bullish Momentum
The technical landscape for Simmonds Marshall Ltd is decidedly positive. The stock is trading above all key moving averages—5-day, 20-day, 50-day, 100-day, and 200-day—indicating sustained upward momentum. The overall technical trend is classified as bullish, a status that was upgraded from mildly bullish on 03 Aug 2026 when the stock crossed ₹212.05.
Key technical indicators reinforce this outlook. Weekly and monthly MACD and Bollinger Bands readings are bullish, while the Dow Theory also supports the upward trend. Although the KST indicator shows mild bearishness on a weekly basis, the monthly signal remains bullish. Immediate support is strong at the 52-week low of ₹101.40, with resistance levels previously encountered at the 20-day moving average area of ₹205.62 and the 100-day moving average at ₹186.45 now decisively surpassed.
Valuation Metrics Reflect Reasonable Pricing
At the current price of ₹249.90, Simmonds Marshall Ltd trades at a price-to-earnings (P/E) ratio of 16 times trailing twelve months earnings, which is moderate for the sector. The price-to-book value stands at 4.61 times, while enterprise value multiples include EV/EBITDA at 10.02 times and EV/EBIT at 12.59 times. The EV/Sales ratio is 1.35 times, and EV/Capital Employed is 2.68 times. Notably, the PEG ratio is low at 0.26, suggesting that the stock’s price growth is not excessively stretched relative to earnings growth.
Dividend metrics indicate a latest dividend of ₹0.5 per share, with the last ex-dividend date recorded on 05 Sep 2019. Dividend yield data is not available, and the payout ratio remains unspecified.
Financial Trends Highlight Growth and Leverage
Recent financial trends for Simmonds Marshall Ltd show a positive trajectory. The company’s net sales for the latest six months reached ₹130.68 crores, growing 21.65% over the prior period. Profit after tax (PAT) for the same period stood at ₹8.27 crores, reflecting a robust growth rate of 60.27%. Return on capital employed (ROCE) for the half year peaked at 19.86%, while the debt-to-equity ratio was at a manageable 1.15 times, the lowest in recent periods.
However, cash and cash equivalents were relatively low at ₹0.09 crores, indicating limited liquidity buffers. Despite this, the company’s delivery volumes have shown significant improvement, with a 1-month delivery volume increase of 206.61% and a 1-day delivery change of 68.14% compared to the 5-day average, signalling strong market participation.
Quality Assessment Reflects Mixed Fundamentals
Simmonds Marshall Ltd’s overall quality grade is below average, reflecting certain structural and financial constraints. Management risk and capital structure are rated below average, while growth metrics are positive. The company has demonstrated a 5-year sales compound annual growth rate (CAGR) of 9.28% and an impressive 5-year EBIT growth of 63.04%. However, leverage remains elevated with an average net debt-to-equity ratio of 1.15 and average debt-to-EBITDA of 2.31, indicating moderate indebtedness.
Profitability ratios such as average return on capital employed (ROCE) at 7.18% and return on equity (ROE) at 10.36% are considered weak relative to industry standards. The average EBIT to interest coverage ratio of 1.55 times also points to limited cushion for interest obligations. On the positive side, the company has no promoter share pledging and maintains a tax ratio of 15.29%.
Market Capitalisation and Rating Update
Simmonds Marshall Ltd is classified as a micro-cap company in the Auto Components & Equipments sector. The stock’s Mojo Score stands at 57.0, reflecting a Hold rating by MarketsMOJO. This rating was upgraded from Sell on 06 Apr 2026, indicating an improved outlook based on recent performance and fundamentals.
Summary of the Stock’s Journey to the Peak
The stock’s ascent to its all-time high price is the culmination of sustained gains over multiple time horizons, supported by strong sales and profit growth, improving technical indicators, and reasonable valuation multiples. The consistent outperformance relative to the Sensex and sector benchmarks highlights the company’s resilience and market appeal. While certain quality metrics suggest areas for improvement, the overall financial and technical picture underscores a significant milestone for Simmonds Marshall Ltd.
As of 04 Sep 2026, the stock’s performance and valuation reflect a company that has successfully navigated its market environment to reach new heights, marking a noteworthy chapter in its corporate and shareholder value creation history.",0.5166666666666666
Telge Projects Ltd Hits All-Time High of Rs 203.90 as Momentum Builds Across Timeframes - MarketsMojo,https://news.google.com/rss/articles/CBMi1AFBVV95cUxQc0VCcjNBV0dQX2VxUXFyd0p3UEtQSC11UktyV25GQmlYTXlpWHhLQWJHYjVXbHRoX3hVVFpRR1haYnNveTdsTjh6eE5tQlhENnZoeUplSWQzbE9ERzZYWURfbzNvLU9YYzlXaFNpVVpCWFljUVB1VXlzRmIxWXhMNEFZaTJ1MlMzdEE2YS1SUkctd3R1X3lLaEt4Xy1DbE1lVjF0dGhzLUFZXzFjTlhSdk11Mm9ZbWxPMmlpZnZmUkRKb2pMYkI2RzZiaEx5WGJvTGVVRQ?oc=5,MarketsMojo,2026-09-04T13:25:15+05:30,en,Andaman and Nicobar Islands,,"(""mercury soars"" OR ""mercury crosses"" OR ""temperature soars"" OR ""record temperature"" OR ""all-time high"" OR ""degrees Celsius"" OR ""maximum temperature"" OR ""hottest day"" OR ""temperature crosses 40"" OR ""temperature crosses 45"" OR ""temperature likely to rise"") Andaman and Nicobar Islands","Price Action and Recent Performance
The stock opened at Rs 203.90 and maintained this level throughout the trading session, reflecting strong buying interest and a lack of significant profit-taking. Over the last week, Telge Projects Ltd has delivered an impressive 11.97% return, while the Sensex declined by 0.92%. The one-month performance is even more striking, with the stock up 19.94% against a 2.39% fall in the benchmark index. Year-to-date, the stock has surged 88.80%, contrasting sharply with the Sensex’s 10.17% decline. This strong momentum is supported by the stock trading above all key moving averages – 5-day, 20-day, 50-day, 100-day, and 200-day – signalling broad-based technical strength.What factors are sustaining this robust price momentum across multiple timeframes?
Technical Indicators Signal Bullish Trend
The technical landscape for Telge Projects Ltd is predominantly bullish. Key indicators such as MACD, Bollinger Bands, KST, Dow Theory, and On-Balance Volume (OBV) are aligned positively on the weekly chart, reinforcing the uptrend. However, the Relative Strength Index (RSI) shows a bearish divergence, suggesting the stock may be entering overbought territory in the short term. The immediate support level remains at the 52-week low of Rs 77.05, while the stock has decisively broken through previous resistance levels at Rs 121.10 (200 DMA), Rs 136.27 (100 DMA), and Rs 176.29 (20 DMA). The recent trend change to bullish was confirmed on 28 Aug 2026 at Rs 182.10, and since then, the stock has maintained its upward trajectory.Could the RSI divergence signal a pause or correction despite the strong technical backdrop?
Transformation in full progress! This Micro Cap from Auto Ancillary just achieved sustainable profitability after tough times. Be early to witness this powerful comeback story!
Valuation Metrics Reflect Premium Pricing
At the current price of Rs 203.90, Telge Projects Ltd trades at a price-to-earnings (P/E) ratio of 26x on a trailing twelve-month basis. This multiple is elevated relative to many peers in the Commercial Services & Supplies industry, signalling that investors are pricing in sustained earnings growth. The price-to-book value stands at 4.42x, while enterprise value multiples such as EV/EBITDA and EV/EBIT are at 20.28x and 22.17x respectively, indicating a stretched valuation profile. The EV/Sales ratio of 4.55x and EV/Capital Employed of 5.82x further underscore the premium investors are willing to pay for the company’s earnings and capital efficiency.At these valuations, should you be booking profits on Telge Projects Ltd or can the company grow into this premium?
Financial Trend Shows Positive Momentum
Recent quarterly financials reveal encouraging signs for Telge Projects Ltd. The company reported its highest net sales in the latest quarter at ₹17.05 crores, accompanied by a higher profit after tax (PAT) of ₹6.92 crores for the nine-month period ending June 2026. This positive trend contrasts with the flat five-year sales and EBIT growth, which remain at 0.0%, suggesting that the recent gains are driven by short-term operational improvements rather than long-term expansion.Is this quarterly upswing a sustainable turnaround or a temporary spike in performance?
Quality Metrics Highlight Strengths and Limitations
The company’s quality assessment reveals a mixed picture. On the positive side, Telge Projects Ltd boasts a strong return on capital employed (ROCE) averaging 25.99%, indicating efficient use of capital to generate profits. The management risk is rated good, with low leverage evidenced by an average debt-to-EBITDA ratio of 0.99 and zero promoter share pledging. Institutional holdings are modest at 9.22%, reflecting limited external ownership. However, the absence of growth in sales and EBIT over five years and a weak average return on equity (ROE) suggest that the company has yet to demonstrate consistent expansion or shareholder value creation.How do these quality metrics influence the sustainability of the current rally?
Is Telge Projects Ltd your best bet? SwitchER suggests better alternatives across peers, market caps, and sectors. Discover stocks that could deliver more for your portfolio!
Connecting the Dots: Momentum Versus Fundamentals
The recent price surge in Telge Projects Ltd is supported by strong technical indicators and a positive short-term financial trend. The 7.94% return over the last three days and the 92.36% gain over three months highlight robust investor enthusiasm. Yet, the stretched valuation multiples and the lack of long-term sales and EBIT growth introduce a note of caution. The strong ROCE of nearly 26% suggests capital efficiency, but the weak ROE and flat growth metrics raise questions about the company’s ability to sustain earnings momentum.Should you buy, sell, or hold? With momentum and valuations pulling in opposite directions, no single data point tells the full story — see the complete multi-factor analysis of Telge Projects Ltd to find out.
Key Data at a Glance
Conclusion: A Milestone Marked by Mixed Signals
Telge Projects Ltd has undeniably reached a significant milestone by hitting a new all-time high, buoyed by strong technical momentum and recent financial improvements. However, the elevated valuation multiples and the absence of sustained long-term growth metrics suggest that the current price level may be demanding. Investors may find it prudent to weigh the strong operational efficiency and positive quarterly trends against the stretched multiples and limited historical growth. At these valuations, is this the right entry point for Telge Projects Ltd, or has the easy money been made?",0.5166666666666666
Shree Hari Chemicals Export Ltd Hits All-Time High of Rs 247.65 as Momentum Builds Across Timeframes - MarketsMojo,https://news.google.com/rss/articles/CBMiuwFBVV95cUxNaWF6MkMyU05ldmdRX1hQekt1R3BGTWFGSFdpMW82WUx5WllZWFpyV2JHOVR2SndDalFoazlRa0hPcFlGVFptdVFLSXVGSzZJRjg2SlhqT2owSUZWeWtOZjJWUHJYS2EzcFpMelF2YndoZEQ3NGkxaHJHcUhIaG8tdjA4Sm1tR1U2NVRBQllEaWJWQ1JZOVhwRXpoWmNIY19sblczbUxLYXc5a3NPQjFjRW1mbDk3U2I4QjRR?oc=5,MarketsMojo,2026-09-04T12:43:43+05:30,en,Andaman and Nicobar Islands,,"(""mercury soars"" OR ""mercury crosses"" OR ""temperature soars"" OR ""record temperature"" OR ""all-time high"" OR ""degrees Celsius"" OR ""maximum temperature"" OR ""hottest day"" OR ""temperature crosses 40"" OR ""temperature crosses 45"" OR ""temperature likely to rise"") Andaman and Nicobar Islands","Record-Breaking Price Movement
On 04 Sep 2026, Shree Hari Chemicals Export Ltd’s stock price surged to Rs.247.65, setting a new 52-week and all-time high. The stock opened with a gap up of 4.98% and maintained this level throughout the trading session, reflecting strong buying momentum. This performance outpaced the broader Sensex, which recorded a modest gain of 0.52% on the same day. The stock also outperformed its sector by 4.67%, underscoring its relative strength within the commodity chemicals industry.
The stock has been on a consistent upward trajectory, registering gains for ten consecutive trading days. Over this period, it has delivered an impressive return of 62.66%, signalling sustained investor confidence and positive market sentiment.
Long-Term Outperformance Against Benchmarks
Shree Hari Chemicals Export Ltd’s price appreciation is not limited to short-term gains. Over the past year, the stock has generated a remarkable 144.23% return, significantly outperforming the Sensex, which declined by 5.16% during the same period. The stock’s performance over three months and one month has been equally notable, with returns of 141.61% and 74.71% respectively, compared to Sensex gains of 2.94% and a decline of 2.40%.
Extending the horizon further, the company has delivered a 359.21% return over three years and 305.98% over five years, both figures substantially exceeding the Sensex’s respective returns of 16.64% and 31.69%. Even over a decade, Shree Hari Chemicals Export Ltd has outperformed the benchmark with a 198.01% gain versus the Sensex’s 168.29%.
Technical Indicators and Market Positioning
The stock’s technical profile remains bullish, supported by its trading above all key moving averages including the 5-day, 20-day, 50-day, 100-day, and 200-day averages. The overall technical trend shifted to bullish on 04 Aug 2026 at a price of Rs.141.75, and has maintained this momentum since. Key technical indicators such as MACD, Bollinger Bands, KST, and Dow Theory all signal bullish trends on weekly and monthly timeframes, reinforcing the strength of the current uptrend.
Immediate support is established at Rs.87.65, the 52-week low, while the stock has surpassed major resistance levels at Rs.122.26 (200 DMA), Rs.129.89 (100 DMA), and Rs.181.85 (20 DMA), culminating in the recent all-time high.
Financial Performance Driving the Rally
The company’s strong financial results have been a key driver behind the stock’s upward movement. In the latest quarter ending June 2026, Shree Hari Chemicals Export Ltd reported net sales of Rs.96.13 crores, reflecting a robust growth rate of 61.97%. Operating profit margins have also expanded, with the operating profit to net sales ratio reaching a quarterly high of 15.44%.
Profit before depreciation, interest, and tax (PBDIT) hit a record Rs.8.48 crores, while profit before tax less other income (PBT less OI) stood at Rs.7.23 crores. Net profit for the quarter was Rs.5.92 crores, marking the highest quarterly earnings to date. Earnings per share (EPS) also rose to Rs.9.38, underscoring the company’s improving profitability.
Promoter Confidence and Shareholding
Promoter confidence in the company remains strong, as evidenced by an increase in promoter shareholding by 5.01% over the previous quarter. Currently, promoters hold 64.26% of the company’s equity, signalling a solid commitment to the business and its prospects.
Valuation and Quality Assessment
Despite the stock’s strong price appreciation, valuation metrics suggest a premium positioning. The price-to-earnings (P/E) ratio stands at 13x, while the price-to-book value (P/BV) is 3.36x. Enterprise value multiples include EV/EBITDA at 10.65x and EV/EBIT at 12.57x, with an EV to capital employed ratio of 2.50x. The PEG ratio is notably low at 0.08x, reflecting the company’s rapid earnings growth relative to its valuation.
The company’s quality grade is assessed as average, with strengths in growth offset by moderate leverage and capital structure considerations. Over the past five years, sales have grown at a compound annual growth rate (CAGR) of 24.23%, while EBIT growth has been even more pronounced at 70.94% annually. The company maintains a tax ratio of 23.68% and has no promoter share pledging, which supports governance stability.
Delivery Volumes and Market Activity
Recent trading activity shows a significant increase in delivery volumes, with a 1-month delivery change of 391.39% and a 1-day delivery change of 59.51% compared to the 5-day average. This heightened activity reflects strong market participation and liquidity in the stock.
Summary of Performance Metrics
Key performance highlights include:
- 10-day consecutive gains with a 62.66% return
- Year-to-date return of 89.05%, outperforming Sensex’s -10.18%
- Net profit growth of 469.23% in the latest quarter
- Operating profit growth at an annual rate of 70.94%
- Promoter stake increased to 64.26%
These figures collectively illustrate the company’s strong operational execution and market appreciation, culminating in the recent all-time high price achievement.
Conclusion
Shree Hari Chemicals Export Ltd’s attainment of an all-time high price of Rs.247.65 on 04 Sep 2026 marks a significant milestone in its market journey. Supported by robust financial growth, sustained price momentum, and strong promoter confidence, the company has demonstrated resilience and outperformance across multiple time horizons. While valuation metrics indicate a premium, the underlying growth fundamentals and technical strength provide a comprehensive picture of the company’s current market standing.",0.5166666666666666
"Shivalik Bimetal Controls Ltd Hits All-Time High of Rs 1,214.95 Amid Strong Long-Term Momentum - MarketsMojo",https://news.google.com/rss/articles/CBMiuwFBVV95cUxPQkVnVmtrMy1rM0RFZ0JwTUNpV3BaWXcwa0NVeG40eGNRZEhzZ3lpVldfd1VzYWRYSUlwVVJGSV9VaWxvNWk0cHgxMTVsTWZoRDZ4TlJ3REVsUDVocVZOTUg2VzVyTWE1MEpUZUtVRnRkMlNaeDdRQjlkMnZQOFpoSkIyY1RQZWhnZVNWU0JFczFadUlGT2pmbWdEblRPb2J4aWZ0dU5jREdrUWhYT0tWemU5T0E3SUhyeTVZ?oc=5,MarketsMojo,2026-09-04T10:02:55+05:30,en,Andaman and Nicobar Islands,,"(""mercury soars"" OR ""mercury crosses"" OR ""temperature soars"" OR ""record temperature"" OR ""all-time high"" OR ""degrees Celsius"" OR ""maximum temperature"" OR ""hottest day"" OR ""temperature crosses 40"" OR ""temperature crosses 45"" OR ""temperature likely to rise"") Andaman and Nicobar Islands","Session Recap: Volatility Amidst New Highs
The stock opened strongly but faced intraday swings, touching a low of Rs 1,114.25 before rallying to its peak near Rs 1,215. Despite closing with a 2.11% decline on the day, Shivalik Bimetal Controls Ltd remains comfortably above all key moving averages, including the 5-day, 20-day, 50-day, 100-day, and 200-day lines. This technical positioning underscores a bullish trend, although the day's high volatility of 32.42% signals some profit-taking pressure. Does this volatility suggest a pause in momentum or a healthy consolidation phase?
Impressive Long-Term Performance
The stock's performance over multiple timeframes is striking. It has outpaced the Sensex by a wide margin, delivering a 163.24% return year-to-date compared to the benchmark's 10.16% decline. Over five years, the gains exceed 800%, dwarfing the Sensex's 31.71% rise. Such sustained outperformance is rare in the Iron & Steel Products sector, highlighting Shivalik Bimetal Controls Ltd's ability to generate shareholder value consistently. What factors have driven this extraordinary long-term growth relative to peers?
Fundamentals that don't lie! This Small Cap from Trading shows consistent growth and price strength over time. A reliable pick you can truly count on.
Technical Indicators: Bullish but Mixed Signals
The technical landscape for Shivalik Bimetal Controls Ltd is predominantly bullish. Weekly and monthly MACD, Bollinger Bands, KST, and Dow Theory indicators all signal upward momentum. The On-Balance Volume (OBV) shows mild bullishness on a weekly basis, supporting the price trend. However, the Relative Strength Index (RSI) remains bearish on both weekly and monthly charts, suggesting the stock may be overbought in the short term. This divergence between momentum and strength indicators hints at potential near-term consolidation or correction. Could the RSI weakness temper the bullish technical outlook?
Valuation: Premium Pricing Reflects Growth but Raises Questions
At a trailing twelve-month P/E ratio of 62x, Shivalik Bimetal Controls Ltd trades at a significant premium to typical industry multiples. The Price to Book Value stands at 13.83x, while EV/EBITDA and EV/EBIT ratios are elevated at 46.56x and 51.86x respectively. The PEG ratio of 2.08x indicates that earnings growth is priced in but not excessively so. These valuation multiples reflect investor confidence in the company's growth trajectory but also suggest stretched pricing relative to peers. At these valuations, should you be booking profits on Shivalik Bimetal Controls Ltd or can the company grow into this premium?
Key Data at a Glance
Financial Trend: Robust Quarterly Growth
The latest quarterly results for Shivalik Bimetal Controls Ltd reinforce its growth credentials. Net sales reached a record Rs 182.20 crores, while PBDIT hit Rs 43.22 crores, both highest on record. Profit after tax grew by 35.9% compared to the previous four-quarter average, with EPS at Rs 5.73. Cash and cash equivalents surged to Rs 104.70 crores, underscoring a strong liquidity position. However, the debtors turnover ratio declined to 3.67 times, indicating some slowdown in receivables collection. Is this quarterly strength sustainable amid rising working capital demands?
Quality Metrics: Strong Management and Capital Efficiency
Shivalik Bimetal Controls Ltd boasts a strong quality profile with excellent management risk scores and a robust capital structure. The company operates with minimal debt, reflected in an average debt to EBITDA ratio of 0.52 and net cash status. Its average ROCE of 28.05% and ROE of 24.46% highlight efficient capital utilisation and profitability. Sales and EBIT have grown at healthy CAGRs of 20.22% and 24.47% respectively over five years. The absence of promoter share pledging and a dividend payout ratio of 20.18% further enhance the quality narrative. How does this quality profile support the premium valuation?
Thinking about Shivalik Bimetal Controls Ltd? Our real-time Verdict report breaks down everything – from financial health and peer comparison to technical signals and fair valuation for this small-cap stock!
Balancing the Bull and Bear Cases
The rally to an all-time high caps a remarkable journey for Shivalik Bimetal Controls Ltd, fuelled by strong earnings growth, robust management, and a pristine balance sheet. Yet, the stretched valuation multiples and recent institutional selling—down 5.15% in the last quarter—introduce caution. The stock’s premium pricing demands continued earnings expansion and capital efficiency to justify current levels. Meanwhile, technical indicators offer a mixed picture, with momentum indicators bullish but RSI signalling potential overextension. Should you buy, sell, or hold? With momentum and valuations pulling in opposite directions, no single data point tells the full story — see the complete multi-factor analysis of Shivalik Bimetal Controls Ltd to find out.
Conclusion
Shivalik Bimetal Controls Ltd has reached a significant milestone with its all-time high price, reflecting years of consistent growth and operational strength. While the technical and fundamental backdrop remains largely supportive, the elevated valuation multiples and recent profit booking suggest that investors may want to monitor the stock closely for signs of consolidation or correction. The interplay between strong quality metrics and stretched pricing will likely shape the stock’s near-term trajectory.",0.5166666666666666
"Delhi-NCR to receive rain, thunderstorms; IMD issues yellow alert - DD India",https://news.google.com/rss/articles/CBMimgFBVV95cUxQNUwxbjh3ZDJINjVRdmdCenBRc3phX0hEUGFkeWM1MU8wQmVDak1id29JTzI0clh5eDYwZGJLUkVPVmFET0FJQTBfYTQzWmRpakgwUlFJUVFJR0Y5Um1qQTl4ZDRtRnRLT3RZTktUbXFQUDV6RDdqQkRJeGJRWk9NOUVxbGx5bWlSWnRIYTRWYkdRRmRfRngxcW93?oc=5,DD India,2026-09-04T09:05:00+05:30,en,Andaman and Nicobar Islands,,"(""heat advisory"" OR ""heat action plan"" OR ""heat alert"" OR ""IMD warning"" OR ""IMD alert"" OR ""red alert"" OR ""orange alert"" OR ""yellow alert"" OR ""NDMA advisory"" OR ""cooling shelter"" OR ""relief measures"" OR ""heat compensation"" OR ""severe weather warning"") Andaman and Nicobar Islands","Delhi-NCR is likely to witness another day of cloudy skies and intermittent rain on Friday, with the India Meteorological Department (IMD) forecasting light showers at several places and moderate rainfall at isolated locations.
The weather department has issued a yellow alert for Delhi, warning of light to moderate rain in the national capital on Friday and Saturday. Thunderstorms accompanied by lightning are also likely at some places, particularly during the evening and night.
The rainfall is expected to provide some relief from the recent humid and uncomfortable weather, with daytime temperatures likely to remain relatively moderate.
Delhi is expected to record a minimum temperature of around 24 degrees Celsius and a maximum of nearly 31 degrees Celsius. The capital is likely to remain mostly overcast, with occasional light showers and isolated moderate rainfall.
In Noida, cloudy conditions with spells of rain are expected. Temperatures are likely to range between 24 and 30 degrees Celsius, while increased humidity may continue despite the showers.
Gurgaon is likely to remain predominantly cloudy, with rain possible during the afternoon. The temperature is expected to hover between 24 and 30 degrees Celsius. Several parts of Gurgaon and adjoining areas may receive rain, while isolated areas of Haryana could witness heavy showers.
Ghaziabad may experience intermittent rain and thundershowers, including during the morning and afternoon. Temperatures are likely to remain between 25 and 33 degrees Celsius. The unsettled weather is expected to continue into Saturday.
In Faridabad, cloudy skies and rain are likely, with temperatures expected to range from 24 to 30 degrees Celsius. Several areas of the district and southern Haryana may receive rain, with isolated heavy showers also possible.
The rain and thundershowers are expected to continue through Saturday before gradually weakening after the weekend. The broader weather pattern points to continued rainfall activity across parts of north India and the Gangetic plains.
Several states, including Delhi, Uttar Pradesh, Bihar and Madhya Pradesh, are likely to remain under the influence of a developing weather system over the Bay of Bengal. The system is expected to support widespread rainfall over the coming days, with isolated areas potentially receiving heavy precipitation.
The IMD has also warned of thunderstorms and strong winds in vulnerable areas. Wind speeds could reach around 70 kmph during intense weather activity, raising the possibility of disruptions, particularly during thunderstorms.
Commuters have been advised to exercise caution as rain may temporarily reduce visibility and make roads slippery.
(IANS Inputs)",1.0
"Heavy rain lashes parts of Delhi-NCR; IMD issues red alert, flights ops hit - The Times of India",https://news.google.com/rss/articles/CBMi4AFBVV95cUxPVk1NVHQzNVA3WDV4c0FHMkhwUWNDYzFDZ243akh1NmJXR25qUmxrNVAwMWtOS1VzcDlEZmx5R1pTS1ZmUXBIYnNSSERVU3FTUnRYbFEyWHlxRVFmUy1jTzN5QnpwN2N0MGdKaUhaYk45dDR5WDViMFVNRGRTNWM0WEg5OWJxYzYxRW9WZXl1bmhzMTlKM0VNR1ZBNjlaYzFmeWFUTi05MF9hSlZLdW5FUjMzc0dfR1lrSUhKNFF4ZFVQMTlhVjVYWWRycTA5ZHN3M0dkX2hQU3RKano2elVNUNIB5gFBVV95cUxQcEVtd2s1b1lfc2Q3eG1yRGZjLTBfNElWeVFQTTE3aUtvaGZiSDdDeGJjaENVR0ROX0ZvNFE3d0lYUGwyNlpfRlBRc0tISXRVMGlwYllnS2ZuWFJMZm9OUTdoZm5sVnkzbzVOWHpoUVpjRWhpQUljX2h0Zk91b2xiV2RfLWVhdjNCZl9iMGhYWU5aZUpoRVpEY3lZQkxqNFlSV3RlUC1GcEEtN3M3OGVLUWFSUkVqWW1EYk1RVzdBeDJIWUVFeE54bDRpaGoyTXQ0S3FHb2djMDZyWXE4ZFlDOGx0WDNxdw?oc=5,The Times of India,2026-09-04T16:25:00+05:30,en,Andaman and Nicobar Islands,,"(""heat advisory"" OR ""heat action plan"" OR ""heat alert"" OR ""IMD warning"" OR ""IMD alert"" OR ""red alert"" OR ""orange alert"" OR ""yellow alert"" OR ""NDMA advisory"" OR ""cooling shelter"" OR ""relief measures"" OR ""heat compensation"" OR ""severe weather warning"") Andaman and Nicobar Islands","DELHI: Heavy rains lashed parts of Delhi-NCR on Friday, with dark clouds engulfing the city and the India Meteorological Department (IMD) issuing a red alert for intense rainfall, thunderstorms, lightning and gusty winds later in the day.
The sudden downpour disrupted Janmashtami celebrations across the capital, catching many devotees off guard. Rain-soaked roads, umbrellas lining the streets and people scrambling for shelter were seen as the showers intensified.
Waterlogging was reported at Indira Gandhi International Airport after heavy rainfall lashed the national capital.
Heavy rainfall affected several flights arriving in Delhi, causing delays to domestic flights from Ahmedabad, Mumbai and Port Blair.
IndiGo also issued a travel advisory, stating, ""bad weather over Delhi had impacted flight schedules. The airline advised passengers travelling today to check their flight status on its website or app before leaving for the airport and allow additional travel time due to slower road conditions.""
According to the IMD’s three-hourly rainfall data, Palam recorded 3.4 mm of rainfall between 11.30 am and 2.30 pm, while Najafgarh received 0.5 mm between 8.30 am and 11.30 am.
No rainfall was recorded at most other monitoring stations during the same period.
In its short-range weather forecast issued at 2.15 pm, the IMD said light to moderate rainfall accompanied by thunderstorms and lightning was likely at many places between 2.15 pm and 4.15 pm, with isolated areas expected to receive heavy rain.
The weather department has also forecast another spell of light to moderate rainfall, thunderstorms and lightning across most parts of the city between 5 pm and 8 pm, with heavy rain likely at isolated locations.
The IMD further said that moderate rainfall is expected at most places over the next three hours, while a few areas could receive heavy rainfall ranging from 50 mm to 100 mm. The rain activity is likely to be accompanied by thunderstorms, lightning and strong winds of 40-50 kmph, gusting up to 60 kmph.
(With Agency Inputs)",1.0
Chandigarh braces for heavy rain; yellow alert issued for Friday - Punjab Newsline,https://news.google.com/rss/articles/CBMioAFBVV95cUxNY2I5RkVWQjV6SHRiSEFtdGprUGN0VjRjbzAzVlM4T09IVFpmMDJhTmpyOW5hbzhnRFZNcGVpdmluZ1ZCVDRndk83N3pRcTRQaDV6NmZaSmItUUgyVXBweTNyWEdUS3hVdWpQWmZMUUpldjdpTXdfekpGR2swd0RibVZzbEEyM012Z1JRbDRERkFYNnNHNTUwRTFvSWtHWENh?oc=5,Punjab Newsline,2026-09-04T11:26:00+05:30,en,Andaman and Nicobar Islands,,"(""heat advisory"" OR ""heat action plan"" OR ""heat alert"" OR ""IMD warning"" OR ""IMD alert"" OR ""red alert"" OR ""orange alert"" OR ""yellow alert"" OR ""NDMA advisory"" OR ""cooling shelter"" OR ""relief measures"" OR ""heat compensation"" OR ""severe weather warning"") Andaman and Nicobar Islands","Punjab Newsline | Chandigarh
The weather in Chandigarh changed dramatically on Thursday evening as rainfall lashed several parts of the city. Following the showers, the India Meteorological Department (IMD) has issued a Yellow Alert for Friday, warning of the possibility of heavy rainfall throughout the day.
According to the weather department, cloudy skies are expected to persist, with intense rain likely at multiple locations across Chandigarh. The forecast has raised concerns over possible waterlogging on roads and disruptions to traffic movement, especially in low-lying areas.
Authorities have cautioned that accumulated rainwater may create difficulties for commuters and motorists. Residents have been advised to avoid unnecessary travel during periods of heavy rain and step out only when essential.
Weather experts have also urged people to stay away from open spaces, trees, and electricity poles during intense rainfall and thunderstorms. Drivers have been advised to exercise extra caution while navigating waterlogged roads to prevent accidents.
Meanwhile, the rainfall is expected to bring relief from recent warm conditions, with temperatures likely to drop as the weather system remains active over the region on Friday.",0.8333333333333333
"Heavy rain lashes parts of Delhi-NCR, red alert issued | IMD also predicted rain for Sep 5 | Inshorts - Inshorts",https://news.google.com/rss/articles/CBMingFBVV95cUxONWE3ajBtZDJiV3N3UFBGSWxNOXhITUlCMnF1YzdOQk56SV9FUGpBdHRPY3BuNWxsMGRmYUN2UHFIUkRaZ1N5XzhWdzVCQnFHSU4yZDd6bzdPVEZfbl9TcndhQ1BCdVhwNUNNRU9Jbjh5Vlk0YzRPNVpaTkxlWWdtcmI1aGFuNDZqRS1kd1lfa01jcXBja2Q5UUxTQXlSUdIBowFBVV95cUxPXzBsazE1ZzgxemVCRjM2aTlIbFNpYi1peFAwT1V1c2N6QWRwRVZOS0VRaDhLTm8zamNOcVNNcXJKNFJ1dkF4U3FobEJZVDU0ckZadENKNnJoa0VEXzhxS2ZNMFB1cHhJTDJOMG1EdVVlaDBhRzd1aE83ZnNBTWRvRTNPazNmQXZwaGNpSUlkUnN5YXRSN3FYMWlvS0hjV2FqQllV?oc=5,Inshorts,2026-09-04T15:49:34+05:30,en,Andaman and Nicobar Islands,,"(""heat advisory"" OR ""heat action plan"" OR ""heat alert"" OR ""IMD warning"" OR ""IMD alert"" OR ""red alert"" OR ""orange alert"" OR ""yellow alert"" OR ""NDMA advisory"" OR ""cooling shelter"" OR ""relief measures"" OR ""heat compensation"" OR ""severe weather warning"") Andaman and Nicobar Islands","Heavy rain lashes parts of Delhi-NCR, red alert issued
Heavy rain and thunderstorms lashed parts of Delhi-NCR on Friday, bringing relief from humid conditions. The IMD issued a red nowcast alert for heavy rain in several Delhi districts until 8 pm. It forecast thunderstorms with lightning and varying rainfall intensity through the afternoon, evening and night, including moderate to heavy rain during the evening hours.",0.8333333333333333
Ukraine is changing its air-raid warning system: two levels of danger - UkrMedia News,https://news.google.com/rss/articles/CBMihwFBVV95cUxPWi0welEza3BrRFF4VEtmUGV3T1BMTTVnRWxYbHloVjVuRUZjMG5wUTk1MnVycFZ4VTdQd1R4b1E0NDV0YVl5RFY5aVp5dHhmNWJieUdYRW4xZ0x5VkRQaUpMNlBXM2hyWmxGUE5BVE1UZDlRaVNOTVBtRVJZQTZrbnFVZE1UelE?oc=5,UkrMedia News,2026-09-04T11:34:24+05:30,en,Andaman and Nicobar Islands,,"(""heat advisory"" OR ""heat action plan"" OR ""heat alert"" OR ""IMD warning"" OR ""IMD alert"" OR ""red alert"" OR ""orange alert"" OR ""yellow alert"" OR ""NDMA advisory"" OR ""cooling shelter"" OR ""relief measures"" OR ""heat compensation"" OR ""severe weather warning"") Andaman and Nicobar Islands","The Cabinet of Ministers has approved two levels of air threat in Ukraine — yellow and red. Generally, the first will be applied during drone attacks, and the second in the event of a missile, ballistic or combined threat. The alert level will determine how businesses, organisations and transport operate: at the highest threat level, people must take shelter.
Briefly about the main points
- The yellow alert level will generally be triggered in the event of a threat of drone attacks.
- Businesses will only be able to operate if people have access to shelters.
- The red alert involves the closure of businesses and organisations.
- The criteria for classifying threats will be reviewed on a weekly basis.
- The Kyiv Metro has been advised to operate as normal whilst the yellow alert is in force.
Yellow level: work is only possible if access to shelter is available
Yellow level will serve as a basis for situations where there is a threat of a drone attack. According to the Prime Minister Sergey Koretsky, under such arrangements, enterprises and businesses will be able to continue operating whilst strictly adhering to safety requirements.
The key requirement is that staff and visitors must have access to shelters. The government has given businesses that have not yet provided such facilities three months to resolve the issue.
This regime does not remove the need to respond to danger. It provides for a different course of action, under which work is permitted to continue where people’s safety can be ensured.
Under what circumstances will a red alert be declared?
Red level will generally be applied in the event of missile threat, the dangers posed by the use of ballistic missiles, a massive air strike or a combined attack using various weapons.
Under this regime, businesses and organisations must cease operations, and people must take shelter. The President Volodymyr Zelenskyy He explained the need for change by pointing out that a single signal for different types of danger no longer reflects the realities of war.
According to him, the new model should provide people with more information about the nature of the threat and the necessary actions.
The criteria and alert signals will be reviewed on a weekly basis
The classification will not be a fixed system whereby every drone attack automatically triggers a ‘yellow’ alert and every missile attack a ‘red’ one. Specific criteria will be determined each week by the General Staff and the Air Force, in conjunction with the government, the Ministry of Defence, the Ministry of Internal Affairs and the State Emergency Service.
This approach should make it possible to take into account changes in Russian tactics, the types of drones and missiles used, and the nature of large-scale strikes.
Different audible warnings are planned to be introduced for both levels. Alarms and associated restrictions are also to be applied more precisely in areas where there is a genuine threat. The siren will not be sounded again once the all-clear has been given.
Kyiv’s metro and surface transport during the yellow alert",0.4833333333333333
"Heat Advisory in effect, temperatures soar to upper 90s with high heat indices - Local 3 News",https://news.google.com/rss/articles/CBMi_AFBVV95cUxNT1o1RmszYkRUbXUxajRRTFc5cFhkT0E5eXM4X1RJY3dsSXA1enpnSUc2Vi1aa3BObHRscEQ3aGpaSkZRTFdIZURrNDNnOUE3VU1hSHRhaWVBY1h5U1hUcmF6MnN5OXcyMEJQUy1NcmhZWF9tUENkd1BsM05hbnJDeVZpdDlCOTdWTXUwZjJYRzBpaFk0X0x0eVgyaWV4dmlrd2ExempLX3U2b1VrT2dnNmRVdmQ0cXpZRTdHZ1JBVV9KMThDbl9iakNTTE1FRnFycHM5eXUyUDNjRXM2MkdCbVdsc1hKQWctWW9DdHBMX0pWZzNqMWx2NVNXcTI?oc=5,Local 3 News,2026-09-04T12:38:00+05:30,en,Andaman and Nicobar Islands,,"(""heat advisory"" OR ""heat action plan"" OR ""heat alert"" OR ""IMD warning"" OR ""IMD alert"" OR ""red alert"" OR ""orange alert"" OR ""yellow alert"" OR ""NDMA advisory"" OR ""cooling shelter"" OR ""relief measures"" OR ""heat compensation"" OR ""severe weather warning"") Andaman and Nicobar Islands","Chattanooga
Sunny
H 97°
L 75°
83°
Altamont
Sunny
H 98°
L 73°
81°
Athens
Sunny
H 97°
L 74°
80°
Benton
Sunny
H 98°
L 75°
82°
Chatsworth
Sunny
H 98°
L 75°
82°
Dalton
Sunny
H 97°
L 73°
82°
Dayton
Sunny
H 93°
L 70°
78°
Dunlap
Sunny
H 98°
L 75°
82°
Murphy
Sunny
H 97°
L 74°
80°
Pikeville
Sunny
H 93°
L 70°
78°
Summerville
Sunny
H 98°
L 72°
81°
Ringgold
Sunny
H 98°
L 75°
82°
Trenton
Sunny
H 98°
L 75°
82°",0.8333333333333333
"Heat returns to Florence: yellow alert until Saturday, 5 September - inItaly",https://news.google.com/rss/articles/CBMiqgFBVV95cUxOZnRLV0tvNmFDZUFfaWl5NmRCREliUVlwb3VGUEdwTDVNekowNjJPdER6SzdvM2o0czU0b2JSXzZZMWlfY3Jla2k0ekQxdkRqRW1wWTRUMndKMXMyQnRZNW43Yks3RExCaXN6QmhXMzBJM0tyeWRkZlVsbjdmalZ2djVQVzk5T1hkbGFSN3JmZmZQa0xYUUpZeTFST296d3F1bkZRZFFXX0ZMZw?oc=5,inItaly,2026-09-04T03:53:08+05:30,en,Andaman and Nicobar Islands,,"(""heat advisory"" OR ""heat action plan"" OR ""heat alert"" OR ""IMD warning"" OR ""IMD alert"" OR ""red alert"" OR ""orange alert"" OR ""yellow alert"" OR ""NDMA advisory"" OR ""cooling shelter"" OR ""relief measures"" OR ""heat compensation"" OR ""severe weather warning"") Andaman and Nicobar Islands","Heat returns to Florence: yellow alert until Saturday, 5 September
A new heat spell is affecting Florence. The bulletin from the Regional Health Service's Epidemiology Department has issued a yellow alert for the health effects of high temperatures: level-1 alert will remain in force until Saturday, 5 September.
Forecasts indicate a progressive rise in temperatures, with daytime highs reaching 35-36 °C. Morning readings recorded around 30 °C at several city stations.
- Alert period: until Saturday, 5 September
- Expected highs: 33–34 °C with feels-like temperatures up to 36 °C
- Recent measurements: 29.8 °C (Firenze Università), 30.8 °C (Orto Botanico), 30.3 °C (Giardino di Boboli)
The Ministry of Health highlights measures to adopt, especially for the elderly, people with chronic conditions, infants and young children. Key recommendations include:
- promote body cooling and check on vulnerable relatives or neighbors.
Citizens are advised to follow local updates and health authority guidance to reduce risks related to high temperatures.
Where it is
Location: Firenze FI, Italia
Coordinates: 43.7699685, 11.2576706",1.0
"Camden County Office of Emergency Management issues “Code Red” heat advisory - Camden County, NJ",https://news.google.com/rss/articles/CBMiqgFBVV95cUxQVGxFQVAtMVFhLTVJUER1c0R3cmxwbG8zSGdNcTRRdlJpYnBDRjlON0JRQVpPNkZseXdMaGZaODlmZVZ0Rzlxd1hVWVl4S042QldJalV2Q3NSMzlrSWkyVTIzSldLQVN4OE0tZ2RaZHlQUThFbzhTUHNpOG5UZ0IybVBqVmZqOWJUTFFDaUVjckpGU1drc2JHUlQyalNlRV9YUTY5Z0ZYU1R3UQ?oc=5,"Camden County, NJ",2026-09-04T00:09:37+05:30,en,Andaman and Nicobar Islands,,"(""heat advisory"" OR ""heat action plan"" OR ""heat alert"" OR ""IMD warning"" OR ""IMD alert"" OR ""red alert"" OR ""orange alert"" OR ""yellow alert"" OR ""NDMA advisory"" OR ""cooling shelter"" OR ""relief measures"" OR ""heat compensation"" OR ""severe weather warning"") Andaman and Nicobar Islands","(Lindenwold, NJ) – The Camden County Office of Emergency Management declared that that Camden County will be under a Code Red Advisory for the following dates and times due to projected dangerously high temperatures by the National Weather Service:
- Thursday, September 3, 11 a.m. – 8 p.m.
A Code Red Advisory is issued when the National Weather Service forecasts temperatures of 95°F or higher for at least two consecutive days, or a single-day temperature of 100°F or above.
In accordance with state law, Camden County is activating their Code Red Response Plan to provide shelter and support for vulnerable populations during these periods of extreme heat. Based on that, cooling centers are being activated throughout the county to ensure anyone in need of respite can find it.
“When temperatures rise to dangerous levels, remember to stay inside as much as possible, drink plenty of water,” said Commissioner Jonathan Young, liaison to the Camden County Department of Public Safety. “Please check on your neighbors and ensure that they are safe and able to stay cool. If someone begins to show signs of distress, contact a physician immediately.”
To avoid heat-related illness, the Department of Public Safety recommends the following:
- Avoid, as much as possible, working or playing in the hot sun or other hot areas.
- If you must be out in the sun, wear a wide-brimmed hat or visor, lightweight clothing, and take plenty of breaks to avoid heat exhaustion.
- Drink plenty of water to help avoid dehydration.
- Utilize air conditioners and fans, and open windows to release trapped hot air.
- Individuals taking regular medication should consult with their physician, as some medications may cause an adverse reaction in hot weather.
- Do not leave children or pets alone in cars.
- Make sure your pets have plenty of fresh drinking water, and do not leave them outdoors for extended periods of time.
The early warning signs of heat stress are decreased energy, slight loss of appetite, faintness, light-headedness, and nausea. Individuals experiencing these symptoms should go to a cool environment, drink liquids, remove excess clothing and rest.
Serious signs of heat stress include loss of consciousness, rapid heartbeat, throbbing headache, dry skin, chest pain, confusion, irritability, vomiting, diarrhea, muscle cramps, staggering, and difficulty breathing. People experiencing these symptoms should see immediate medical attention. While waiting for help, move the person to a cool area, remove excess clothing, and mist the individual with cold water to decrease. In an emergency, dial 911. For assistance or to report individuals in need of shelter, please contact 2-1-1.",1.0
"Heat Advisory continues, scattered showers possible Friday evening - WSBT",https://news.google.com/rss/articles/CBMimAFBVV95cUxQVTJacHBNQ0JWbDNpVlRwLXVXZVZ6dXAzaWNsNjAwMHdLUjA2bkNTQ3hMN1Y3OUxlLTFqNkthYzNFWkJKVm1FZEd6QXhaZ1VUUF9FMlpsMllEckJDdllWTG1wVE9tc0JTSHZiZUxTcUItTGxKc3E4c1NzYmZKV2x4TUxZOXR3WnRWamFxbkU5TlJKUWVVLUhRTw?oc=5,WSBT,2026-09-04T15:41:48+05:30,en,Andaman and Nicobar Islands,,"(""heat advisory"" OR ""heat action plan"" OR ""heat alert"" OR ""IMD warning"" OR ""IMD alert"" OR ""red alert"" OR ""orange alert"" OR ""yellow alert"" OR ""NDMA advisory"" OR ""cooling shelter"" OR ""relief measures"" OR ""heat compensation"" OR ""severe weather warning"") Andaman and Nicobar Islands","Heat Advisory continues, scattered showers possible Friday evening
Lots of things to do this Labor Day weekend! Friday night football, AC/DC concert at Notre Dame Stadium, The Marshall County Blueberry Festival and plenty of other activities! So, dress accordingly!
A HEAT ADVISORY is in effect until 8pm Friday for Pulaski and Fulton counties. Once again, the feel-like temps will be 95-100 degrees.
Friday we do have chances of storms. We see rain and storms in the morning and then again late evening/overnight.
Tonight will be partly cloudy with scattered showers and storms. Severe storms are possible overnight especially after 4am. Lows drop to 70.
Friday will start out with rain. Highs will stay in the middle 80s. Right now it looks dry for Friday evening BUT we will be in between 2 rounds of rain. If this stays on track we look good for Friday evening plans. This will need closely watched though because it could shift or change slightly.
Rain returns Friday late night and through Saturday.
By Sunday and Monday, the highs should be back near 80. Both days look dry.",0.8333333333333333
"MN weather: Heat advisory for a hot, steamy Friday - FOX 9 Minneapolis-St. Paul",https://news.google.com/rss/articles/CBMiW0FVX3lxTFB3V3d1VlNQLVpaR2tZd2ZwV0FtZzByby1pR3h4RUhOWkE3Vk1iS19WbURQdGxmSGhNaTBTclphQ2lEQ3BFeUNZWUJ2N3lGbzQzYnJCdGRfd0VQWVXSAWBBVV95cUxPaFdfdnBmdkppNDFQVkUyVVVWakt2eXE1dzhqeTkzekJqdWU2b0dnbzI1dk1zSmdFcm0wQjRBRHA1Z3U4WDlpdXhNVmEtNDBfSlJaTG1vSXRfOXdnM2pEaTA?oc=5,FOX 9 Minneapolis-St. Paul,2026-09-04T16:39:51+05:30,en,Andaman and Nicobar Islands,,"(""heat advisory"" OR ""heat action plan"" OR ""heat alert"" OR ""IMD warning"" OR ""IMD alert"" OR ""red alert"" OR ""orange alert"" OR ""yellow alert"" OR ""NDMA advisory"" OR ""cooling shelter"" OR ""relief measures"" OR ""heat compensation"" OR ""severe weather warning"") Andaman and Nicobar Islands","MN weather: Heat advisory for a hot, steamy Friday
Friday turns hot and steamy as temperatures climb into the 90s and the heat index approaches 100 degrees in the Twin Cities. A heat advisory is in effect for the Twin Cities metro area on Friday afternoon. FOX 9 meteorologist Cody Matz has the forecast.",0.8333333333333333
"First Warning Forecast: One more heat advisory, storms move in Friday afternoon - WTKR",https://news.google.com/rss/articles/CBMiyAFBVV95cUxQZHdPYjcwYnFyRDl0VGFac3lvLWZtV0wzWDRmU2JhZU9xQXJUR0x3T3JiZHZjRzFldDRIR2NIRkVTWjVPeVNfeElvc1dOV0tJRVpoTU5wd01nQVZQTi1oZWlna3M2dVBacTl2Y19lVU9OcnZqT1NTR1dHclhPa2RZY0ExaWdMZ0lUOVJIbG5DWGVnbTBVTGNaMklmVUVva0RfN0ROSmJCMnJHdktCTTQySnIxMEw1SXlweGJTbUdTQ3NEY0dSZWNpUQ?oc=5,WTKR,2026-09-04T04:20:51+05:30,en,Andaman and Nicobar Islands,,"(""heat advisory"" OR ""heat action plan"" OR ""heat alert"" OR ""IMD warning"" OR ""IMD alert"" OR ""red alert"" OR ""orange alert"" OR ""yellow alert"" OR ""NDMA advisory"" OR ""cooling shelter"" OR ""relief measures"" OR ""heat compensation"" OR ""severe weather warning"") Andaman and Nicobar Islands","First Warning Forecast: One more heat advisory, storms move in Friday afternoon
Live Stream Schedule",0.8333333333333333
LPS implementing Excessive Heat Protocol during heat advisory - KLKN-TV,https://news.google.com/rss/articles/CBMijgFBVV95cUxPODhPYVVzZUJCU1dzZ0taLUpiSi0zWXE5YmczQkJDRUx0QkxKcEp6Q0taZ2ttanVRaXZJTy1pelJqZWlPN21kd2pldUxtTEpVRW1kZDc5TERBYWN2UHVUY3E0Z0thalJjWm9wdHdOUUtsd3M2Ul9FZUZVQUNvOEwxWG5MS3FYSWc2T3ZCenV3?oc=5,KLKN-TV,2026-09-04T02:04:28+05:30,en,Andaman and Nicobar Islands,,"(""heat advisory"" OR ""heat action plan"" OR ""heat alert"" OR ""IMD warning"" OR ""IMD alert"" OR ""red alert"" OR ""orange alert"" OR ""yellow alert"" OR ""NDMA advisory"" OR ""cooling shelter"" OR ""relief measures"" OR ""heat compensation"" OR ""severe weather warning"") Andaman and Nicobar Islands","LPS implementing Excessive Heat Protocol during heat advisory
LINCOLN, Neb. (KLKN) — Lincoln Public Schools (LPS) has announced a current excessive heat protocol.
The implementation started at 1:30 p.m. due to being in the Heat Red Zone.
All kids were kept inside after that time and school was dismissed as normal. High school athletics are being evaluated by NSAA protocols and guidelines.
LPS urges students to stay hydrated throughout the day and allotted time for students to fill water bottles before the commute home.",0.8333333333333333
