title,url,source,date,language,state,district,search_term,full_text,relevance_score
उत्तर और मध्य क्षेत्रों में भीषण गर्मी पड़ रही है। - Vietnam.vn,https://news.google.com/rss/articles/CBMibkFVX3lxTE5rQWpzd2Qyd3puQ3JpU0szSUQ4cUtzYlRGeEM3VVZRSWI2OTA5aDdneTc1OUtFYmdxcUR4VkdYWmZWSlBUQnM2MF83UmZNMFAyd3lWYnpFSFhPd19hNk01VVRXZzFZdnB6cWUtRTRR?oc=5,Vietnam.vn,2026-08-10T05:23:00+05:30,hi,Andaman and Nicobar Islands,,"(लू OR ""लू चलना"" OR ""भीषण गर्मी"" OR ""प्रचंड गर्मी"" OR ""कड़ी धूप"" OR ""तेज धूप"" OR ""गर्म हवा"" OR ""उष्ण लहर"" OR ""ताप लहर"" OR ""हीट वेव"" OR ""झुलसाने वाली गर्मी"" OR ""तपती गर्मी"" OR ""भयंकर गर्मी"" OR ""गर्मी का कहर"" OR ""गर्मी का प्रकोप"" OR ""अत्यधिक गर्मी"" OR मौसम OR ""मौसम अपडेट"" OR ""मौसम का हाल"" OR ""मौसम पूर्वानुमान"" OR ""मौसम अलर्ट"" OR आईएमडी OR ""आईएमडी पूर्वानुमान"" OR ""आईएमडी अलर्ट"" OR ""तापमान में बढ़ोतरी"" OR ""गर्मी से राहत"" OR ""गर्मी से निजात"") Andaman and Nicobar Islands","उत्तर और मध्य क्षेत्रों में भीषण गर्मी पड़ रही है।
आज (10 अगस्त) उत्तरी और मध्य क्षेत्रों में लू का दायरा बढ़ रहा है और तीव्रता भी बढ़ रही है। मौसम केंद्रों में दर्ज किया गया अधिकतम तापमान 35-38 डिग्री सेल्सियस के बीच है, जबकि वास्तविक तापमान इससे 2-4 डिग्री अधिक है। मध्य उच्चभूमि और दक्षिणी क्षेत्रों में दोपहर बाद और शाम को गरज के साथ बारिश जारी रहेगी।
Báo Tiền Phong•09/08/2026
कल (9 अगस्त) - व्यापक और लंबे समय तक चलने वाली तीव्र लू की लहर का पहला दिन - उत्तरी क्षेत्र के कई इलाकों में तापमान 38 डिग्री सेल्सियस से ऊपर दर्ज किया गया, जैसे कि होआ बिन्ह (फू थो) में 38.3 डिग्री, लाओ काई में 38.6 डिग्री, बाक मे (तुयेन क्वांग) में 39.9 डिग्री, बाक निन्ह में 38.2 डिग्री, लैंग (हनोई) में 38.5 डिग्री और न्हो क्वान (निन्ह बिन्ह) में 38.3 डिग्री।
आज के पूर्वानुमान के अनुसार उत्तरी वियतनाम (लाई चाऊ और डिएन बिएन को छोड़कर) में गर्म मौसम जारी रहेगा। विशेष रूप से, पूर्वोत्तर क्षेत्र में अधिकतम तापमान 35-38 डिग्री सेल्सियस रहेगा , कुछ क्षेत्रों में यह 38 डिग्री से अधिक भी हो सकता है। न्यूनतम तापमान 26-29 डिग्री सेल्सियस रहेगा, कुछ पहाड़ी क्षेत्रों में तापमान 25 डिग्री सेल्सियस से नीचे भी जा सकता है। हल्की बारिश होगी और हवाएं उत्तर-पश्चिम से पश्चिम दिशा से 2-3 की गति से चलेंगी।
उत्तर-पश्चिमी क्षेत्र ( लाई चाऊ और डिएन बिएन को छोड़कर) में अधिकतम तापमान 35-37 डिग्री सेल्सियस रहेगा, कुछ क्षेत्रों में यह 37 डिग्री से अधिक भी हो सकता है। न्यूनतम तापमान 25-28 डिग्री सेल्सियस रहेगा, कुछ क्षेत्रों में यह 24 डिग्री सेल्सियस से नीचे भी जा सकता है।
दोपहर बाद और शाम के समय, क्षेत्र में कुछ स्थानों पर छिटपुट बारिश और गरज के साथ तूफान आने की संभावना है, जबकि रात में कुछ क्षेत्रों में बारिश और गरज के साथ तूफान आ सकता है। तूफान के दौरान बवंडर, बिजली गिरने, ओले पड़ने और तेज हवा के झोंके आने की संभावना है।
आज शाम और रात में हनोई में भीषण गर्मी पड़ेगी, साथ ही छिटपुट बारिश और गरज के साथ तूफान भी आ सकता है। हवाएं उत्तर-पश्चिम से पश्चिम दिशा से 2-3 की गति से चलेंगी। न्यूनतम तापमान 27-29 डिग्री सेल्सियस और अधिकतम तापमान 36-38 डिग्री सेल्सियस रहेगा।
आपको यह भी पसंद आ सकता है
उत्तरी क्षेत्रों में भीषण गर्मी का प्रकोप लगभग 13 अगस्त तक जारी रहने का अनुमान है। लगभग 14 अगस्त से गर्मी धीरे-धीरे कम होने की संभावना है। मौसम विज्ञान एजेंसी का यह भी कहना है कि वास्तविक तापमान पूर्वानुमान से 2-4 डिग्री अधिक या उससे भी अधिक हो सकता है, खासकर बड़े शहरों के भीतरी इलाकों में।
आज, थान्ह होआ से लेकर पूर्व फु येन तक , मौसम गर्म और धूप वाला रहेगा, कुछ क्षेत्रों में भीषण गर्मी पड़ सकती है। दोपहर और शाम के बाद कुछ क्षेत्रों में बारिश और गरज के साथ तूफान आने की संभावना है। हवा पश्चिम से दक्षिण-पश्चिम दिशा से 2-3 की गति से चलेगी। न्यूनतम तापमान 25-28 डिग्री सेल्सियस रहेगा। अधिकतम तापमान 35-37 डिग्री सेल्सियस रहेगा, कुछ क्षेत्रों में यह 37 डिग्री सेल्सियस से भी अधिक हो सकता है।
पूर्वानुमान से संकेत मिलता है कि थान्ह होआ से लेकर पूर्व फु येन तक के क्षेत्र में लू कई और दिनों तक जारी रहेगी।
आज खान्ह होआ से पूर्व बिन्ह थुआन तक का क्षेत्र अधिकतर बादलों से घिरा रहेगा और कुछ स्थानों पर छिटपुट बारिश और गरज के साथ तूफान आने की संभावना है। हवा पश्चिम से दक्षिण-पश्चिम दिशा से 2-3 की गति से चलेगी। गरज के साथ तूफान के दौरान बवंडर, बिजली गिरने और तेज हवा के झोंके आने की संभावना है। न्यूनतम तापमान 26-29 डिग्री सेल्सियस और अधिकतम तापमान 32-35 डिग्री सेल्सियस रहेगा।
आज मध्य पर्वतीय क्षेत्र में बादल छाए रहेंगे, दोपहर और शाम को हल्की बारिश और छिटपुट गरज के साथ बौछारें पड़ेंगी, और कुछ क्षेत्रों में भारी बारिश हो सकती है। हवा पश्चिम से दक्षिण-पश्चिम दिशा से 2-3 की गति से चलेगी। गरज के साथ बौछारों के दौरान बवंडर, बिजली गिरने और तेज हवा के झोंके आने की संभावना है। न्यूनतम तापमान 21-24 डिग्री सेल्सियस रहेगा। अधिकतम तापमान 27-30 डिग्री सेल्सियस रहेगा, कुछ क्षेत्रों में यह 30 डिग्री सेल्सियस से अधिक भी हो सकता है।
दक्षिणी वियतनाम में दिन के दौरान हल्की बारिश होगी, दोपहर और शाम के समय छिटपुट बौछारें और गरज के साथ बारिश होगी, और कुछ क्षेत्रों में भारी बारिश हो सकती है। दक्षिण-पश्चिम दिशा से 2-3 तीव्रता की हवाएं चलेंगी। न्यूनतम तापमान 25-28 डिग्री सेल्सियस रहेगा। अधिकतम तापमान 30-33 डिग्री सेल्सियस रहेगा, कुछ क्षेत्रों में यह 33 डिग्री सेल्सियस से अधिक भी हो सकता है।
आपको यह भी पसंद आ सकता है
आज हो ची मिन्ह सिटी में हल्की बारिश होगी , हालांकि आज शाम और रात में छिटपुट बौछारें और गरज के साथ बारिश हो सकती है, कुछ इलाकों में भारी बारिश भी हो सकती है। दक्षिण-पश्चिम दिशा से 2-3 तीव्रता की हवाएं चलेंगी। न्यूनतम तापमान 26-28 डिग्री सेल्सियस और अधिकतम तापमान 32-34 डिग्री सेल्सियस रहेगा।
मध्य हाइलैंड्स और दक्षिणी वियतनाम के लिए आज की वर्षा का पूर्वानुमान 10-30 मिमी है, कुछ क्षेत्रों में 70 मिमी से अधिक वर्षा हो सकती है। गरज के साथ बवंडर, बिजली और तेज हवाएं चल सकती हैं। अगले दो दिनों तक, इस क्षेत्र में दोपहर और शाम के समय गरज के साथ वर्षा जारी रहेगी, जिससे कुछ क्षेत्रों में मध्यम से भारी वर्षा हो सकती है।",1.0
भीषण गर्मी और भूराजनीतिक अस्थिरता के कारण विश्व स्तर पर खाद्य पदार्थों की कीमतें बढ़ रही हैं। - Vietnam.vn,https://news.google.com/rss/articles/CBMilgFBVV95cUxPT1dheDUtamtRYm16RGRlMVBab1hoOGNVcGxIVGh6OHZsMEVNOWtOV1pXQzVrTEJaLW14RmVSY2RHZUtTTXZjMHpCZHZyLThxZlJ6bV9rSm1XWXMtWThBY3NJcEdsU0hSdENwYzJKV3o3Q21qYXY0MXdmell3QUdvNFEtQWQyNy1BUWJYazhteUY1a3k1UUE?oc=5,Vietnam.vn,2026-08-10T07:33:20+05:30,hi,Andaman and Nicobar Islands,,"(लू OR ""लू चलना"" OR ""भीषण गर्मी"" OR ""प्रचंड गर्मी"" OR ""कड़ी धूप"" OR ""तेज धूप"" OR ""गर्म हवा"" OR ""उष्ण लहर"" OR ""ताप लहर"" OR ""हीट वेव"" OR ""झुलसाने वाली गर्मी"" OR ""तपती गर्मी"" OR ""भयंकर गर्मी"" OR ""गर्मी का कहर"" OR ""गर्मी का प्रकोप"" OR ""अत्यधिक गर्मी"" OR मौसम OR ""मौसम अपडेट"" OR ""मौसम का हाल"" OR ""मौसम पूर्वानुमान"" OR ""मौसम अलर्ट"" OR आईएमडी OR ""आईएमडी पूर्वानुमान"" OR ""आईएमडी अलर्ट"" OR ""तापमान में बढ़ोतरी"" OR ""गर्मी से राहत"" OR ""गर्मी से निजात"") Andaman and Nicobar Islands","भीषण गर्मी और भूराजनीतिक अस्थिरता के कारण विश्व स्तर पर खाद्य पदार्थों की कीमतें बढ़ रही हैं।
8 अगस्त को, संयुक्त राष्ट्र (यूएन) ने बताया कि कई उत्पादक क्षेत्रों में भीषण गर्मी की लहरों, अल नीनो घटना से संबंधित मौसम संबंधी जोखिमों और भू-राजनीतिक अस्थिरता के कारण ऊर्जा लागत में लगातार वृद्धि के बीच, जुलाई में अंतरराष्ट्रीय बाजार में प्रमुख खाद्य पदार्थों की कीमतों में मामूली वृद्धि हुई।
अज़रबैजान में गेहूं का खेत। फोटो: एफएओ
संयुक्त राष्ट्र में वियतनाम समाचार एजेंसी के संवाददाता के अनुसार, संयुक्त राष्ट्र खाद्य एवं कृषि संगठन (एफएओ) द्वारा जारी किए गए नए आंकड़ों से पता चलता है कि जुलाई में वैश्विक खाद्य मूल्य सूचकांक पिछले महीने की तुलना में बढ़ा है और 2025 की इसी अवधि की तुलना में लगभग 1% अधिक है। यह वृद्धि अनाज, चीनी और वनस्पति तेलों सहित कई आवश्यक वस्तुओं की कीमतों में वृद्धि को दर्शाती है। अनाज मूल्य सूचकांक जून की तुलना में 3.4% बढ़ा और 2025 की इसी अवधि की तुलना में 6.9% अधिक रहा। रूस- यूक्रेन संघर्ष के कारण काला सागर क्षेत्र से निर्यात में लगातार व्यवधान के चलते अंतरराष्ट्रीय बाजार में गेहूं की कीमतों में 5.8% की वृद्धि हुई। कुछ उत्पादक क्षेत्रों में भीषण गर्मी के कारण भविष्य में गेहूं उत्पादन को लेकर चिंताएं भी बढ़ गईं।
जुलाई में मक्के की कीमतों में 3.6% की वृद्धि हुई, जिसका मुख्य कारण अमेरिका के कुछ उत्पादक क्षेत्रों में गर्म और शुष्क मौसम था। इसके अलावा, ऊर्जा की बढ़ती लागत ने भी मक्के की कीमतों पर दबाव डाला, जिसका व्यापक रूप से पशुपालन और जैव ईंधन उत्पादन में उपयोग किया जाता है। विशेष रूप से, वनस्पति तेल मूल्य सूचकांक में 2% की वृद्धि हुई, जो जून 2022 के बाद से अपने उच्चतम स्तर पर पहुंच गया। इंडोनेशिया में जैव ईंधन उत्पादन के लिए कच्चे माल की मांग और कच्चे तेल की बढ़ती कीमतों ने इस रुझान को बल दिया।
एफएओ का तर्क है कि ऊर्जा की कीमतें परिवहन लागत, उर्वरक, प्रसंस्करण और जैव ईंधन उत्पादन के माध्यम से खाद्य कीमतों को काफी हद तक प्रभावित करती हैं। इसलिए, जटिल भू-राजनीतिक स्थिति और अंतरराष्ट्रीय ऊर्जा बाजार में अस्थिरता लोगों की खाद्य उपलब्धता को प्रभावित करती रह सकती है, खासकर कमजोर देशों में।
थान तुआन
स्रोत: https://baocantho.com.vn/gia-luong-thuc-the-gioi-tang-vi-nang-nong-va-bat-on-dia-chinh-tri-a212061.html",0.6833333333333333
"उत्तरी वियतनाम में भीषण गर्मी पड़ती है, जहां तापमान 40 डिग्री सेल्सियस के करीब पहुंच जाता है। - Vietnam.vn",https://news.google.com/rss/articles/CBMifkFVX3lxTE5YTmlOSmFKc194bVVDMTc3SkVxQmQ0QnFjcXpHZUFLTFh3MG1USXQ5ZzQ0a2RCZmQ4UU1MZFZxVFhramZiVGNkVUdsRndCWHpEbGJtTWJzUEVDUk1CVmJZNFYwQ2h2Q19IalRxcXNWcnQta2RueXFMMnkzanpqZw?oc=5,Vietnam.vn,2026-08-10T05:45:05+05:30,hi,Andaman and Nicobar Islands,,"(लू OR ""लू चलना"" OR ""भीषण गर्मी"" OR ""प्रचंड गर्मी"" OR ""कड़ी धूप"" OR ""तेज धूप"" OR ""गर्म हवा"" OR ""उष्ण लहर"" OR ""ताप लहर"" OR ""हीट वेव"" OR ""झुलसाने वाली गर्मी"" OR ""तपती गर्मी"" OR ""भयंकर गर्मी"" OR ""गर्मी का कहर"" OR ""गर्मी का प्रकोप"" OR ""अत्यधिक गर्मी"" OR मौसम OR ""मौसम अपडेट"" OR ""मौसम का हाल"" OR ""मौसम पूर्वानुमान"" OR ""मौसम अलर्ट"" OR आईएमडी OR ""आईएमडी पूर्वानुमान"" OR ""आईएमडी अलर्ट"" OR ""तापमान में बढ़ोतरी"" OR ""गर्मी से राहत"" OR ""गर्मी से निजात"") Andaman and Nicobar Islands","उत्तरी वियतनाम में भीषण गर्मी पड़ती है, जहां तापमान 40 डिग्री सेल्सियस के करीब पहुंच जाता है।
आज (10 अगस्त) उत्तरी क्षेत्र (लाई चाऊ और डिएन बिएन को छोड़कर) में भीषण गर्मी रहेगी, अधिकतम तापमान आमतौर पर 36-38 डिग्री सेल्सियस के बीच रहेगा; न्यूनतम सापेक्ष आर्द्रता आमतौर पर 50-55% रहेगी। थान्ह होआ से दा नांग शहर तक और क्वांग न्गाई के पूर्वी भाग में भी भीषण गर्मी जारी रहेगी।
Báo Sức khỏe Đời sống•09/08/2026
राष्ट्रीय मौसम विज्ञान एवं जल विज्ञान पूर्वानुमान केंद्र के अनुसार, कल (9 अगस्त) उत्तरी क्षेत्र (लाई चाऊ और डिएन बिएन को छोड़कर) में भीषण गर्मी पड़ी; थान्ह होआ से उत्तरी क्वांग त्रि तक के क्षेत्र में भी गर्मी रही, कुछ क्षेत्रों में भीषण गर्मी का प्रकोप रहा। अधिकतम तापमान आमतौर पर 35-38 डिग्री सेल्सियस रहा, कुछ स्थानों पर यह 38 डिग्री सेल्सियस से भी अधिक था, जैसे कि निम्नलिखित स्थानों पर: होआ बिन्ह (फू थो) 38.3 डिग्री, लाओ काई 38.6 डिग्री, बाक मे (तुयेन क्वांग) 39.9 डिग्री, बाक निन्ह 38.2 डिग्री, लांग (हनोई) 38.5 डिग्री, न्हो क्वान (निन्ह बिन्ह) 38.3 डिग्री, क्वी चाऊ (न्घे आन) 38.1 डिग्री, आदि; न्यूनतम सापेक्ष आर्द्रता आमतौर पर 50-60% थी।
10-11 अगस्त को उत्तरी क्षेत्र (लाई चाऊ और डिएन बिएन को छोड़कर) में भीषण गर्मी पड़ेगी, जहां अधिकतम तापमान आमतौर पर 36-38 डिग्री सेल्सियस के बीच रहेगा; न्यूनतम सापेक्ष आर्द्रता आमतौर पर 50-55% होगी। थान्ह होआ से दा नांग शहर और पूर्वी क्वांग न्गाई तक के क्षेत्र में भी गर्मी रहेगी, कुछ क्षेत्रों में भीषण गर्मी होगी, जहां अधिकतम तापमान आमतौर पर 35-37 डिग्री सेल्सियस के बीच रहेगा और कुछ स्थानों पर 37 डिग्री सेल्सियस से अधिक भी हो सकता है; न्यूनतम सापेक्ष आर्द्रता आमतौर पर 55-60% होगी।
उत्तरी क्षेत्र में भीषण गर्मी जारी है, लेकिन 14-15 अगस्त के आसपास इसमें धीरे-धीरे कमी आने की संभावना है। मध्य क्षेत्र में भीषण गर्मी कई दिनों तक बनी रहने की संभावना है। लू के कारण प्राकृतिक आपदा का खतरा स्तर 1 है।
तीव्र गर्मी और कम आर्द्रता के संयुक्त प्रभाव से, बिजली की बढ़ती मांग के कारण आवासीय क्षेत्रों में विस्फोट और आग लगने का खतरा बढ़ जाता है। इसके अलावा, लंबे समय तक उच्च तापमान के संपर्क में रहने से निर्जलीकरण हो सकता है।
नोट: लू की रिपोर्टों में तापमान का पूर्वानुमान और वास्तविक रूप से महसूस किया गया बाहरी तापमान, कंक्रीट या डामर जैसी सतहों की स्थिति के आधार पर 1-3 डिग्री या उससे भी अधिक भिन्न हो सकता है।
10 अगस्त को देशभर के सभी क्षेत्रों के लिए मौसम का पूर्वानुमान:
दिन में बादल छाए रहेंगे, गर्मी रहेगी और भीषण उमस होगी; शाम और रात में छिटपुट बारिश और गरज के साथ तूफान आने की संभावना है। उत्तर-पश्चिम से पश्चिम की ओर 2-3 तीव्रता की हवाएं चलेंगी। गरज के साथ तूफान के दौरान बवंडर, बिजली गिरने और तेज हवा के झोंके आने की संभावना है। न्यूनतम तापमान 27-29 डिग्री सेल्सियस और अधिकतम तापमान 36-38 डिग्री सेल्सियस रहेगा।
आपको यह भी पसंद आ सकता है
उत्तर-पश्चिमी वियतनाम
आसमान में बादल छाए रहेंगे, मौसम गर्म रहेगा, कुछ इलाकों में भीषण गर्मी होगी; लाई चाऊ और डिएन बिएन में दिन के दौरान छिटपुट बारिश और गरज के साथ बौछारें पड़ेंगी, कुछ इलाकों में गर्मी रहेगी। दोपहर बाद और शाम को छिटपुट बारिश और गरज के साथ बौछारें पड़ने की संभावना है, रात में भी छिटपुट बारिश और गरज के साथ बौछारें पड़ेंगी। हवा हल्की रहेगी। गरज के साथ बौछारों के दौरान बवंडर, बिजली, ओले और तेज हवा के झोंके आने की संभावना है। न्यूनतम तापमान 25-28 डिग्री सेल्सियस रहेगा, कुछ इलाकों में 24 डिग्री सेल्सियस से नीचे भी जा सकता है; अधिकतम तापमान 34-37 डिग्री सेल्सियस रहेगा, कुछ इलाकों में 37 डिग्री सेल्सियस से ऊपर भी जा सकता है।
पूर्वोत्तर वियतनाम
दिन में बादल छाए रहेंगे, गर्मी रहेगी और भीषण उमस होगी; शाम और रात में छिटपुट बारिश और गरज के साथ तूफान आने की संभावना है। उत्तर-पश्चिम से पश्चिम की ओर 2-3 तीव्रता की हवाएं चलेंगी। गरज के साथ तूफान के दौरान बवंडर, बिजली, ओले और तेज हवा के झोंके आने की संभावना है। न्यूनतम तापमान 26-29 डिग्री सेल्सियस रहेगा, पहाड़ी क्षेत्रों में 25 डिग्री सेल्सियस से नीचे; अधिकतम तापमान 35-38 डिग्री सेल्सियस रहेगा।
आसमान में बादल छाए रहेंगे, दिन में गर्मी रहेगी, कुछ इलाकों में भीषण गर्मी पड़ सकती है; शाम और रात में छिटपुट बारिश और गरज के साथ तूफान आ सकता है। पश्चिम से दक्षिण-पश्चिम दिशा की ओर 2-3 ब्यूफोर्ट की रफ्तार से हवाएं चलेंगी। गरज के साथ तूफान के दौरान बवंडर, बिजली गिरने, ओले गिरने और तेज हवा के झोंके आने की संभावना है। न्यूनतम तापमान 25-28 डिग्री सेल्सियस और अधिकतम तापमान 35-37 डिग्री सेल्सियस रहेगा, कुछ इलाकों में यह 37 डिग्री सेल्सियस से भी अधिक हो सकता है।
दक्षिण मध्य तट
उत्तर में दिन के समय बादल छाए रहेंगे और गर्म मौसम रहेगा, कुछ क्षेत्रों में भीषण गर्मी पड़ सकती है; शाम और रात में छिटपुट बारिश और गरज के साथ तूफान आने की संभावना है। दक्षिण में अधिकतर बादल छाए रहेंगे और छिटपुट बारिश और गरज के साथ तूफान आने की संभावना है। पश्चिम से दक्षिण-पश्चिम की ओर चलने वाली हवाएं 2-3 तीव्रता की होंगी। गरज के साथ तूफान के दौरान बवंडर, बिजली गिरने और तेज हवा के झोंके आने की संभावना है। न्यूनतम तापमान 26-29 डिग्री सेल्सियस रहेगा; उत्तर में अधिकतम तापमान 35-37 डिग्री सेल्सियस रहेगा, कुछ क्षेत्रों में यह 37 डिग्री सेल्सियस से अधिक हो सकता है; दक्षिण में यह 32-35 डिग्री सेल्सियस रहेगा।
मध्य उच्चभूमि
आसमान में बादल छाए रहेंगे, छिटपुट बारिश और गरज के साथ बौछारें पड़ेंगी, कुछ इलाकों में दोपहर और शाम को भारी बारिश हो सकती है। पश्चिम से दक्षिण-पश्चिम दिशा की ओर 2-3 ब्यूफोर्ट की गति से हवाएं चलेंगी। गरज के साथ बौछारों के दौरान बवंडर, बिजली गिरने और तेज हवा के झोंके आने की संभावना है। न्यूनतम तापमान 21-24 डिग्री सेल्सियस और अधिकतम तापमान 27-30 डिग्री सेल्सियस रहेगा, कुछ इलाकों में तापमान 30 डिग्री सेल्सियस से भी अधिक हो सकता है।
आपको यह भी पसंद आ सकता है
दक्षिणी वियतनाम
आसमान में बादल छाए रहेंगे और कुछ इलाकों में छिटपुट बारिश और गरज के साथ बौछारें पड़ेंगी; दोपहर बाद और शाम को छिटपुट बारिश और गरज के साथ बौछारें पड़ेंगी, कुछ इलाकों में भारी बारिश भी हो सकती है। दक्षिण-पश्चिम दिशा से 2-3 ब्यूफोर्ट की गति से हवाएं चलेंगी। गरज के साथ बौछारों के दौरान बवंडर, बिजली गिरने और तेज हवा के झोंके आने की संभावना है। न्यूनतम तापमान 25-28 डिग्री सेल्सियस, अधिकतम तापमान 30-33 डिग्री सेल्सियस रहेगा, कुछ इलाकों में तापमान 33 डिग्री सेल्सियस से अधिक भी हो सकता है।
हो ची मिन्ह सिटी
आसमान में बादल छाए रहेंगे और कुछ इलाकों में छिटपुट बारिश और गरज के साथ तूफान आने की संभावना है; खासकर दोपहर और शाम के समय छिटपुट बारिश और गरज के साथ तूफान आएगा, कुछ जगहों पर भारी बारिश भी हो सकती है। दक्षिण-पश्चिम दिशा से 2-3 ब्यूफोर्ट की गति से हवाएं चलेंगी। गरज के साथ तूफान के दौरान बवंडर, बिजली गिरने और तेज हवा के झोंके आने की संभावना है। न्यूनतम तापमान 26-28 डिग्री सेल्सियस और अधिकतम तापमान 32-34 डिग्री सेल्सियस रहेगा।",1.0
"उत्तरी और मध्य वियतनाम में भीषण गर्मी की लहर, जिया लाई में अचानक बाढ़ का खतरा। - Vietnam.vn",https://news.google.com/rss/articles/CBMilwFBVV95cUxNSzktR0RUSGgxMi1icmhuOXFSS3RDZ2tnT3RvYkYtcU9sNi1ISFpKdnp5T1p4WVZ6UVVuazVGSWdlZEx2Wk9CdXpHUWJUR2hjNHdIbjR5cFNpcUNxaUg3N3ZhajJleDNhcUFTanJKU2hRNXVta3lCSi1yQWREUjMzbGNIYktlckFBNHpGS25DbXdDWjE3cnZj?oc=5,Vietnam.vn,2026-08-10T05:58:54+05:30,hi,Andaman and Nicobar Islands,,"(लू OR ""लू चलना"" OR ""भीषण गर्मी"" OR ""प्रचंड गर्मी"" OR ""कड़ी धूप"" OR ""तेज धूप"" OR ""गर्म हवा"" OR ""उष्ण लहर"" OR ""ताप लहर"" OR ""हीट वेव"" OR ""झुलसाने वाली गर्मी"" OR ""तपती गर्मी"" OR ""भयंकर गर्मी"" OR ""गर्मी का कहर"" OR ""गर्मी का प्रकोप"" OR ""अत्यधिक गर्मी"" OR मौसम OR ""मौसम अपडेट"" OR ""मौसम का हाल"" OR ""मौसम पूर्वानुमान"" OR ""मौसम अलर्ट"" OR आईएमडी OR ""आईएमडी पूर्वानुमान"" OR ""आईएमडी अलर्ट"" OR ""तापमान में बढ़ोतरी"" OR ""गर्मी से राहत"" OR ""गर्मी से निजात"") Andaman and Nicobar Islands","उत्तरी और मध्य वियतनाम में भीषण गर्मी की लहर, जिया लाई में अचानक बाढ़ का खतरा।
10 अगस्त को, हनोई और कई उत्तरी प्रांतों में भीषण गर्मी जारी रही, जहां अधिकतम तापमान 36-38 डिग्री सेल्सियस तक पहुंच गया; वहीं, जिया लाई ने भारी बारिश के कारण अचानक बाढ़ और भूस्खलन के खतरे की चेतावनी दी।
VietnamPlus•09/08/2026
राष्ट्रीय जल-मौसम विज्ञान पूर्वानुमान केंद्र के अनुसार, 10 अगस्त को मध्य उच्चभूमि और दक्षिणी क्षेत्रों में दिन और रात दोनों समय छिटपुट बौछारें और गरज के साथ बारिश होगी, जिसमें 10-30 मिमी तक वर्षा होगी और कुछ स्थानों पर 70 मिमी से अधिक भारी बारिश भी हो सकती है; बारिश दोपहर और शाम के समय अधिक होगी। वहीं, उत्तरी और मध्य क्षेत्रों में कई इलाकों में भीषण गर्मी पड़ेगी, जहां तापमान 37 डिग्री सेल्सियस से अधिक रहेगा।
9 अगस्त की रात 9 बजे से 10 अगस्त की सुबह 4 बजे तक, जिया लाई प्रांत के कुछ क्षेत्रों में मध्यम से भारी बारिश हुई, जैसे कि चू प्रोंग शहर का बांध (97 मिमी), बिन्ह गियाओ (91.8 मिमी) और चू प्रोंग (85.2 मिमी)...
मौसम पूर्वानुमानों के अनुसार, जिया लाई प्रांत में लगातार बारिश होने की संभावना है, जिसमें आमतौर पर 30-50 मिमी बारिश होगी और कुछ क्षेत्रों में यह 80 मिमी से अधिक भी हो सकती है। इसलिए, जिया लाई प्रांत में, विशेष रूप से निम्नलिखित कम्यून/वार्डों में, छोटी नदियों और नालों में अचानक बाढ़ और ढलानों पर भूस्खलन का खतरा है: बाऊ कैन, चू प्रोंग, चू पुह, चू से, इया बूंग, इया प्नोन, इया रसाई, इया तोर और इया तुल।
10 अगस्त की रात, पूर्वी सागर के उत्तरी और मध्य क्षेत्रों में दिन-रात दक्षिण-पश्चिम दिशा से 6 तीव्रता की हवाएँ चलेंगी, जिनकी गति 7 तक पहुँच सकती है। समुद्र में अशांत लहरें उठेंगी, जिनकी ऊँचाई 2-5 मीटर होगी। दक्षिणी क्वांग त्रि से क्वांग न्गाई तक के समुद्री क्षेत्र में पश्चिम से दक्षिण-पश्चिम दिशा से 5 तीव्रता की हवाएँ चलेंगी, जिनकी गति कभी-कभी 6 तक पहुँच सकती है, और जिनकी गति 7-8 तक हो सकती है। समुद्र में 2-3 मीटर ऊँची लहरें उठेंगी।
गिया लाई से विन्ह लोंग और दक्षिण चीन सागर के उत्तरी समुद्री क्षेत्र (ट्रुओंग सा विशेष क्षेत्र के उत्तरी भाग सहित) में, तीव्रता 6 की दक्षिण-पश्चिम हवाएँ चलेंगी, जिनकी गति 8 तक पहुँच सकती है। समुद्र में अशांत लहरें उठेंगी और तरंगें 2-4 मीटर ऊँची होंगी। आज रात से कुछ क्षेत्रों में हवा की गति धीरे-धीरे कम होने लगेगी।
इसके अतिरिक्त, दक्षिण चीन सागर के उत्तरी और मध्य भागों (होआंग सा विशेष आर्थिक क्षेत्र सहित), लाम डोंग से का माऊ तक के समुद्री क्षेत्र, का माऊ से आन जियांग तक के समुद्री क्षेत्र और थाईलैंड की खाड़ी में छिटपुट बारिश और गरज के साथ तूफान आने की संभावना है। गरज के साथ तूफान के दौरान बवंडर, तेज हवा के झोंके (स्तर 7-8) और 2 मीटर से अधिक ऊंची लहरें उठने की प्रबल संभावना है।
इन क्षेत्रों में चलने वाले सभी जहाजों को तेज हवाओं और ऊंची लहरों से प्रभावित होने का उच्च जोखिम है। समुद्री आपदा जोखिम स्तर: स्तर 2।
आपको यह भी पसंद आ सकता है
विभिन्न क्षेत्रों में विशिष्ट मौसम स्थितियों के संबंध में, उत्तर-पश्चिम में बादल छाए रहेंगे और दिन गर्म रहेंगे, तथा कुछ क्षेत्रों में भीषण गर्मी रहेगी; लाई चाऊ और डिएन बिएन में दिन के दौरान छिटपुट बारिश और गरज के साथ बौछारें पड़ेंगी, तथा कुछ स्थानों पर गर्म मौसम रहेगा।
दोपहर बाद और शाम को छिटपुट बारिश और गरज के साथ तूफान आने की संभावना है, साथ ही रात में कुछ स्थानों पर बारिश और गरज के साथ तूफान आ सकता है। तूफान के दौरान बवंडर, बिजली, ओले और तेज हवा के झोंके आने की संभावना है। न्यूनतम तापमान 25-28 डिग्री सेल्सियस रहेगा, कुछ क्षेत्रों में 24 डिग्री सेल्सियस से नीचे भी जा सकता है; अधिकतम तापमान 34-37 डिग्री सेल्सियस रहेगा, कुछ क्षेत्रों में 37 डिग्री सेल्सियस से ऊपर भी जा सकता है।
पूर्वोत्तर क्षेत्र में दिन के समय भीषण गर्मी रहेगी; शाम और रात में छिटपुट बारिश और गरज के साथ तूफान आने की संभावना है। हवाएं उत्तर-पश्चिम से पश्चिम दिशा से 2-3 की गति से चलेंगी। गरज के साथ तूफान के दौरान बवंडर, बिजली, ओले और तेज हवा के झोंके आने की संभावना है। न्यूनतम तापमान 26-29 डिग्री सेल्सियस रहेगा, कुछ पहाड़ी क्षेत्रों में यह 25 डिग्री सेल्सियस से नीचे भी जा सकता है; अधिकतम तापमान 35-38 डिग्री सेल्सियस रहेगा।
थान्ह होआ से ह्यू तक, दिन में धूप और गर्मी रहेगी, कुछ क्षेत्रों में भीषण गर्मी पड़ सकती है; शाम और रात में छिटपुट बारिश और गरज के साथ तूफान आ सकता है। पश्चिम से दक्षिण-पश्चिम दिशा की ओर 2-3 तीव्रता की हवाएं चलेंगी। गरज के साथ तूफान के दौरान बवंडर, बिजली, ओले और तेज हवा के झोंके आने की संभावना है। न्यूनतम तापमान 25-28 डिग्री सेल्सियस; अधिकतम तापमान 35-37 डिग्री सेल्सियस रहेगा, कुछ क्षेत्रों में यह 37 डिग्री सेल्सियस से अधिक भी हो सकता है।
दक्षिण मध्य तटीय क्षेत्र में, उत्तरी भाग में दिन के दौरान बादल छाए रहेंगे और गर्म मौसम रहेगा, कुछ क्षेत्रों में भीषण गर्मी पड़ सकती है; शाम और रात में छिटपुट बारिश और गरज के साथ तूफान आने की संभावना है। दक्षिणी भाग में अधिकतर बादल छाए रहेंगे और छिटपुट बारिश और गरज के साथ तूफान आने की संभावना है। पश्चिम से दक्षिण-पश्चिम दिशा की ओर 2-3 तीव्रता की हवाएं चलेंगी। गरज के साथ तूफान के दौरान बवंडर, बिजली गिरने और तेज हवा के झोंके आने की संभावना है। न्यूनतम तापमान 26-29 डिग्री सेल्सियस रहेगा; उत्तर में अधिकतम तापमान 35-37 डिग्री सेल्सियस रहेगा, कुछ क्षेत्रों में यह 37 डिग्री सेल्सियस से अधिक हो सकता है; दक्षिण में यह 32-35 डिग्री सेल्सियस रहेगा।
मध्य उच्चभूमि में दोपहर और शाम के समय हल्की बारिश और छिटपुट गरज के साथ बौछारें पड़ेंगी, कुछ स्थानों पर भारी बारिश भी हो सकती है। पश्चिम से दक्षिण-पश्चिम की ओर चलने वाली हवाएं 2-3 तीव्रता की होंगी। गरज के साथ बौछारों के दौरान बवंडर, बिजली गिरने और तेज हवा के झोंके आने की संभावना है। न्यूनतम तापमान 21-24 डिग्री सेल्सियस और अधिकतम तापमान 27-30 डिग्री सेल्सियस रहेगा, कुछ क्षेत्रों में यह 30 डिग्री सेल्सियस से भी अधिक हो सकता है।
आपको यह भी पसंद आ सकता है
दक्षिणी वियतनाम के कुछ इलाकों में छिटपुट बारिश और गरज के साथ तूफान आने की संभावना है; दोपहर बाद और शाम को छिटपुट बारिश और गरज के साथ तूफान आएगा, कुछ स्थानों पर भारी बारिश भी हो सकती है। दक्षिण-पश्चिम दिशा से 2-3 तीव्रता की हवाएं चलेंगी। गरज के साथ तूफान के दौरान बवंडर, बिजली गिरने और तेज हवा के झोंके आने की संभावना है। न्यूनतम तापमान 25-28 डिग्री सेल्सियस रहेगा; अधिकतम तापमान 30-33 डिग्री सेल्सियस रहेगा, कुछ स्थानों पर यह 33 डिग्री सेल्सियस से अधिक भी हो सकता है।
हनोई में दिन के दौरान भीषण गर्मी रहेगी; शाम और रात में छिटपुट बारिश और गरज के साथ तूफान आने की संभावना है। हवाएं उत्तर-पश्चिम से पश्चिम दिशा से 2-3 की गति से चलेंगी। तूफान के दौरान बवंडर, बिजली गिरने और तेज हवा के झोंके आने की संभावना है। न्यूनतम तापमान 27-29 डिग्री सेल्सियस और अधिकतम तापमान 36-38 डिग्री सेल्सियस रहेगा।
हो ची मिन्ह सिटी में छिटपुट बारिश और गरज के साथ तूफान आने की संभावना है; विशेष रूप से दोपहर और शाम के समय, छिटपुट बारिश और गरज के साथ तूफान आने की संभावना है, कुछ क्षेत्रों में भारी बारिश भी हो सकती है। दक्षिण-पश्चिम दिशा से 2-3 तीव्रता की हवाएं चलेंगी। गरज के साथ तूफान के दौरान बवंडर, बिजली गिरने और तेज हवा के झोंके आने की संभावना है। न्यूनतम तापमान 26-28 डिग्री सेल्सियस और अधिकतम तापमान 32-34 डिग्री सेल्सियस रहेगा।",1.0
"आज का मौसम (10 अगस्त): हनोई में भीषण गर्मी पड़ रही है, कुछ इलाकों में तापमान 38 डिग्री सेल्सियस तक पहुंच गया है। - Vietnam.vn",https://news.google.com/rss/articles/CBMijAFBVV95cUxNMEhIWFQxOU0wMlE3RElvVjFDdDBWR21xOUg4NmlQeFJwU0UxTkJKaE5ab2JfZmFsTWV3VFd1aVVXc0VjRk9kdXdTdVU0azZJeEJRc1VnQURGZjlYeHZxVlNEeW9aWVkzS2RKUkI4a3RPMXNvVUpWd05lcnAzQ194ZVp5YnF5ZHVpczA4Tw?oc=5,Vietnam.vn,2026-08-10T07:53:54+05:30,hi,Andaman and Nicobar Islands,,"(लू OR ""लू चलना"" OR ""भीषण गर्मी"" OR ""प्रचंड गर्मी"" OR ""कड़ी धूप"" OR ""तेज धूप"" OR ""गर्म हवा"" OR ""उष्ण लहर"" OR ""ताप लहर"" OR ""हीट वेव"" OR ""झुलसाने वाली गर्मी"" OR ""तपती गर्मी"" OR ""भयंकर गर्मी"" OR ""गर्मी का कहर"" OR ""गर्मी का प्रकोप"" OR ""अत्यधिक गर्मी"" OR मौसम OR ""मौसम अपडेट"" OR ""मौसम का हाल"" OR ""मौसम पूर्वानुमान"" OR ""मौसम अलर्ट"" OR आईएमडी OR ""आईएमडी पूर्वानुमान"" OR ""आईएमडी अलर्ट"" OR ""तापमान में बढ़ोतरी"" OR ""गर्मी से राहत"" OR ""गर्मी से निजात"") Andaman and Nicobar Islands","हनोई : भीषण गर्मी, तापमान 38 डिग्री सेल्सियस तक पहुंच गया।
न्यूनतम तापमान: 27-29 डिग्री सेल्सियस
अधिकतम तापमान: 36-38 डिग्री सेल्सियस
मौसम पूर्वानुमान: भीषण गर्मी।
हो ची मिन्ह सिटी: दोपहर/शाम के बाद गरज के साथ बारिश होने की संभावना है।
हनोई : भीषण गर्मी, तापमान 38 डिग्री सेल्सियस तक पहुंच गया।
न्यूनतम तापमान: 27-29 डिग्री सेल्सियस
अधिकतम तापमान: 36-38 डिग्री सेल्सियस
मौसम पूर्वानुमान: भीषण गर्मी।
हो ची मिन्ह सिटी: दोपहर/शाम के बाद गरज के साथ बारिश होने की संभावना है।
न्यूनतम तापमान: 26-28 डिग्री सेल्सियस
अधिकतम तापमान: 32-34 डिग्री सेल्सियस
मौसम पूर्वानुमान: दिन भर बारिश और धूप दोनों देखने को मिलेंगी। दोपहर और शाम के समय छिटपुट बौछारें और गरज के साथ बारिश हो सकती है, और कुछ क्षेत्रों में भारी बारिश भी हो सकती है। दक्षिण-पश्चिम दिशा से 2-3 तीव्रता की हवाएं चलेंगी। गरज के साथ बारिश के दौरान बवंडर, बिजली गिरने और तेज हवाओं से सावधान रहें।
उत्तर पश्चिमी वियतनाम: कुछ क्षेत्रों में तापमान 37 डिग्री सेल्सियस से अधिक हो गया है।
न्यूनतम तापमान: 24-27 डिग्री सेल्सियस, कुछ स्थानों पर 23 डिग्री सेल्सियस से नीचे।
अधिकतम तापमान: 34-37 डिग्री सेल्सियस, कुछ स्थानों पर 37 डिग्री सेल्सियस से ऊपर।
मौसम पूर्वानुमान: आज का दिन गर्म और धूप वाला रहेगा, कुछ क्षेत्रों में अत्यधिक गर्मी पड़ सकती है; दोपहर और शाम के बाद बारिश और गरज के साथ तूफान आ सकता है। तूफान के दौरान बवंडर, बिजली गिरने, ओले पड़ने और तेज हवा के झोंके आने की संभावना है।
पूर्वोत्तर वियतनाम: भीषण गर्मी की लहर
न्यूनतम तापमान: 26-29 डिग्री सेल्सियस, पर्वतीय क्षेत्रों में 25 डिग्री सेल्सियस से नीचे।
अधिकतम तापमान: 35-38 डिग्री सेल्सियस
मौसम पूर्वानुमान: गर्म और अत्यधिक गर्म मौसम। उत्तर-पश्चिम से पश्चिम की ओर हवाएं चलेंगी, जिनकी तीव्रता 2-3 होगी।
थान्ह होआ से ह्यू तक: गर्म और धूप वाला मौसम, कुछ क्षेत्रों में तापमान 37 डिग्री सेल्सियस से अधिक।
न्यूनतम तापमान: 25-28 डिग्री सेल्सियस
अधिकतम तापमान: 35-37 डिग्री सेल्सियस, कुछ स्थानों पर 37 डिग्री सेल्सियस से ऊपर।
मौसम पूर्वानुमान: गर्म और धूप वाला दिन, कुछ क्षेत्रों में अत्यधिक गर्मी। पश्चिम से दक्षिण-पश्चिम की ओर हवाएं चलेंगी, जिनकी तीव्रता 2-3 होगी।
दक्षिण मध्य तट: उत्तर में भीषण गर्मी की लहर।
न्यूनतम तापमान: 26-29 डिग्री सेल्सियस
अधिकतम तापमान: उत्तर में 35-37°C, कुछ स्थानों पर 37°C से ऊपर; दक्षिण में 32-35°C
मौसम पूर्वानुमान: दिन में धूप खिली रहेगी, शाम और रात में छिटपुट बारिश और गरज के साथ तूफान आने की संभावना है। उत्तरी क्षेत्र में गर्म मौसम रहेगा, कुछ स्थानों पर भीषण गर्मी पड़ सकती है। पश्चिम से दक्षिण-पश्चिम दिशा में 2-3 की गति से हवाएं चलेंगी।
मध्य हाइलैंड्स: दोपहर और शाम के बाद छिटपुट गरज के साथ बारिश होने की संभावना है।
न्यूनतम तापमान: 20-23 डिग्री सेल्सियस
अधिकतम तापमान: 26-29 डिग्री सेल्सियस
मौसम पूर्वानुमान: दिन भर बारिश और धूप दोनों देखने को मिलेंगी। दोपहर और शाम को छिटपुट बौछारें और गरज के साथ बारिश हो सकती है, और कुछ क्षेत्रों में भारी बारिश भी हो सकती है। गरज के साथ बारिश के दौरान बवंडर, बिजली गिरने और तेज हवा के झोंके चलने की संभावना है।
दक्षिणी वियतनाम: पूर्वी क्षेत्र में गरज के साथ तूफान केंद्रित हैं।
न्यूनतम तापमान: 24-27 डिग्री सेल्सियस
अधिकतम तापमान: 31-34 डिग्री सेल्सियस
मौसम पूर्वानुमान: दिन भर बारिश और धूप दोनों देखने को मिलेंगी। दोपहर और शाम के समय छिटपुट बौछारें और गरज के साथ बारिश हो सकती है, और कुछ क्षेत्रों में भारी बारिश भी हो सकती है। दक्षिण-पश्चिम दिशा से 2-3 तीव्रता की हवाएं चलेंगी। गरज के साथ बारिश के दौरान बवंडर, बिजली गिरने और तेज हवाओं से सावधान रहें।
स्रोत: https://baovanhoa.vn/doi-song/thoi-tiet-hom-nay-108-ha-noi-nang-nong-gay-gat-co-noi-38c-254675.html",1.0
"थान्ह होआ में लंबे समय तक भीषण गर्मी पड़ेगी, कुछ इलाकों में तापमान 38 डिग्री सेल्सियस से अधिक हो सकता है। - Vietnam.vn",https://news.google.com/rss/articles/CBMilwFBVV95cUxPaGllNG1oM2VSRUg3dzVTMWRXMmlSRWlXb2dZOFIzTUZVNlh5YlZ6ZVd5MTNUVTNkZVpEeHNtblJUXzdXWnNGVm11NnFad2R0UEJfWlJUaDZQMG9icEszM0ZHNTBKNU5rRXdydVczbFBLeDVGTzR2Q0NnaXR3TU9DZWFxUEVuZWlBY1RGUW05eEZwbkJtUHc0?oc=5,Vietnam.vn,2026-08-10T05:58:49+05:30,hi,Andaman and Nicobar Islands,,"(लू OR ""लू चलना"" OR ""भीषण गर्मी"" OR ""प्रचंड गर्मी"" OR ""कड़ी धूप"" OR ""तेज धूप"" OR ""गर्म हवा"" OR ""उष्ण लहर"" OR ""ताप लहर"" OR ""हीट वेव"" OR ""झुलसाने वाली गर्मी"" OR ""तपती गर्मी"" OR ""भयंकर गर्मी"" OR ""गर्मी का कहर"" OR ""गर्मी का प्रकोप"" OR ""अत्यधिक गर्मी"" OR मौसम OR ""मौसम अपडेट"" OR ""मौसम का हाल"" OR ""मौसम पूर्वानुमान"" OR ""मौसम अलर्ट"" OR आईएमडी OR ""आईएमडी पूर्वानुमान"" OR ""आईएमडी अलर्ट"" OR ""तापमान में बढ़ोतरी"" OR ""गर्मी से राहत"" OR ""गर्मी से निजात"") Andaman and Nicobar Islands","थान्ह होआ में लंबे समय तक भीषण गर्मी पड़ेगी, कुछ इलाकों में तापमान 38 डिग्री सेल्सियस से अधिक हो सकता है।
अगले दो दिनों (10 और 11 अगस्त) के दौरान, उत्तरी क्षेत्र, थान्ह होआ से दा नांग शहर तक और पूर्वी क्वांग न्गाई में भीषण गर्मी पड़ेगी, जहां अधिकतम तापमान आमतौर पर 35-38 डिग्री सेल्सियस तक पहुंच जाएगा। पूर्वानुमान के अनुसार, उत्तरी क्षेत्र में लू की लहर अगले कुछ दिनों तक जारी रहने की संभावना है और यह 14-15 अगस्त के आसपास धीरे-धीरे कम हो जाएगी।
यह केवल उदाहरण के लिए है।
राष्ट्रीय जल-मौसम विज्ञान पूर्वानुमान केंद्र के अनुसार, अगले दो दिनों (10 और 11 अगस्त) के लिए पूर्वानुमान उत्तरी क्षेत्र (लाई चाऊ और डिएन बिएन को छोड़कर) में गर्म और अत्यधिक गर्म मौसम का संकेत देता है, जिसमें अधिकतम तापमान आमतौर पर 36-38 डिग्री सेल्सियस के बीच रहेगा; और न्यूनतम सापेक्ष आर्द्रता आमतौर पर 50-55% के बीच रहेगी।
थान्ह होआ से दा नांग शहर और पूर्वी क्वांग न्गाई तक के क्षेत्र में गर्म मौसम रहेगा, कुछ इलाकों में भीषण गर्मी पड़ेगी। अधिकतम तापमान आमतौर पर 35-37 डिग्री सेल्सियस के बीच रहेगा, कुछ स्थानों पर यह 37 डिग्री सेल्सियस से अधिक भी हो सकता है; न्यूनतम सापेक्ष आर्द्रता आमतौर पर 55-60% रहेगी।
मौसम विज्ञान एजेंसी का कहना है कि लू की रिपोर्टों में तापमान का पूर्वानुमान और बाहर का वास्तविक तापमान 1-3 डिग्री सेल्सियस या उससे भी अधिक भिन्न हो सकता है, जो कंक्रीट या डामर जैसी सतह की स्थितियों पर निर्भर करता है।
मौसम विज्ञान विशेषज्ञों के अनुसार, उत्तरी क्षेत्र में लू की लहर अगले कुछ दिनों तक जारी रहने की संभावना है और यह 14-15 अगस्त के आसपास धीरे-धीरे कम होने लगेगी।
भीषण गर्मी और कम आर्द्रता के संयुक्त प्रभाव से, बिजली की बढ़ती मांग के कारण आवासीय क्षेत्रों में विस्फोट और आग लगने का खतरा बढ़ जाता है। इसके अलावा, लंबे समय तक उच्च तापमान के संपर्क में रहने वाले लोगों में गर्मी के कारण निर्जलीकरण हो सकता है।
स्रोत: https://nhandan.vn/trong-2-ngay-toi-bac-bo-va-trung-bo-tiep-tiep-co-nang-nong-gay-gat-co-noi-tren-38-do-c-post980807.html
स्रोत: https://baothanhhoa.vn/thanh-hoa-se-don-dot-nang-nong-gay-gat-keo-dai-co-noi-tren-38-do-c-297567.htm",1.0
"10 अगस्त के लिए मौसम का पूर्वानुमान: उत्तरी और मध्य वियतनाम में भीषण गर्मी पड़ेगी, जबकि दक्षिणी वियतनाम में गरज के साथ बारिश होगी। - Vietnam.vn",https://news.google.com/rss/articles/CBMimwFBVV95cUxQNlgzUmV3S2VJb2ZrZWVkRlFHMHVtcHRyVmJsd2pSRjMyZkVzeUx3enJnbDBldmVfSkhGRzRWQVZ3UWdXR0k3elVRN0pDdVUxUmlfUmpjY1dPVjd1UU4ycG9qWkFvMjZQeEtKaVQxRGNPMlhQRFJ6R1lENXFyLWNCSmNyYVUtSXVscnpzbVBHUUw3WUJ4ekdWSm50dw?oc=5,Vietnam.vn,2026-08-10T05:57:17+05:30,hi,Andaman and Nicobar Islands,,"(लू OR ""लू चलना"" OR ""भीषण गर्मी"" OR ""प्रचंड गर्मी"" OR ""कड़ी धूप"" OR ""तेज धूप"" OR ""गर्म हवा"" OR ""उष्ण लहर"" OR ""ताप लहर"" OR ""हीट वेव"" OR ""झुलसाने वाली गर्मी"" OR ""तपती गर्मी"" OR ""भयंकर गर्मी"" OR ""गर्मी का कहर"" OR ""गर्मी का प्रकोप"" OR ""अत्यधिक गर्मी"" OR मौसम OR ""मौसम अपडेट"" OR ""मौसम का हाल"" OR ""मौसम पूर्वानुमान"" OR ""मौसम अलर्ट"" OR आईएमडी OR ""आईएमडी पूर्वानुमान"" OR ""आईएमडी अलर्ट"" OR ""तापमान में बढ़ोतरी"" OR ""गर्मी से राहत"" OR ""गर्मी से निजात"") Andaman and Nicobar Islands","10-11 अगस्त का पूर्वानुमान: उत्तरी क्षेत्र (लाई चाऊ और डिएन बिएन को छोड़कर) में भीषण गर्मी रहेगी, अधिकतम तापमान आमतौर पर 36-38 डिग्री सेल्सियस के बीच रहेगा; न्यूनतम सापेक्ष आर्द्रता आमतौर पर 50-55% रहेगी। थान्ह होआ से दा नांग शहर और पूर्वी क्वांग न्गाई तक के क्षेत्र में भी गर्मी रहेगी, कुछ क्षेत्रों में भीषण गर्मी होगी, अधिकतम तापमान आमतौर पर 35-37 डिग्री सेल्सियस के बीच रहेगा और कुछ स्थानों पर 37 डिग्री सेल्सियस से अधिक भी हो सकता है; न्यूनतम सापेक्ष आर्द्रता आमतौर पर 55-60% रहेगी।
उत्तरी वियतनाम के लिए लू की चेतावनी: लू जारी रहेगी, लेकिन 14-15 अगस्त के आसपास इसमें कमी आने की संभावना है। मध्य वियतनाम में लू अगले कुछ दिनों तक जारी रहने की संभावना है।
बारिश और गरज के साथ तूफान की स्थिति के संबंध में, 10 अगस्त के लिए दिन और रात दोनों के पूर्वानुमान में मध्य उच्चभूमि और दक्षिणी क्षेत्रों में छिटपुट बौछारें और गरज के साथ तूफान आने का संकेत मिलता है, जिसमें 10-30 मिमी बारिश की मात्रा होगी, और कुछ क्षेत्रों में स्थानीय रूप से 70 मिमी से अधिक भारी बारिश हो सकती है (बारिश दोपहर और रात में केंद्रित होगी)।
तूफान के दौरान बवंडर, बिजली गिरने, ओले गिरने और तेज हवा के झोंके आने की संभावना रहती है।
10 अगस्त की दिन और रात के लिए मौसम का पूर्वानुमान:
हनोई शहर
न्यूनतम तापमान: 27-29 डिग्री सेल्सियस।
अधिकतम तापमान: 36-38 डिग्री सेल्सियस।
दिन में बादल छाए रहेंगे, गर्मी रहेगी और भीषण उमस होगी; शाम और रात में छिटपुट बारिश और गरज के साथ तूफान आने की संभावना है। उत्तर-पश्चिम से पश्चिम की ओर 2-3 तीव्रता की हवाएं चलेंगी। गरज के साथ तूफान के दौरान बवंडर, बिजली गिरने और तेज हवा के झोंके आने की संभावना है।
उत्तर-पश्चिमी वियतनाम
न्यूनतम तापमान: 25-28 डिग्री सेल्सियस, कुछ स्थानों पर 24 डिग्री सेल्सियस से नीचे।
अधिकतम तापमान: 34-37 डिग्री सेल्सियस, कुछ क्षेत्रों में 37 डिग्री सेल्सियस से अधिक।
बादल छाए रहेंगे, दिन गर्म रहेंगे, कुछ क्षेत्रों में भीषण गर्मी रहेगी (विशेष रूप से लाई चाऊ और डिएन बिएन में छिटपुट बारिश और गरज के साथ बौछारें पड़ेंगी, कुछ क्षेत्रों में भीषण गर्मी का सामना करना पड़ेगा); शाम को छिटपुट बारिश और गरज के साथ बौछारें पड़ेंगी; रात में भी छिटपुट बारिश और गरज के साथ बौछारें पड़ेंगी। हवा हल्की रहेगी। गरज के साथ बौछारों के दौरान बवंडर, बिजली, ओले और तेज हवा के झोंके आने की संभावना है।
पूर्वोत्तर वियतनाम
न्यूनतम तापमान: 26-29 डिग्री सेल्सियस, कुछ पहाड़ी क्षेत्रों में तापमान 25 डिग्री सेल्सियस से नीचे भी जा सकता है।
आपको यह भी पसंद आ सकता है
अधिकतम तापमान: 35-38 डिग्री सेल्सियस।
दिन में बादल छाए रहेंगे, गर्मी रहेगी और भीषण उमस होगी; शाम और रात में छिटपुट बारिश और गरज के साथ तूफान आने की संभावना है। उत्तर-पश्चिम से पश्चिम की ओर 2-3 तीव्रता की हवाएं चलेंगी। गरज के साथ तूफान के दौरान बवंडर, बिजली गिरने, ओले गिरने और तेज हवा के झोंके आने की संभावना है।
थान्ह होआ - ह्यू
न्यूनतम तापमान: 25-28 डिग्री सेल्सियस।
अधिकतम तापमान: 35-37 डिग्री सेल्सियस, कुछ क्षेत्रों में 37 डिग्री सेल्सियस से अधिक।
आसमान में बादल छाए रहेंगे, मौसम गर्म रहेगा, कुछ इलाकों में भीषण गर्मी रहेगी; शाम और रात में छिटपुट बारिश और गरज के साथ तूफान आने की संभावना है। पश्चिम से दक्षिण-पश्चिम दिशा की ओर हवाएं चलेंगी, जिनकी तीव्रता 2-3 ब्यूफोर्ट स्केल होगी। गरज के साथ तूफान के दौरान बवंडर, बिजली गिरने, ओले गिरने और तेज हवा के झोंके आने की संभावना है।
दक्षिण मध्य तट
न्यूनतम तापमान: 26-29 डिग्री सेल्सियस।
अधिकतम तापमान: उत्तर में 35-37 डिग्री सेल्सियस, कुछ स्थानों पर 37 डिग्री सेल्सियस से ऊपर। दक्षिण में 32-35 डिग्री सेल्सियस।
उत्तर में दिन के समय बादल छाए रहेंगे और गर्म मौसम रहेगा, कुछ क्षेत्रों में भीषण गर्मी पड़ सकती है; शाम और रात में छिटपुट बारिश और गरज के साथ तूफान आने की संभावना है। दक्षिण में अधिकतर बादल छाए रहेंगे और छिटपुट बारिश और गरज के साथ तूफान आने की संभावना है। हवा पश्चिम से दक्षिण-पश्चिम दिशा से 2-3 की गति से चलेगी। गरज के साथ तूफान के दौरान बवंडर, बिजली गिरने और तेज हवा के झोंके आने की संभावना है।
मध्य उच्चभूमि
न्यूनतम तापमान: 21-24 डिग्री सेल्सियस।
अधिकतम तापमान: 27-30 डिग्री सेल्सियस, कुछ क्षेत्रों में 30 डिग्री सेल्सियस से अधिक।
आसमान में बादल छाए रहेंगे, हल्की बारिश और छिटपुट गरज के साथ बौछारें पड़ेंगी, कुछ स्थानों पर भारी बारिश हो सकती है (बारिश दोपहर और रात में केंद्रित रहेगी)। पश्चिम से दक्षिण-पश्चिम की ओर हवाएं चलेंगी, जिनकी तीव्रता 2-3 ब्यूफोर्ट स्केल होगी। गरज के साथ बौछारों के दौरान बवंडर, बिजली गिरने और तेज हवा के झोंके आने की संभावना है।
दक्षिणी वियतनाम
आपको यह भी पसंद आ सकता है
न्यूनतम तापमान: 25-28 डिग्री सेल्सियस।
अधिकतम तापमान: 30-33 डिग्री सेल्सियस, कुछ क्षेत्रों में 33 डिग्री सेल्सियस से अधिक।
आसमान में बादल छाए रहेंगे और कुछ इलाकों में छिटपुट बारिश और गरज के साथ तूफान आने की संभावना है; दोपहर बाद और शाम को छिटपुट बारिश और गरज के साथ तूफान आने की संभावना है, साथ ही कुछ इलाकों में भारी बारिश भी हो सकती है। दक्षिण-पश्चिम दिशा से 2-3 ब्यूफोर्ट की गति से हवाएं चलेंगी। गरज के साथ तूफान के दौरान बवंडर, बिजली गिरने और तेज हवा के झोंके आने की संभावना है।
हो ची मिन्ह सिटी
न्यूनतम तापमान: 26-28 डिग्री सेल्सियस।
अधिकतम तापमान: 32-34 डिग्री सेल्सियस।
आसमान में बादल छाए रहेंगे और कुछ इलाकों में छिटपुट बारिश और गरज के साथ तूफान आने की संभावना है; खासकर दोपहर बाद और शाम के समय छिटपुट बारिश और गरज के साथ तूफान आएगा, साथ ही कुछ इलाकों में भारी बारिश भी हो सकती है। दक्षिण-पश्चिम दिशा से 2-3 तीव्रता की हवाएं चलेंगी। गरज के साथ तूफान के दौरान बवंडर, बिजली गिरने और तेज हवा के झोंके आने की संभावना है।
स्रोत: https://baophapluat.vn/thoi-tiet-ngay-10-8-bac-bo-trung-bo-nang-nong-gay-gat-nam-bo-mua-dong.html",1.0
"लाओ काई और उत्तरी और मध्य वियतनाम के अन्य प्रांतों में भीषण गर्मी का दौर शुरू हो रहा है, जिसमें वास्तविक तापमान 40 डिग्री सेल्सियस से अधिक होने की संभावना है। - Vietnam.vn",https://news.google.com/rss/articles/CBMiygFBVV95cUxQM0MwQ2pzUW5KcjE1TF9lZTVKMXliWW5wcjR4SFczUGxOeTFIYnppLVc2dHFJRFMyZ3pKNlVxSTU0bEMyVkpad19TOC1vOXNkOTBYbDY1a29taTIyYlZBNl9yd0NJaktVUEtCazZReUU1Z2tIbnN1Y3ZidDBwZnpDMUxNUlFQakkzOUh6STBJQm9pMHU4OGxOcVMyTVNIbGR5dEdPTzVTcVhVM3dRQkVQTUFCdW94LUVJbGpHWndKb21UTWJES3I2TVJR?oc=5,Vietnam.vn,2026-08-10T07:06:55+05:30,hi,Andaman and Nicobar Islands,,"(लू OR ""लू चलना"" OR ""भीषण गर्मी"" OR ""प्रचंड गर्मी"" OR ""कड़ी धूप"" OR ""तेज धूप"" OR ""गर्म हवा"" OR ""उष्ण लहर"" OR ""ताप लहर"" OR ""हीट वेव"" OR ""झुलसाने वाली गर्मी"" OR ""तपती गर्मी"" OR ""भयंकर गर्मी"" OR ""गर्मी का कहर"" OR ""गर्मी का प्रकोप"" OR ""अत्यधिक गर्मी"" OR मौसम OR ""मौसम अपडेट"" OR ""मौसम का हाल"" OR ""मौसम पूर्वानुमान"" OR ""मौसम अलर्ट"" OR आईएमडी OR ""आईएमडी पूर्वानुमान"" OR ""आईएमडी अलर्ट"" OR ""तापमान में बढ़ोतरी"" OR ""गर्मी से राहत"" OR ""गर्मी से निजात"") Andaman and Nicobar Islands","उत्तर-पश्चिमी प्रांतों जैसे लाई चाऊ, डिएन बिएन और सोन ला को छोड़कर, लू की चपेट में उत्तरी वियतनाम का शेष भाग आएगा, जो मध्य वियतनाम (थान्ह होआ से दा नांग शहर और पूर्वी क्वांग न्गाई तक) तक फैला रहेगा। सुबह 11 बजे से शाम 5 बजे तक, जब लू चरम पर होगी, हवा में सापेक्ष आर्द्रता घटकर केवल 55-60% रह जाएगी, जिससे वातावरण गर्म और उमस भरा हो जाएगा।
लाओ काई और उत्तरी और मध्य वियतनाम के अन्य प्रांतों में भीषण गर्मी का दौर शुरू हो रहा है, जिसमें वास्तविक तापमान 40 डिग्री सेल्सियस से अधिक होने की संभावना है।
राष्ट्रीय जल-मौसम विज्ञान पूर्वानुमान केंद्र और लाओ काई प्रांतीय जल-मौसम विज्ञान स्टेशन से प्राप्त जानकारी के अनुसार, अगले दो दिनों (10-11 अगस्त) के दौरान, वियतनाम के उत्तरी और मध्य क्षेत्रों के साथ-साथ लाओ काई प्रांत के निचले इलाकों में एक साथ व्यापक और तीव्र लू चलने की संभावना है।
पूर्वानुमानों से संकेत मिलता है कि उत्तरी वियतनाम में लू की लहर 14-15 अगस्त से धीरे-धीरे कम हो सकती है, जबकि मध्य क्षेत्र में यह मौसम कई और दिनों तक जारी रहेगा।
विशेष रूप से लाओ काई प्रांत में, डॉल्फिन तूफान के परिसंचरण के सुदूर दक्षिण-पश्चिमी किनारे के प्रभाव के कारण, प्रांत के निचले इलाकों में गर्म मौसम कई और दिनों तक जारी रहने की संभावना है।
गौरतलब है कि बाहर यात्रा करते समय लोगों को महसूस होने वाला वास्तविक तापमान मौसम पूर्वानुमान में बताए गए तापमान से काफी भिन्न हो सकता है। मौसम पूर्वानुमान विभाग के उप प्रमुख श्री वू अन्ह तुआन ने इस बारे में बताते हुए कहा कि पूर्वानुमानित तापमान मानक परिस्थितियों में मापा जाता है। वास्तविकता में, कंक्रीट और डामर की सतह द्वारा ऊष्मा के अवशोषण और विकिरण के प्रभाव के कारण, बाहरी तापमान 1-3 डिग्री सेल्सियस अधिक या इससे भी कहीं अधिक हो सकता है। वर्तमान लू को स्तर 1 की प्राकृतिक आपदा के रूप में वर्गीकृत किया गया है। उच्च तापमान और शुष्क हवा के कारण आवासीय क्षेत्रों में आग और विस्फोट का खतरा बढ़ जाता है, क्योंकि शीतलन के लिए बिजली की मांग में अचानक वृद्धि हो जाती है, और लंबे समय तक बाहर काम करने वालों को निर्जलीकरण और थकावट का सामना करना पड़ सकता है।
जलवायु पूर्वानुमान विभाग के उप प्रमुख श्री गुयेन डुक होआ ने अगस्त 2026 के मौसम के अपने समग्र आकलन में कहा कि देश भर में औसत तापमान आम तौर पर कई वर्षों के औसत से 0.5-1 डिग्री सेल्सियस अधिक रहेगा। हालांकि, मौसम की स्थिति क्षेत्रों के अनुसार अलग-अलग होगी। जहां उत्तर और थान्ह होआ से ह्यू तक के प्रांतों में पिछले वर्षों की तुलना में कम गर्मी पड़ने की संभावना है, वहीं दक्षिण मध्य तट गर्म और उमस भरे मौसम का केंद्र रहेगा। इस क्षेत्र में कई वर्षों के औसत से अधिक गर्म दिनों का पूर्वानुमान है, और कुछ क्षेत्रों में असाधारण रूप से तीव्र गर्मी का सामना करना पड़ सकता है।
इससे पहले, जुलाई में लगातार लू की लहरें देखी गईं। उत्तरी वियतनाम में जुलाई के मध्य में व्यापक लू चली, जिसमें कुछ क्षेत्रों में तापमान 39 डिग्री सेल्सियस से अधिक हो गया।
स्रोत: https://baolaocai.vn/lao-cai-and-the-northern-and-central-provinces-enter-a-hot-surge-causing-rapid-temperature-risk-of-exceeding-40-degrees-c-post905739.html",1.0
UK temperatures could hit 36C as fifth heatwave of summer looms - The Guardian,https://news.google.com/rss/articles/CBMinwFBVV95cUxPRzlCVjJQX0pyVkRDdzMtT1NCTFdCUGY1R1BvOVhpQVlOdUxKN0V1eFppcm5JYXJDSWdWc3o1Vl9Pa2lLN1hHZXlTdzV5Y2gzYTJCbGRndXpVOGpkS19mQy1hTUFCeGt6QVRtZi1KbWFJdExKSnFsUC04bE9uSC12enNpd2pGS3Btb29xZEpDSS1od2k0NFBpVDk5dkFDUnM?oc=5,The Guardian,2026-08-10T12:41:00+05:30,en,Andaman and Nicobar Islands,,"(heatwave OR ""heat wave"" OR ""severe heatwave"" OR ""extreme heat"" OR ""heat spell"" OR ""scorching heat"" OR ""blistering heat"" OR ""sweltering heat"" OR ""hot winds"" OR loo OR ""hot loo winds"" OR ""intense heat"" OR ""unbearable heat"" OR ""deadly heat"" OR heat OR ""weather forecast"" OR ""weather update"" OR ""weather alert"" OR ""IMD forecast"" OR ""IMD prediction"" OR ""IMD alert"" OR IMD OR ""rising temperatures"" OR ""temperatures expected to rise"" OR ""relief from heat"" OR ""respite from heat"" OR ""heat respite"" OR ""respite from scorching heat"") Andaman and Nicobar Islands","Temperatures could reach 36C (97F) or higher this week, forecasters have said, with possible disruption to railway lines and power networks as the Met Office considers issuing rare amber or red extreme heat warnings.
Parts of the UK are forecast to experience the fifth heatwave of the summer as the country continues to bake in an unprecedented period of dry, hot weather.
Monday will be slightly cooler before temperatures rise again on Tuesday.
The Met Office meteorologist Tom Morgan said: “We’ll probably see highs reaching the mid-30s quite widely on Wednesday, and indeed on Thursday too for England and Wales.
“On Wednesday, probably the Midlands, maybe a little bit farther south – the M4 corridor, west of London, up towards the Midlands – is where we might have a small chance of reaching 36C in one or two spots.
“But Thursday, at this stage, looks the most likely hottest day of the week. So 36C is a fairly reasonable probability locally … and there’s a small chance it could get even higher than that.”
Wales and half of England are in drought, with more regions likely to be declared affected when officials meet at the National Drought Group on Monday.
Morgan said: “If it wasn’t for this incredible summer that we’re currently seeing, then we’d be talking about these temperatures as being really, very unusual. But of course, we’ve had such an exceptional summer, people have become a bit used to it.
“There is a potential for impacts, so impacts to infrastructure – things like railway lines and power networks; impacts to vulnerable people as well.”
Health officials have warned of the risks to vulnerable people from the coming hot weather, with serious consequences possible in health and social care settings and a potential rise in deaths.
Yellow heat-health alerts issued by the UK Health Security Agency are in place for the East Midlands, West Midlands, south-east, south-west and east of England, Yorkshire and the Humber, and London.
The alerts continue until 9pm on Tuesday but may be extended as the hot weather continues.
The heat and continuing drought conditions are being supercharged by the escalating climate crisis, putting huge pressure on vulnerable people, critical infrastructure and wildlife across affected areas.
Meanwhile, the Met Office is considering issuing rare extreme heat warnings in the run-up to the scorching temperatures forecast later in the week.
“We sometimes issue extreme heat warnings, amber and red warnings, which we did back in June, so that’s under consideration at the moment,” Morgan said.
More than 25 million people face restrictions on water use, according to the Environment Agency, with millions under hosepipe bans, including all South East Water and Thames Water customers.
Another record is likely to tumble this week after Sunday was the 34th day this year on which temperatures exceeded 30C somewhere in the UK, equalling the record set in 1995.
The extreme weather of summer 2026 has so far included two record-breaking heatwaves in May and June that were linked to more than 2,800 excess deaths.
Two further heatwaves in July, along with the driest July in England and Wales since records began in 1836, have fuelled drought and wildfires.
The EU’s Earth observation programme, Copernicus, said average temperatures across western Europe reached 21.61C for June-July, breaking the record set in 2022.
Globally, this year is just behind 2024 and 2025 as the hottest on record.",1.0
"Israel heat wave intensifies, bringing extreme heat stress and wildfire risk | Weather forecast - Ynetnews",https://news.google.com/rss/articles/CBMiZkFVX3lxTE9RWU0zbDJ0QjJVVlp1dDlMNDROalM1ZjVfeC15aDdnVE8zaU1ibWJWU1Z4Z2Y5UmMwLURQVDB6b0FZNFk0azNsMWpNNERHa1lNOGpQV2RmdFFoem44TlNJbW8tVUJ6dw?oc=5,Ynetnews,2026-08-10T09:37:58+05:30,en,Andaman and Nicobar Islands,,"(heatwave OR ""heat wave"" OR ""severe heatwave"" OR ""extreme heat"" OR ""heat spell"" OR ""scorching heat"" OR ""blistering heat"" OR ""sweltering heat"" OR ""hot winds"" OR loo OR ""hot loo winds"" OR ""intense heat"" OR ""unbearable heat"" OR ""deadly heat"" OR heat OR ""weather forecast"" OR ""weather update"" OR ""weather alert"" OR ""IMD forecast"" OR ""IMD prediction"" OR ""IMD alert"" OR IMD OR ""rising temperatures"" OR ""temperatures expected to rise"" OR ""relief from heat"" OR ""respite from heat"" OR ""heat respite"" OR ""respite from scorching heat"") Andaman and Nicobar Islands","A heat wave has settled over Israel, with temperatures expected to rise slightly Monday, particularly in the mountains and inland areas, where conditions will be hotter than usual and dry. Along the coastal plain, conditions will be hot and humid, while heavy to extreme heat stress is expected across most of the country.
After morning cloud cover clears, skies will become mostly clear, with clear to partly cloudy conditions overnight.
On Tuesday, temperatures will remain above seasonal averages, with dry heat in the mountains and inland areas and humid conditions along the coast. Heavy to extreme heat stress will continue across most regions.
A slight drop in temperatures is expected Wednesday, mainly in the mountains and inland areas, although conditions will still remain hotter than usual and dry in those regions and humid along the coastal plain. Heavy to extreme heat stress will persist across much of the country, with mostly clear skies throughout the day.
Another slight decline in temperatures is forecast for Thursday, primarily in the mountains and inland areas. Heavy to extreme heat stress will nevertheless continue across most of Israel. Skies will remain clear, with temperatures still above seasonal averages, dry conditions inland and humid weather along the coast.
Israel Meteorological Service Director Dr. Amir Givati told the ynet studio Sunday that the entire week was expected to remain unusually hot. “Basically, the entire coming week is going to be very hot, 4-5 degrees above average,” he said. “It will definitely be a hot week, not like Europe with 40-degree temperatures, but certainly hotter than usual and very dry. There is also a fire risk this week, and hopefully we will get through it safely. There is some good news, though, at the end of the forecast for next Saturday, when there may even be rain.”
Givati said the possibility was unusual for August, while cautioning that any rainfall would not signal the arrival of fall. “I find it a little hard to believe I’m saying this in August, but not heavy rain,” he said. “It’s still not fall or winter, but after this heat wave finally ends on Thursday or Friday, we see a real drop in temperatures, and the models are even showing rain that is more than just a drizzle. It’s still far off, another six or seven days, so we’ll wait a little.”
Forecast temperatures for Monday and overnight: Jerusalem 23-33°C (73-91°F), Tel Aviv 23-32°C (73-90°F), Haifa 23-32°C (73-90°F), Safed 24-33°C (75-91°F), Katzrin 21-39°C (70-102°F), Tiberias 23-39°C (73-102°F), Nazareth 23-36°C (73-97°F), Afula 22-37°C (72-99°F), Beit She’an 26-41°C (79-106°F), Lod 23-34°C (73-93°F), Ashdod 24-32°C (75-90°F), Ein Gedi 19-41°C (66-106°F), Beersheba 21-37°C (70-99°F), Mitzpe Ramon 25-36°C (77-97°F) and Eilat 31-42°C (88-108°F).",1.0
UK weather: Brief relief ahead of fifth heatwave - as more areas could move into drought - BBC,https://news.google.com/rss/articles/CBMiYEFVX3lxTE41Nk0yc2JJZks4aUxhU3BHVjVIZVg0OUN6MkwtajNJRFUyVHZqOG9aX1BLWXQ0d25DNlFvbE42Mk5RMGNvNU1sbWFGNTBNTnZMeDJJRTdIeUZWNXZWeFpBZQ?oc=5,BBC,2026-08-10T07:06:10+05:30,en,Andaman and Nicobar Islands,,"(heatwave OR ""heat wave"" OR ""severe heatwave"" OR ""extreme heat"" OR ""heat spell"" OR ""scorching heat"" OR ""blistering heat"" OR ""sweltering heat"" OR ""hot winds"" OR loo OR ""hot loo winds"" OR ""intense heat"" OR ""unbearable heat"" OR ""deadly heat"" OR heat OR ""weather forecast"" OR ""weather update"" OR ""weather alert"" OR ""IMD forecast"" OR ""IMD prediction"" OR ""IMD alert"" OR IMD OR ""rising temperatures"" OR ""temperatures expected to rise"" OR ""relief from heat"" OR ""respite from heat"" OR ""heat respite"" OR ""respite from scorching heat"") Andaman and Nicobar Islands","- Published
A welcome break from intense heat will arrive on Monday before temperatures soar across much of England and Wales, marking the fifth heatwave of the year.
The week ahead is forecast to remain mostly dry, with some parts of southern England racking up nearly two months with no significant rain.
The National Drought Group – made up of regulators, government officials, water companies and agricultural bodies – will meet on later on Monday to decide if more regions will be declared to be in drought.
Water supplies are under growing pressure from the continued dry weather and high demand, with 23 million people already facing hosepipes bans.
Half of England and the whole of Wales are already officially in drought, and with little rain in sight, the Environment Agency (EA) has suggested that additional areas of England could enter drought status.
The National Farmers Union has warned that continuing dry weather could lead to some food shortages.
River levels have continued to fall after less than 10mm of rain across England for the seventh consecutive week.
East and south-east England have seen less than 1mm of rain, according to data from the agency's latest drought summary.
Reservoir levels have also continued to reduce, with almost all across England below normal and five classed as 'exceptionally low', according to the EA.
Wisley in Surrey has gone more than 50 days without a drop of rain, while southern England is approaching two months without any notable rainfall.
However, north-west Scotland was soaked by more than half a month's rainfall in just two days, the Met Office said.
When will the heat return?
Much of the country will feel some relief from the heat early in the week before temperatures spike again.
On Monday, the air will feel a little fresher compared to the weekend with maximum temperatures in northern areas of the UK around 18 to 24C.
Further south, while cooler than Sunday, it will still be a very warm day with temperatures between 22 to 27C.
By Tuesday, warmer air will start to move back in across the UK with the highest temperatures across central southern England, the Midlands and east Wales.
Yellow heat-health alerts remain in force for much of England until 21:00 BST on Tuesday, though they are likely to be extended or upgraded as the heatwave nears.
Highs are likely to be around 27 to 30C.
Wednesday will see temperatures widely across England and Wales head into the high twenties and low thirties.
The peak of the extreme heat is set to arrive on Thursday, with temperatures reaching 36C (97F) in south-east England, and up to 35C likely across central and eastern England.
This would mark the fourth consecutive month where 35C has been reached in the UK – a new record.
Many locations will exceed their heatwave threshold of 25 to 28C – dependent on location – for the first day.
Some of the warmth will spread further north into northern England, Scotland and Northern Ireland with temperatures into the low to mid-20s Celsius.
As heat builds throughout the week, overnight temperatures will stay relatively high bringing some uncomfortable nights for sleeping.
Minimum temperatures may not go lower than 16 to 18C across England and Wales.
There's also a possibility of a 'tropical night' – where temperatures remain above 20C all night – in south-east England.",1.0
Fifth heatwave approaching: Temperatures up to 35°C on Thursday - NL Times,https://news.google.com/rss/articles/CBMijgFBVV95cUxQOGNMQ0tEaFFydWN0MVpXejczY1lKWHJoMFFfdUZCZHdtRllkb21HMlNMRmdnQUtHQi1fV2FuYXk0ZzhOajZVRG9hc3c4MTBfbnI2ZVRRYlZ6NENCZExESGJuaC12X3V3SnlDZWFWSHJsek5SSml4Zi1DNEFralVBNnhuZHpRX1NMOVVkbnV3?oc=5,NL Times,2026-08-10T11:08:38+05:30,en,Andaman and Nicobar Islands,,"(heatwave OR ""heat wave"" OR ""severe heatwave"" OR ""extreme heat"" OR ""heat spell"" OR ""scorching heat"" OR ""blistering heat"" OR ""sweltering heat"" OR ""hot winds"" OR loo OR ""hot loo winds"" OR ""intense heat"" OR ""unbearable heat"" OR ""deadly heat"" OR heat OR ""weather forecast"" OR ""weather update"" OR ""weather alert"" OR ""IMD forecast"" OR ""IMD prediction"" OR ""IMD alert"" OR IMD OR ""rising temperatures"" OR ""temperatures expected to rise"" OR ""relief from heat"" OR ""respite from heat"" OR ""heat respite"" OR ""respite from scorching heat"") Andaman and Nicobar Islands","Fifth heatwave approaching: Temperatures up to 35°C on Thursday
Just days after the fourth regional heatwave in the Netherlands came to an end, the fifth one is approaching. Today and tomorrow will be relatively cooler than the summer has been so far, but tropical temperatures will hit again on Wednesday, with thermometers climbing to 35 degrees Celsius in some places on Thursday. The KNMI expects to issue heat warnings for Thursday and Friday.
Monday will see some cloud cover in the north and west, with some local rainfall. The southeast will remain sunny and dry. During the course of the afternoon, it will become sunny in more and more places. Maximums will range between 22 degrees Celsius in the north and 28 degrees Celsius in the southeast, with a moderate northwesterly wind blowing.
Tuesday will be sunny and dry, with maximums ranging between 20 and 26 degrees, north to southeast. These temperatures may feel cool in comparison with how the summer has gone so far, but are typical for the time of year. The long-term average maximum for the first ten days of August is 23.4 degrees Celsius.
The hot weather will return on Wednesday. “Plenty of sunshine, dry, and warm, with tropical temperatures inland,” the KNMI said. Temperatures will reach 35 degrees or higher in the southeast on Thursday, and the KNMI expects to issue a heat warning.
For a heatwave to occur, temperatures must top 25 degrees or higher for five consecutive days, including at least three days of temperatures above 30 degrees. Based on the KNMI’s forecast, the southeastern part of the country will definitely meet these conditions this week, marking the fifth heatwave of the season.
“From Saturday, there is a chance of rain or thunderstorms, and Sunday will be less warm,” the KNMI said.",1.0
Jeremy Clarkson shares brutal reality of running a farm during UK’s heatwave - nine.com.au,https://news.google.com/rss/articles/CBMiwwFBVV95cUxQanhOZ2ZYMVdmY0tqSXN4czctaHd5RnFrUll6ZmZtZXFHNTBVS0paRGdUd0EzVC1jTkJsUTYyZHE2UXhlQzN0OTM4YXFUVEhIY1BPcDRZUWZ3djVWNWE3ZW9WclRnMzFnXzVuUXBJbmZqSXBvSnRPT3BsZlQzREwzRUdTQTQzZ3V5bHBRbmpYUndLS0dJY3FNd0dmYjh0b0NWQXF1akoyUDAzU0MteFZleExNU21fSWkyV0NCSk9NaXpRajg?oc=5,nine.com.au,2026-08-10T03:25:20+05:30,en,Andaman and Nicobar Islands,,"(heatwave OR ""heat wave"" OR ""severe heatwave"" OR ""extreme heat"" OR ""heat spell"" OR ""scorching heat"" OR ""blistering heat"" OR ""sweltering heat"" OR ""hot winds"" OR loo OR ""hot loo winds"" OR ""intense heat"" OR ""unbearable heat"" OR ""deadly heat"" OR heat OR ""weather forecast"" OR ""weather update"" OR ""weather alert"" OR ""IMD forecast"" OR ""IMD prediction"" OR ""IMD alert"" OR IMD OR ""rising temperatures"" OR ""temperatures expected to rise"" OR ""relief from heat"" OR ""respite from heat"" OR ""heat respite"" OR ""respite from scorching heat"") Andaman and Nicobar Islands","Jeremy Clarkson has shared a brutal update on social media. The Top Gear alum has given followers a glimpse into the difficulties of running a farm during a heat wave.
While the UK suffers through uncharacteristically hot weather, Clarkson took to Instagram to share an update on how it’s affected his work at Diddly Squat Farm.
Clarkson’s farm is located in the Cotswolds, an area of the UK that is currently under a yellow heat health alert and is also suffering from drought conditions.
“Harvest already f---ed. May as well just enjoy it now,” Clarkson wrote on Instagram alongside a screenshot of the weather forecast.
While some in the comments accused Clarkson’s post of being out of touch and entitled, claiming that since he’s “a multi-millionaire”, things can’t be that bad. However, most of Clarkson’s followers left messages of support.
“As a Canadian watching this show I am fascinated by the challenges a farmer faces (in my country as well). Is the govt stepping in during this drought with any emergency assistance? Is that even a thing??” One fan wrote.
Clarkson’s update comes just a few months after he revealed his battle with prostate cancer.
In the final episodes of the most recent season of Clarkson’s Farm, the 66-year-old told Kaleb Cooper and Charlie Ireland about his diagnosis.
“I had a medical, you remember, back in May? I disappeared off the other week and I had a biopsy and it is cancer and it’s aggressive, but it’s really early,” he said.
“I was praying we could get the harvest done and then I could go and get some treatment but it’s going to be slap bang in the middle.”
Around one week after the episode aired, Clarkson shared that he is now in remission.
“The more observant among you will have noticed that I’m not dead. And I’m not just not dead, I’m perfectly fine,” he joked in a video shared to Instagram.
“The reason why I’m fine is because the doctors caught the prostate cancer early. And they caught it early because I got tested.”
He urged his followers to get tested, even telling them to “lie” if doctors refuse on the grounds of having no symptoms.
“It’s not uncomfortable, it’s not undignified. And it’s a no-brainer,” he said.
“I did, and that’s why I’m sitting here talking to you 11 months down the line. I’ve seen so many people die of cancer.”",1.0
No relief yet: Heat wave to continue through the week - Israel National News,https://news.google.com/rss/articles/CBMiWkFVX3lxTE5weEdJSjk2VGhXYl80cW5vdERnNzI4Sm5zX0d1d0JheEF4a1V1N1RsQ2lrMkY0REktRW9NQTFSRGJuVGhTQ2laaklMcldIOGNiSmNIM2NjaENNUQ?oc=5,Israel National News,2026-08-10T11:28:00+05:30,en,Andaman and Nicobar Islands,,"(heatwave OR ""heat wave"" OR ""severe heatwave"" OR ""extreme heat"" OR ""heat spell"" OR ""scorching heat"" OR ""blistering heat"" OR ""sweltering heat"" OR ""hot winds"" OR loo OR ""hot loo winds"" OR ""intense heat"" OR ""unbearable heat"" OR ""deadly heat"" OR heat OR ""weather forecast"" OR ""weather update"" OR ""weather alert"" OR ""IMD forecast"" OR ""IMD prediction"" OR ""IMD alert"" OR IMD OR ""rising temperatures"" OR ""temperatures expected to rise"" OR ""relief from heat"" OR ""respite from heat"" OR ""heat respite"" OR ""respite from scorching heat"") Andaman and Nicobar Islands","Israel will continue to see high temperatures throughout the week, with temperatures in the Jordan Valley reaching 44°C (111°F).
Monday morning will be cloudy, with the skies clearing as the day wears on. The Jordan Valley is forecast to see the highest temperatures during the heat wave, reaching around 44°C (111°F), while temperatures are expected to climb to as high as 34°C (93°F) in the mountains and up to 38°C (100°F) in the lowlands and southern Israel.
The unusually hot conditions will persist through Tuesday. Dry weather is expected in the mountains and inland areas, while the coastal plain will remain humid.
On Wednesday, temperatures will drop slightly, mostly in the mountains and inland regions. Even so, temperatures will remain above the seasonal average.
Thursday will see an additional drop in temperatures, especially in the mountains and inland areas, but temperatures will remain above average for the season. Skies are expected to stay clear, with dry conditions continuing inland and in the mountains, high humidity along the coast, and heavy to extreme heat stress across most areas of the country.",1.0
"UAE summer gut health: How extreme heat can trigger bloating, acidity and food poisoning - Gulf News",https://news.google.com/rss/articles/CBMiwAFBVV95cUxPdk11ZnNhRXdTNkp1aXAxazVQUmR3RWl2dlgweWN5WUR2cVo0SmNlOUFFMDN3U0Q1aC01ZGdSV0tUV1dmcm0xckV4SGFfbjhXUXFONHgyVDlYS1BBQWtiQzktanhybWpuODZlQjd4SEFTREJ5R1ZsQl9NN3U1RVRTLXp3Zk5tbk9fcEEtTGtXUjJkOGhvVHJZMXRXY2FqRGE4azROTGNNZHNSRnowcHJUb29rUUpzMzF6MWVKVmFsRVnSAdABQVVfeXFMTVNlZFNfcjZTS3pVT3hNOGtGWFVlYTRrMElyczVNNGZGV202MURYajRiSG94UGIzNjMtcFRpVjItVUJsaWx4dFhmdkxpdlBRQk9jRlpJbEh3MVJiM3pCZ0g0Q0lBOWFVdHF5aUdCV3lYSnRnczFHcEJSNnVtdUttRlE1cGt2T19wOTdQNjRlVVgtM1FRbjZxb2xZSURHd2dELTItQjlHTERCYjF4RUc2SDBLa0oxMWJCNlNYRHRUbjBrUFIyMEFoLU1IdTlmalR0eg?oc=5,Gulf News,2026-08-10T07:30:00+05:30,en,Andaman and Nicobar Islands,,"(heatwave OR ""heat wave"" OR ""severe heatwave"" OR ""extreme heat"" OR ""heat spell"" OR ""scorching heat"" OR ""blistering heat"" OR ""sweltering heat"" OR ""hot winds"" OR loo OR ""hot loo winds"" OR ""intense heat"" OR ""unbearable heat"" OR ""deadly heat"" OR heat OR ""weather forecast"" OR ""weather update"" OR ""weather alert"" OR ""IMD forecast"" OR ""IMD prediction"" OR ""IMD alert"" OR IMD OR ""rising temperatures"" OR ""temperatures expected to rise"" OR ""relief from heat"" OR ""respite from heat"" OR ""heat respite"" OR ""respite from scorching heat"") Andaman and Nicobar Islands","How soaring UAE temperatures disrupt digestion, from dehydration to food safety
As temperatures soar, your body loses more fluid through sweat, while changes in appetite, sleep and daily routines can throw your eating habits off balance. The result: A digestive system that can suddenly feel anything but settled.
Cue bloating, constipation, acidity and indigestion, common complaints that can become more noticeable in hot weather. And there’s another summer threat to watch: Food poisoning and stomach infections, particularly when heat and poor food storage give bacteria the fertile conditions to multiply.
Dr. Nourshan Janoudi, Specialist Gastroenterologist at Medcare Shaikh Saqr Al Qasimi Hospital, explains: The heat does not necessarily cause digestive problems, but dehydration, changes in appetite, and increased sweating can influence how the digestive system functions.
The good news: Many summer digestive complaints can be prevented with a few changes to hydration, diet, and food safety.
It's not the heat itself that upsets your gut, it's everything the heat sets off. Sweat more, and you lose fluids fast. Lose fluids, and your appetite, sleep, and eating patterns start to wobble. Finally, apart from the common complaints, it's also just that vague, off feeling in your stomach that's hard to pin down.
So, what does one do?
Dr. Janoudi recommends staying well hydrated, eating regular, balanced meals, and avoiding very heavy or greasy foods if they tend to cause discomfort. ""Paying attention to how your body responds to changes in heat and diet can go a long way towards maintaining digestive comfort,"" she says.
One of the biggest summer concerns for gut health is dehydration. When the body doesn't get enough water, it has less fluid available for several stages of digestion.
Dr. Ruba Elhourani, Clinical Dietician, explains that adequate water intake is needed throughout the digestive process, from producing saliva and digestive enzymes, to mixing and breaking down food, to softening stools in the colon. A lack of water, can delay the digestion and propulsion of food, leading to symptoms of satiation, cramping, reflux and dry hard stools, causing constipation, with or without bleeding.
Moreover, dehydration can contribute to constipation, as the body absorbs more water from the bowel. There is also a sense of general uneasiness and discomfort. And because more fluid is lost through sweating in hot weather, drinking only when thirst strikes may not be enough.
So, as Dr Janoudi says: There's a reason why you're told to drink water regularly throughout the day, rather than just waiting till you feel thirsty. And, water-rich foods such as fruits and vegetables can offer that support for hydration and healthy bowel functions.
Hot weather also raises the stakes on food safety. Warm temperatures allow certain bacteria to multiply more quickly, particularly when food isn't stored, handled, or cooked correctly. Food left at room temperature for too long can become unsafe, making proper refrigeration especially important during periods of extreme heat.
Dr. Ruba notes that warmer temperatures allow foodborne bacteria to multiply rapidly when food isn't kept cool, which can result in stomach upset, nausea, vomiting, and sometimes diarrhoea. For people spending time outdoors, the risk increases if food is transported or left sitting out for extended periods.
So it is advisable to refrigerate perishable foods promptly, handling cooked food carefully, and keeping your hands, utensils and preparation clean. ""Food that is left at room temperature for too long can therefore become unsafe, and this risk becomes even more important during periods of extreme heat,"" she says.
Heat itself does not necessarily cause digestive problems, but dehydration, changes in appetite and increased sweating can influence how the digestive system functions. Some people may experience bloating, constipation, acidity or a general feeling of digestive discomfort during very hot weather...
Food safety doesn't take a break just because you've left the house. Picnics, road trips, beach days, and backyard barbecues all come with their own risks, especially when there's no fridge in sight.
""Regardless of whether you are at home or outside, such as on a picnic or traveling,, you should always keep hot foods hot and cold foods cold to prevent bacteria from growing beyond the safe amount,"" Dr. Ruba says.
The freshest option is always best, pack food as close to eating time as possible. When that's not realistic, a good insulated cooler packed with plenty of ice or frozen gel packs is your best defense.
And don't let food linger in the sun. If you're grilling, a food thermometer takes the guesswork out of knowing when meat is actually safe to eat, no more cutting into a burger and hoping for the best.
Dr. Janoudi adds one more tip: Be extra careful with food from places where you're not sure how it's been stored or handled.
You should always keep hot foods hot and cold foods cold to prevent bacteria from growing beyond the safe amount. Eating food fresh is always better but if you need to pack the food use well-insulated coolers with plenty of ice or frozen gel packs, never leave perishable foods or cooked meals sitting out in the sun and if you can, use a Food Thermometer to ensure meats are cooked to their required internal temperatures before it is served...
There's no one-size-fits-all summer diet, but some foods and habits are more likely than others to leave your stomach protesting.
Spicy dishes, oily foods, and heavily processed snacks are common culprits, often bringing on acidity, indigestion, or bloating. And in the heat, even a normal-sized meal can suddenly feel like too much.
Dr. Ruba points out that it's rarely just one thing, shifts in diet, dehydration, and one too many fizzy or sugary drinks can all pile on the pressure and trigger acid reflux.
Freshness is just as important as what's on the plate. Dairy, meat, seafood, and prepared salads spoil quickly in the heat, so keeping them properly chilled isn't optional. ""When it comes to summer eating, freshness, safe storage and moderation are just as important as the food itself,"" Dr. Janoudi says.
An ice-cold soda or a third cup of coffee might feel like exactly what the heat calls for, but neither one should be doing the heavy lifting when it comes to hydration.
Over time, the excess sugar throws off the balance of bacteria in your gut, especially when sweet drinks and snacks start crowding out the fibre-rich foods that your body actually needs, explains Dr Janoudi.
Caffeine has its own downsides too, for some people, too much of it can bring on acidity or unsettle their usual bathroom habits.
Dr. Ruba suggests easing up on caffeine, when it's especially hot outside, since both can leave you more dehydrated, not less. Water and other hydrating fluids are the better bet over anything fizzy or sugary.
""During the summer, it is particularly important not to rely on caffeinated or sugary beverages as the main source of hydration,"" Dr. Janoudi says. ""Water should remain the primary choice, alongside a balanced diet.""
Here's the silver lining: Summer is actually one of the easiest seasons to eat well for your gut. Water-rich produce is everywhere, and leaning into it does double duty, keeping you hydrated and your digestion happy. Look for fruits like watermelon, berries and oranges, as the experts say. Moreover, whole grains, legumes, nuts and seeds are all packed with the kind of fibre that keeps digestion running smoothly and supports a healthy gut microbiome.
Furthermore, cumbers, oranges, and watermelon are good for hitting two goals at once, staying hydrated and getting in your fibre.
Don't overlook fermented foods either. ""Fermented foods such as yoghurt can also be part of a balanced diet for people who tolerate them well,"" Dr. Janoudi says.
And if there's one rule to live by, it's variety. ""Feeding the gut with a broad range of plant-based foods provides different types of fibre and nutrients that support a diverse and healthy gut environment,"" she adds.
Mild, short-lived bloating or constipation can happen when hydration, diet or daily routines change. But persistent or severe symptoms shouldn't simply be dismissed as ""summer stomach trouble.
Seek medical advice if you experience:
Severe or worsening abdominal pain or cramping
Persistent or worsening diarrhoea
Frequent or persistent vomiting, especially if you cannot keep down fluids or food
Blood in your stool or vomit
Unexplained weight loss
Persistent fever
Difficulty swallowing
Significant dehydration
Weakness, confusion or dizziness
Fainting
Not passing urine for several hours
Dr. Ruba also notes that excessive loss of fluids and electrolytes can cause weakness, fatigue and muscle cramps, and may contribute to heat stroke.
Finally, if, digestive symptoms are severe, persistent or getting worse, don't assume it's simply the heat. Seek medical assessment.
Keeping your digestive system comfortable through extreme heat doesn't require an elaborate diet. The basics matter most:
Drink water regularly — don't wait until you feel extremely thirsty.
Eat more water-rich foods — cucumber, watermelon, oranges, and other fresh produce.
Prioritise fibre — vegetables, fruits, whole grains, legumes, nuts, and seeds.
Go easy on trigger foods — cut back on spicy, oily, or very heavy meals if they cause symptoms.
Limit sugary and carbonated drinks — they shouldn't replace water as your primary source of hydration.
Moderate caffeine— both can contribute to fluid loss or digestive discomfort.
Refrigerate perishable foods promptly — don't leave meat, seafood, dairy, or prepared foods sitting in the heat.
Be careful outdoors — use insulated coolers, ice, or frozen gel packs when transporting food.
Wash your hands — good hygiene helps reduce the spread of viruses and bacteria.
Know when to seek help — severe, persistent, or worsening symptoms need medical assessment, not indefinite self-treatment.",1.0
Stay Safe: CHP Urges Precautions Against Heat-Related Illnesses During Extreme Weather - bastillepost.com,https://news.google.com/rss/articles/CBMi1gFBVV95cUxOa2xXSENidTYxZ2gzU3RkeWpxNTIzQ1JUaTZMTE43YU9wMXhCMExKQkxEV1VCSXJxVnQ0THdDa21WcHhQekVJamViSGNZaG5rRUNFSGI2TWdfaS0zdG9rY3BTdnNfeklVaE9lR1hjMDBqZGYxZHBkRFpEc25mN004NmFuMDFqSDhTNE9TMi1ydnJRMkp5ZEMwWnRUU1NwaXpwcTRENWo0S3ZMSGlQVWNLc3UxWGZXSlZpUUlfd0RXdUxkSkhydXExNVJINHpqNzJITEpLQzBn?oc=5,bastillepost.com,2026-08-10T04:15:53+05:30,en,Andaman and Nicobar Islands,,"(heatstroke OR ""heat stroke"" OR sunstroke OR ""heat exhaustion"" OR ""heat-related death"" OR ""heat casualty"" OR ""heat fatality"" OR ""suspected heat death"" OR dehydration OR ""heat cramps"" OR ""heat illness"") Andaman and Nicobar Islands","DH reminds public to take precautions against heat-related illnesses during very hot weather
The Centre for Health Protection (CHP) of the Department of Health (DH) today (August 10) reminded members of the public to take appropriate precautions against heat-related illnesses, such as heat cramps, heat exhaustion and heat stroke, during very hot weather.
The Centre for Health Protection, Photo source: reference image
In a high-temperature environment, excessive sweating and difficulty in heat dissipation can cause stress to the body. Members of the public should take the following precautions:
- Hydrate in a timely manner to prevent dehydration;
- Wear light-coloured, loose-fitting and breathable clothing to minimise heat absorption and facilitate perspiration and heat dissipation;
- Keep indoor areas well ventilated and maintain appropriate temperature and humidity, e.g. by opening windows or using a fan or air-conditioning;
- Avoid strenuous exercise and prolonged activities such as hiking or trekking;
- Arrange outdoor activities in the morning or the late afternoon, if possible, and bring enough water; and
- Avoid beverages containing caffeine, such as coffee and tea, as well as alcoholic beverages, which may speed up water loss through the urinary system.
In addition, infants and children, the elderly, pregnant women, individuals with chronic illnesses such as heart disease or high blood pressure, overweight people and outdoor/manual workers are more susceptible to heat stroke. These groups should pay special attention to the following:
- Infants and young children: Avoid going outside when the temperature is high. If they must go outside, adults should ensure they stay in places with moderate temperatures and good ventilation or air-conditioning. Infants and young children should never be left unattended in a confined space such as a vehicle;
- The elderly, pregnant women, individuals with chronic illnesses and overweight people: Pay close attention to health conditions and seek help as soon as possible if experiencing any abnormalities in health indicators such as blood pressure, heart rate, etc or if there are fluctuations in health conditions. Avoid going out when the temperature is high. Make sure there is good ventilation, or turn on a fan or air-conditioner to keep an appropriate temperature indoors. High temperatures can also worsen the condition of people with chronic illnesses (such as cardiovascular and respiratory diseases). Therefore, they should have an ample supply of their usual medication and keep in contact with family members, neighbours and the community. People should seek immediate help if they feel unwell.
- Outdoor/manual workers: Reschedule work to cooler hours as far as feasible. If working in a hot environment is unavoidable, provide shade where practicable and use ventilation and heat dissipation equipment. Once work has begun, gradually adjust the pace of work and take breaks in the shade to regain strength.
Hot weather in Hong Kong, Photo by Bastille Post
The DH reminded the public that heat stroke is one of the most common health risks in hot weather. Over the past five years, there have been over 200 hospital admissions due to heat stroke each year in Hong Kong, with two to five fatal cases occurring mainly during the summer months from May to September. Vulnerable groups are more susceptible to heat stroke. Symptoms include dizziness, headache, nausea, shortness of breath or confusion. In severe cases, patients may suffer from convulsions or become unconscious, which can be life-threatening if they are not cooled down and resuscitated in a timely manner.
Members of the public are also advised to pay attention to the latest weather, as well as the real-time and forecasted ultraviolet (UV) index released by the Hong Kong Observatory (HKO). When the UV index is high (6 or above), the public should note the following:
- Avoid direct sunlight exposure to the skin and the eyes;
- Apply broad-spectrum, water-resistant sunscreen liberally, with a sun protection factor (SPF) of at least 30 or higher, when participating in outdoor activities. Reapply every two hours if staying outdoors for long periods, or after swimming, sweating or towelling off;
- While using DEET-containing insect repellents for personal protection against mosquito-borne diseases, apply sunscreen before insect repellent;
If symptoms develop, such as dizziness, headache, nausea, shortness of breath or confusion, rest and seek help immediately, and seek medical advice as soon as possible.
Hot weather in Hong Kong, Photo by Bastille Post
For more health information, the public may visit the CHP's heat stroke page and UV radiation page; the HKO's Dial-a-Weather (1878 200), latest weather report and forecast, UV Index and weather information for hiking and mountaineering; and press releases of the Labour Department on precautions against heat stroke for outdoor workers and their employers when the Heat Stress at Work Warning is in force.
HKMA and DFSA to co-host third Climate Finance Conference to drive transition in changing world
The following is issued on behalf of the Hong Kong Monetary Authority:
The Hong Kong Monetary Authority (HKMA) and the Dubai Financial Services Authority (DFSA) announced today (August 10) that the third edition of the HKMA-DFSA Joint Climate Finance Conference will take place on September 10 inHong Kong.
The conference is a flagship initiative jointly established by the HKMA and the DFSA to support and enable the continued development of climate finance acrossAsia and the Middle East. Themed ""Driving Transition in a Changing World"", this year's conference will also be a main event of theHong Kong Green Week 2026.
Supported by Hong Kong Exchanges and Clearing Limited and Nasdaq Dubai, the conference will convene corporate leaders, investors and policymakers to explore partnerships, financing solutions and innovations required to support aviable and credible green transitionamid global uncertainty. Discussions will focus on the emerging and strategic sectors in Hong Kong and Dubai. Featuring keynote addresses, fireside chats, enlightening talks and panel discussions, the conference will also highlight how the two international financial centres can serve as catalysts of transition finance.
The Chief Executive of the HKMA, MrEddie Yue,said, ""As global uncertainty challenges green transition, leading sustainable finance hubs like Hong Kong and Dubai must align to drive capital towards real-world solutions. We are excited to facilitate the cross-regional dialogue, and look forward to moving beyond discussion to unlock tangible business and investment opportunities.""
The Chief Executive of the DFSA, MrMark Steward,said, ""This conference reflects the strong partnership between the DFSA and the HKMA, providing a valuable platform to exchange perspectives, strengthen cross-border collaboration, and support the continued development of sustainable finance across our regions.""
Details of the conference can be foundhere.
About HKMA
The HKMA is Hong Kong's central banking institution. The HKMA's main functions are: (i) maintaining currency stability within the framework of the Linked Exchange Rate System; (ii) promoting the stability and integrity of the financial system, including the banking system; (iii) helping to maintain Hong Kong's status as an international financial centre, including the maintenance and development of Hong Kong's financial infrastructure; and (iv) managing the Exchange Fund.
About DFSA
The DFSA is the independent regulator of financial services conducted in and from the Dubai International Financial Centre (DIFC), a purpose-built financial free zone in Dubai, the United Arab Emirates. The DFSA regulates and supervises financial services firms and markets in the DIFC. These include asset managers, banks, custody and trust services, commodities futures traders, fund managers, insurers and reinsurers, traders of securities and fintech firms. The DFSA is also responsible for the registration and oversight of Registered Auditors and Audit Principals in the DIFC, including their continuing compliance with registration criteria and conduct of audits of Public Listed Companies, Authorised Firms, Authorised Market Institutions and Domestic Funds. We supervise exchanges and trading platforms for both conduct and prudential purposes, overseeing an international securities exchange (Nasdaq Dubai) and an international commodities derivatives exchange (Gulf Mercantile Exchange). The DFSA is also responsible for supervising and enforcing anti-money laundering and countering the financing of terrorism requirements applicable in the DIFC. Please refer to theDFSA's websitefor more information.
About Hong Kong Exchange and Clearing Limited
Hong Kong Exchanges and Clearing Limited (HKEX) is a publicly-traded company (HKEX Stock Code: 388) and one of the world's leading global exchange groups, offering a range of equity, derivative, commodity, fixed income and other financial markets, products and services, including the London Metal Exchange.
As a super-connector and gateway between East and West, HKEX facilitates the two-way flow of capital, ideas and dialogue between China and the rest of the world, through its pioneering Connect schemes, increasingly diversified product ecosystem and its deep, liquid and international markets.
HKEX is a purpose-led organisation which, across its business and through the work of HKEX Foundation, seeks to connect, promote and progress its markets and the communities it supports for the prosperity of all.
About Nasdaq Dubai
Nasdaq Dubai is the international financial exchange serving the region between Western Europe and East Asia. It welcomes regional as well as global issuers that seek regional and international investment. The exchange currently lists shares, derivatives, Sukuk (Islamic bonds), conventional bonds and Real Estate Investment Trusts (REITS). The majority shareholder of Nasdaq Dubai is Dubai Financial Market with a two-thirds stake. Borse Dubai owns one third of the shares. The regulator of Nasdaq Dubai is the DFSA.
About Hong Kong Green Week
The 2026 edition of Hong Kong Green Week, the city's flagship sustainability event, will take place from September 7 to 11. Themed ""Future-proofing Sustainable Growth"", the week-long programme will feature a variety of events and networking opportunities, bringing together diverse and practical insights across the globe to inspire and drive collective actions towards Asia's sustainable transformation. Visit www.hkgreenweek.hk for more details.
Source: AI-found images",1.0
Daily weather tracker: Orange alert across several states as monsoon rains intensify; Assam floods worsen - Down To Earth,https://news.google.com/rss/articles/CBMi4wFBVV95cUxQRHZXX0F6UWVoclRBOGNzY0hIQmZfTGdRdHBfd3dTc3Z6VnlXajVFYVdibldYZVJCWndLZTZxSHY1RWZyNmZMN3QzOUcwQ0pCVGxpNHRWMWVfM1RkcnVfcWE1YXJZSkJmNnZONE5zWlF2YngySGRMb0JRckVnd0VRMlRHZGY2V1RSeVpfN3ZVWWdkT25BOE1kOWhWLU5hVEUtVWk1MlRnb0JMQ2lnRzZ0c0dpTVB6WGx6UGJBTVl5dkxzejBtSEJ1eExwbEQ2djg4RmZTeXdydmpKcGRBY0NpQzNpd9IB8AFBVV95cUxPZW1Od253VjZjWlk5Z0dEa0Y5YklXdkpMMS0yY3g3YjJIMDdjRGE5eksyaDJ6UWp3SzNBbUFZcm1SUkQtT21MNkRidjRkZnlTelhHSVBXWFV4cEhjSXlWVXFpSlJDTW9hczlXZC0tNHhyZEJTOGpQSElGYUpOajFuREVOdmN5a1VwTkgzcGYtRGF5YThqV2lGTGVQR0pWX2JHUEtGSkhWdFRReFJQY3pTaDRkdzh0eDhpazdxUmpYTGJLQXRxVjNMZkZPazB5RFRZaW04NmtxeEVwMmhoYnBvVE1XdFA4VUFNbFhqZzMtRTg?oc=5,Down To Earth,2026-08-10T10:14:49+05:30,en,Andaman and Nicobar Islands,,"(""heat advisory"" OR ""heat action plan"" OR ""heat alert"" OR ""IMD warning"" OR ""IMD alert"" OR ""red alert"" OR ""orange alert"" OR ""yellow alert"" OR ""NDMA advisory"" OR ""cooling shelter"" OR ""relief measures"" OR ""heat compensation"" OR ""severe weather warning"") Andaman and Nicobar Islands","Orange alerts issued across several states as heavy to very heavy rainfall threatens flooding, landslides, waterlogging and travel disruptions.
Uttarakhand and Himachal Pradesh face intense rainfall, with vulnerable hill districts warned of landslides, road blockages and hazardous travel conditions.
Assam’s worsening floods have affected more than 155,000 people, while relief teams continue rescue operations and essential supplies distribution.
Delhi-NCR may receive heavy showers, while eastern Rajasthan and western Madhya Pradesh remain under orange alerts for intense rainfall.
Farmers advised to strengthen field drainage, protect harvested crops and avoid pesticide spraying during rainfall and thunderstorms across affected regions.
Heavy to very heavy rainfall is expected across several parts of India on Monday, August 10, as an active monsoon, a western disturbance and a low-pressure system combine to strengthen rain activity. The India Meteorological Department (IMD) has issued orange and yellow alerts for several states, warning of intense showers, thunderstorms and possible disruption in vulnerable areas.
A low-pressure area over northern Madhya Pradesh is currently active over north-central Madhya Pradesh and adjoining regions. The monsoon trough extends from Jaisalmer through Guna, the low-pressure area over north-central Madhya Pradesh, Daltonganj and Digha before reaching the central Bay of Bengal. These systems are expected to keep rainfall activity active across central, northern and northeastern India.
Delhi-NCR remained under cloudy conditions on Monday morning, although parts of Noida and Greater Noida experienced sunshine. The weather, however, is likely to change during the day. The IMD has issued a yellow alert for Delhi and forecast the possibility of heavy rainfall.
Persistent showers are expected to keep temperatures relatively moderate. Delhi is likely to record a maximum temperature of around 35 degrees Celsius and a minimum of 26 degrees Celsius. Residents have been advised to remain alert to sudden changes in weather, particularly during periods of intense rainfall and thunderstorms.
The hill states remain among the areas facing the highest weather risks. In Uttarakhand, heavy to very heavy rainfall is possible in parts of Dehradun, Bageshwar, Nainital and Champawat. An orange alert has been issued for these areas, where rainfall could reach between 115.6 and 204.4 mm.
Himachal Pradesh is also expected to receive heavy rainfall. Orange alerts are in place for parts of Kangra and Sirmaur, while Bilaspur, Mandi and Solan are under yellow alert. Heavy rain in mountainous terrain can trigger landslides, rockfalls and road blockages, potentially disrupting travel and communications.
Jammu and Kashmir and Ladakh are also likely to experience thunderstorms and heavy showers, with the IMD issuing a yellow alert.
Eastern Rajasthan and western Madhya Pradesh are expected to receive heavy to very heavy rainfall, with orange alerts issued for affected areas. Rainfall between 115.6 and 204.4 mm is possible in some locations.
Heavy rainfall is also forecast in parts of Assam and Meghalaya, Bihar, Chhattisgarh, eastern Madhya Pradesh, Haryana, Chandigarh, Nagaland, Manipur, Mizoram and Tripura, Odisha, Punjab, Uttar Pradesh and Vidarbha. These regions are under yellow alert, with rainfall of 64.5 to 115.5 mm possible.
Meanwhile, Assam continues to grapple with a severe flood situation. According to the state's Disaster Reporting and Information Management System bulletin issued on August 9, more than 155,000 people have been affected by floods.
The bulletin reported 101 deaths, including 60 men, 23 women and 18 children. Among the deceased children were 12 boys and six girls. Floodwaters have affected homes, roads and essential infrastructure across several districts, while normal movement has been disrupted in many areas.
Four districts in eastern Assam have been particularly affected. Relief and rescue operations are underway, with authorities focusing on moving vulnerable residents to safer locations and providing food, drinking water and other essential supplies.
The continuing rain spell has prompted advisories for farmers to strengthen drainage systems in fields and clear blocked channels to prevent waterlogging. Ready crops should be harvested where possible and stored in dry, secure locations. Farmers have also been advised to avoid spraying pesticides or fertilisers during rainfall.
During thunderstorms, people should stay indoors and avoid open fields, isolated trees, rivers, ponds and other exposed locations. Travellers in hilly regions should check local weather warnings before setting out.
With multiple weather systems active simultaneously, rain is expected to remain widespread across several parts of the country. Authorities have urged residents to follow official advisories and avoid flood-prone areas as heavy rainfall could further increase the risk of waterlogging, flooding and landslides.",1.0
Uttarakhand issues orange alert for four districts; schools closed in Bageshwar today - The Times of India,https://news.google.com/rss/articles/CBMi8wFBVV95cUxOLTR5cmhzRGtLNWlGMDlwUHgyczBpQ0lrMElXelF5WGl2cWdFVDd0REt2d0xqZ0FaNXQyUDR3X1duWE5JVjR2Q1kxVmFiXzFhR2dsWWJwUTN2Nl9XdVdqNE8wcDVoQWxQNVFFaW4weEJNS21TWldaZUdiSzAweV9reUhmN29Wc0VrckFIWmRYNnNlemZiRXlDZ0dBYW94cmRpWktaeXZkckNjTVo0WEdwVXZEX1JDeWZuMXRKTEpiLUszaHJ6STRJdnk0dUZYQ0RCeWtfdXE0SmxHRlY3NVQ1WnlyYUxmdXd1UlU2cFVZTEhadDjSAfgBQVVfeXFMT2U4OG1LbVVjYUozVnZmeHA5X3pjTVJiQ0JnQ0VHeGZPMTV4Tms1SHpUQVV4WGJjWVlUVzhsMkZYYjBERXZSRXc0SVg1eDlTdzBDZGsxTThobFpkeVozTVhoOG9Kdm9jOGFFbmJtR3pwTFNlaldVQy0zNFh0dnJpSUNaVUJtSjlhQUJKQ1hmdHBtODJfQ3pYM0dCaWs5OWdISUpjZnRJMGdWT0ZGTlZJSFV1WEpwT3YzOE85cFlzOW5ZTjNHQ05jY09CSW5EZzl0a242QW9sYTY4UktZbnBmVnpRQ1lVQnh0VkFDbUMzWENfdnZYV0JqUG0?oc=5,The Times of India,2026-08-10T07:52:00+05:30,en,Andaman and Nicobar Islands,,"(""heat advisory"" OR ""heat action plan"" OR ""heat alert"" OR ""IMD warning"" OR ""IMD alert"" OR ""red alert"" OR ""orange alert"" OR ""yellow alert"" OR ""NDMA advisory"" OR ""cooling shelter"" OR ""relief measures"" OR ""heat compensation"" OR ""severe weather warning"") Andaman and Nicobar Islands","Schools up to Class 12 in Bageshwar district of Uttarakhand will remain closed today, August 10, due to a warning of heavy to very heavy rainfall. The decision has been taken in view of the weather conditions and the rainfall forecast for the district.
The India Meteorological Department (IMD) has issued an 'orange alert' for four districts of Uttarakhand, including Dehradun, Bageshwar, Nainital and Champawat. Heavy to very heavy rainfall is likely at isolated places in these districts.
The weather department has also warned of lightning and intense to extremely intense rainfall in some areas. A 'yellow alert' has been issued for the remaining districts of the state.
Following the weather warning, the State Emergency Operation Centre has asked all districts to remain alert and take necessary precautionary measures.
Students and parents in Bageshwar are advised to follow official updates from the district administration regarding the reopening of schools.",1.0
Typhoon Dolphin Makes Landfall in East China After Red Alert - livemint.com,https://news.google.com/rss/articles/CBMitwFBVV95cUxNNm5QSlJ1dDB1U2F4RHdnTWotZnFqa3dwLXdLUGdYbFl1WXd1Q1p4S29fVkl5ZUZONG1JSXZjT3NYNW15WkNFUjhPMGdCRGRBWmwxZTZUZVhBNjVEVVpWcUxNNjNfamZOejFFNGNxa2RBRDhadFNlajFXbXRYZlNBVjhZdldIaFAyTjQ3SWpyRVB5ZUMzNDVIalpfWGhGY0hrM3FsMnFjeUNHUzVYTnoxQS1VcnpxMmvSAbwBQVVfeXFMTnRKbXQyS1IyVmFCem1icy1PLU5MSFlpZUQwazNaczJ5MlJfRGhnS05kQW15d1BkWnlyM1l2VjdfMnQtX09admhhREJDU1lhZjJCUU5hVmVKZV9CUk01U2RGUGZjdmVDMUJRVVk5VkhvczFlaFR4VzY5TmllR0U3WjdFM1hwYWRjZmVMbHhMNHkxbDd1MWNEOEYxWkZkMzB0emFYRzVYZ1E5MXM1T0JsdXFhX0xHM2o1aWpxeEk?oc=5,livemint.com,2026-08-10T08:43:38+05:30,en,Andaman and Nicobar Islands,,"(""heat advisory"" OR ""heat action plan"" OR ""heat alert"" OR ""IMD warning"" OR ""IMD alert"" OR ""red alert"" OR ""orange alert"" OR ""yellow alert"" OR ""NDMA advisory"" OR ""cooling shelter"" OR ""relief measures"" OR ""heat compensation"" OR ""severe weather warning"") Andaman and Nicobar Islands","Typhoon Dolphin Makes Landfall in East China After Red Alert
Typhoon Dolphin made two landfalls in eastern China on Sunday evening after Beijing issued its highest storm alert, with more than 1,000 flights canceled and some rail services suspended as well.
Bloomberg
Published10 Aug 2026, 08:43 AM IST
Typhoon Dolphin made two landfalls in eastern China on Sunday evening after Beijing issued its highest storm alert, with more than 1,000 flights canceled and some rail services suspended as well.
The storm touched down at 17:30 local time on the coast of Taizhou in eastern Zhejiang province, with the maximum wind force near the center at 42 meters per second , according to the China Meteorological Administration. Dolphin made a second landfall on the coast of Wenzhou, Zhejiang, around 18:40.
Earlier in the day, the meteorological authority issued a red alert, only the second time this year Beijing has issued the warning after Typhoon Noul in late July.
Shanghai’s two main airports have halted a total of 1,384 flights, while Hangzhou suspended over 300, China Central Television reported on Sunday. That follows cancellations by Ningbo Lishe International Airport starting late Saturday night.
Shanghai, which neighbors Zhejiang province, halted ferry services, closed some subway lines and long-distance bus services, and relocated over 100,000 people, according to local media reports and official announcements. The typhoon has already forced over 390,000 people in Taizhou to evacuate, according to state media.
Extreme weather in China this summer has led to a significant number of deaths and huge economic losses. Vast parts of the Asian nation have been drenched by heavy rain since early July, leading to flash flooding and crop damage. President Xi Jinping in July urged “all-out” disaster prevention and relief efforts after deadly storms hit parts of the country.
Rail operators suspended some train services in parts of the Yangtze River Delta region from Sunday, with certain route disruptions set to continue through Thursday, according to China Railway Shanghai Group. The moves come after major ports near Shanghai, including Zhoushan — China’s largest refueling hub for ships — halted operations.
The meteorological authority also forecast heavy to torrential rains from Sunday to Wednesday in a wide swath of regions including Fujian, Zhejiang, Shanghai, Jiangsu, Hebei, Beijing and Tianjin.
On Sunday, the Beijing Water Authority said the cumulative rainfall in Beijing from Tuesday to Saturday will reach the level of torrential rain, with extremely heavy rain expected in mountainous and some southern areas.",0.8333333333333333
Himachal Weather Update: Orange Alert Amid Heavy Rain Forecast; Highway Traffic Hit - The News Himachal,https://news.google.com/rss/articles/CBMiugFBVV95cUxNWmFZOTY5LTFqbzJzVl80SVBjb1h0c1llWWZja2FGbS10eUcwUUVoNmU5MTNKanFUd3BHbW5QSkpUQzhkRGtDU2JuVWZ2dnM2b0hKSU5qSjI1bkxtazRQQ25ZYnoyN0JPMVFrODBpM3VDeFI0Z2hhN2xudGxrLVdCYVVqT281RXllSE43R1BLMFpnNE1YbWZZYXA2T2JmeGYwb3BrbUc5M1Q5VjVZWUtTRnlxeThJb0ZseEE?oc=5,The News Himachal,2026-08-10T07:10:04+05:30,en,Andaman and Nicobar Islands,,"(""heat advisory"" OR ""heat action plan"" OR ""heat alert"" OR ""IMD warning"" OR ""IMD alert"" OR ""red alert"" OR ""orange alert"" OR ""yellow alert"" OR ""NDMA advisory"" OR ""cooling shelter"" OR ""relief measures"" OR ""heat compensation"" OR ""severe weather warning"") Andaman and Nicobar Islands","Shimla: Himachal Pradesh is set to experience another spell of adverse weather, with the Meteorological Centre, Shimla, issuing an Orange Alert for extremely heavy rainfall and landslides in parts of the state from Monday. The weather department has warned that unsettled conditions are likely to continue for the next six days.
An Orange Alert has been issued for Kangra and Sirmaur districts, while a Yellow Alert remains in effect for Bilaspur, Mandi and Solan. The warning comes amid concerns over landslides, falling stones and disruption to road connectivity in vulnerable areas.
Kiratpur-Manali highway blocked after rockfall
Traffic on the Kiratpur-Manali four-lane highway was disrupted for around six and a half hours on Sunday after stones fell from a hillside near Mehla in Bilaspur district.
The affected stretch beyond Mandi-Bharari Chowk was closed at around 1 pm following the rockfall. The highway was reopened at approximately 7:30 pm. The prolonged closure resulted in traffic congestion on both sides of the highway.
Police officials arranged an alternative route to facilitate the movement of vehicles between Bilaspur and Chandigarh.
Vehicles travelling towards Chandigarh from Bilaspur, Hamirpur, Mandi, Kullu and Manali were diverted from the four-lane highway through Mandi-Bharari Bridge to Nauni Chowk, before proceeding towards Swarghat and Kiratpur via the old NH-205.
Similarly, vehicles travelling from Chandigarh towards Bilaspur, Hamirpur, Mandi, Kullu and Manali were routed through Swarghat and the old NH-205 to reach Nauni Chowk.
Meanwhile, the Bagipul-Jaon road in Rampur remained closed due to landslides, cutting off road connectivity to three panchayats in the Nirmand subdivision.
In view of the adverse weather forecast, NCC camps for school students scheduled to begin on August 18 have been cancelled. The decision has been taken as a precautionary measure considering the possibility of heavy rain and landslides.
Weather conditions also affected air connectivity on Sunday. A SpiceJet flight arriving at Kangra Airport (Gaggal) from Delhi was cancelled after light drizzle was reported in Kangra during the morning.
The latest weather warning comes as Himachal Pradesh continues to deal with the impact of a damaging monsoon. The state has so far suffered losses estimated at ₹835 crore, while 66 people have lost their lives during the current monsoon season.",1.0
Weather tomorrow: IMD forecasts of heavy to very heavy rain across several states; orange alert in Himac - The Times of India,https://news.google.com/rss/articles/CBMilAJBVV95cUxOcnlJbThWY1UwQTNJWkRmbDVXaVU5MnlyNWlySDQ0R211WEZCMldIbDNWMHB3YV9WaUdGVmM1VVpHYkNMaGZrd0NaTUh3X3k2ZWJvbjVuWk1uX1hMaWFiS05fR2lYNjB0YjNGOFdYTnl2NWg1TUpUX3dKVDBPYVBzWFZEVjNjOHZTaEVXOXBVSFZKdFpBSktIOHRpdzJzT3dTZ0VEc2RCZEd1S2h4bDN5bEhaRGMtQkhub3NEN1FNTHlBUE1jdmxoY0dlbE9LblZuMm5IRlozZU83SG5VN1lvTTdtMEpSdFktRmd5bjZqcUJ3QTl2SHhCd3pLNldyYnpVd1J5Z05YdFMySGRMSGRVbXhWRlrSAZoCQVVfeXFMUG12cjJLa1pVTW8yLTBzSEV2bHpOTmN1N0ZVN1RYUlcxT25ZTU5JMGQ0NWdXODRyT19CV2xjV2lHejFSWVpoRWs3VEhMMThQcTgtWHZHbk1mN0x5dWNlQjdURnpHd093SnRKWUwzMzZ3d2N0b3hwNWVFT09HYXNqbkx2MFp2Znc2TEVuOXdFUjJCTDd2RUxxdFNlamhsVGFacDB4Zml3SDhoSmlvYXRnTWNSZ1pDaVBvQ3BQdC0wVlRNeGx3RDlrTDJiaEZYX2VXUkVmVFA0Mmh0bGYwc0pwLW5YU1YwSTJoc19ySkN2bHRQU3dCdlF2VGlWM2M3cWZqYmc5dkE3bnllRnZHWjdEWmotWXVRWU1DU0pR?oc=5,The Times of India,2026-08-10T12:39:00+05:30,en,Andaman and Nicobar Islands,,"(""heat advisory"" OR ""heat action plan"" OR ""heat alert"" OR ""IMD warning"" OR ""IMD alert"" OR ""red alert"" OR ""orange alert"" OR ""yellow alert"" OR ""NDMA advisory"" OR ""cooling shelter"" OR ""relief measures"" OR ""heat compensation"" OR ""severe weather warning"") Andaman and Nicobar Islands","NEW DELHI: The
India Meteorological Department (IMD) has forecast rainfall across several states over the coming days, with heavy to very heavy rainfall likely in parts of Rajasthan and Himachal Pradesh, while Delhi is expected to remain cloudy with intermittent light rain. Uttarakhand is also likely to receive light to moderate rain and thundershowers at most places.
Delhi-NCR weather tomorrow
Light to very light rainfall is also expected across several parts of Delhi on August 14 and 15. Wind speeds are likely to remain around 10-15 kmph, with westerly winds prevailing on August 14 and northwesterly winds expected on August 15.
The wind pattern is expected to change over the coming days. Winds are likely to blow from the northeast to southwest on August 12 and from the northwest to west on August 13, with speeds ranging between 10 and 15 kmph.
Overall, Delhi is likely to see cloudy weather with occasional light rainfall through the week. However, the showers may not provide significant relief from the prevailing humidity, as temperatures are expected to remain relatively high. The IMD has indicated that maximum temperatures are likely to remain broadly unchanged over the next seven days.
Uttarakhand
Uttarakhand is expected to receive light to moderate rain and thundershowers at most places, with rainfall likely across most districts.
The intensity is expected to remain steady in the hilly regions, while rainfall in the plains of Haridwar and Udham Singh Nagar may be limited to a few isolated places.
Tamil Nadu
An atmospheric circulation prevailing over the North Tamil Nadu coastal region is expected to influence weather conditions across the state over the next few days.
Rainfall activity is likely to be more pronounced in areas along the Western Ghats and the northern coastal districts on August 12 and 13. These regions could receive moderate rainfall as moisture-laden winds and prevailing atmospheric conditions favour the formation of rain-bearing clouds.
Other parts of Tamil Nadu could also experience scattered showers during the period, although rainfall intensity and distribution may vary from place to place.
Despite the likelihood of rain, warmer conditions are expected in parts of northern interior Tamil Nadu. Maximum temperatures in these areas could rise by up to three degrees Celsius above normal until August 13.
Rajasthan
The Meteorological Department has forecast moderate to heavy rainfall at several places across southern and eastern Rajasthan, with isolated areas likely to receive very heavy rainfall.
Rainfall activity is expected to continue across several parts of the state until August 13. Weather conditions are likely to begin improving in western Rajasthan from August 14 and in eastern Rajasthan from August 15.
A cyclonic circulation is also active over northeastern Rajasthan and adjoining areas. Under its influence, moderate to heavy rainfall is expected at several places in southern and eastern Rajasthan on August 11, with isolated instances of very heavy rainfall possible.
The rainy spell is expected to continue through August 13. Weather conditions are likely to become comparatively dry in western Rajasthan from August 14, while rainfall activity in eastern Rajasthan is expected to decline from August 15.
Himachal Pradesh
The weather office has issued an
orange alert for heavy to very heavy rainfall at isolated places in Himachal Pradesh, including Kangra and Mandi districts, for Tuesday.
The weather department has predicted a wet spell in the state until August 15.
IMD's latest forecast
The latest forecast points to continued monsoon activity across several parts of north and south India, with rainfall expected to persist in Uttarakhand, Rajasthan, Tamil Nadu and Himachal Pradesh over the coming days.
Delhi is also likely to remain cloudy with intermittent light rain, although high humidity and relatively elevated temperatures could continue to make conditions uncomfortable.",1.0
Himachal rains: 124 roads blocked as 6 districts under orange alert - tribuneindia.com,https://news.google.com/rss/articles/CBMirwFBVV95cUxOUG1NZnl6eGhVSUlSQjJ4SGdlalB1S2dSSlNIQzczWVdSRkRqY1U0V1BhdkFSQ3pua0RxeVlQd2RqOTBWbENWS2NLLUtrckJTNjdpRlRCUDlmLXFjc3FLMEF1MFlvQkVCNGlCaFNlNHVmMTdSQW4yMTJNTkZpQ25rWWcxQU45MmlWR1lNVXNVTkdqdkZkZHRaN29mMmpuX3N3MmV0R0xuNlhBQ0hjOGlJ0gGzAUFVX3lxTE5XWFdPODJ0Q0JDOWRLQTV4bmtTS1JyWi1famE1bFJjekM3VW9ZMW9fOU5GbkJzcDRjT1BxZV84WWdMX1BsMzJ3cVZrQ0dINUlmU0doUUZ3UUpaZlA5UHVqdWIyOFhBcXE0Yml2S0F1ay1yV0RlYlR6LV9DbVFoR3A4N29KMkxwQ3BKYkJqWWFVV3ZwdjhueGY3S2RrOUltbnpETkF2eHRNVFdDelpFcFZ4bENF?oc=5,tribuneindia.com,2026-08-10T12:16:18+05:30,en,Andaman and Nicobar Islands,,"(""heat advisory"" OR ""heat action plan"" OR ""heat alert"" OR ""IMD warning"" OR ""IMD alert"" OR ""red alert"" OR ""orange alert"" OR ""yellow alert"" OR ""NDMA advisory"" OR ""cooling shelter"" OR ""relief measures"" OR ""heat compensation"" OR ""severe weather warning"") Andaman and Nicobar Islands","Himachal rains: 124 roads blocked as 6 districts under orange alert
Mandi accounts for 51 blocked roads and 245 disrupted transformers; heavy rain, landslides and flash floods likely
As many as 124 roads continue to remain blocked across the state, while about 255 transformers and 17 water supply schemes also remain disrupted after being damaged due to torrential rains.
According to the State Emergency Operation Centre, 51 of the blocked roads are in Mandi, 39 in Kullu, 13 in Shimla, seven in Chamba, six in Sirmour, five in Kangra and three in Una.
Similarly, 245 of the disrupted transformers are in Mandi, four in Kinnaur and three each in Shimla and Sirmour. Of the disrupted water supply schemes, about 12 are in Shimla and five in Hamirpur.
Meanwhile, heavy rain is very likely to continue across the state on Monday, with orange alerts issued for six districts. These include Shimla, Kullu, Solan, Bilaspur, Mandi and Sirmour, where very heavy to heavy rain is likely at isolated places throughout the day, with the possibility of landslides and flash floods in vulnerable areas.
Additionally, yellow alerts have been issued for Hamirpur, Kangra and Una, where heavy rain is likely at isolated places throughout the day.",0.5166666666666666
Visayas grid under yellow alert again - Inquirer.net,https://news.google.com/rss/articles/CBMif0FVX3lxTE84YUUySE9ZWG43MGl4cHBESGhvQ3BNMUd6ZmJLd1VjVmR4SmtXVk4yd3pxWlItTmlPYlBQUzFhX3dhNm96Sk9vdWFkcndGeUdUZGdDVENPb2VSbXF1Skp4aVgwcFp5OEF4LXgzMGVaOHU5UUpyTS1BeTRkZm1FUHPSAYQBQVVfeXFMUDhMb2RZMHh2WjlzQ2RLY2ZPN1IxZUNIenVMVUM1NW5mMW9oQWRpQzg2dWFlSExwRy1faW1iSUZDYUlTSDVIYUNxM3dDM3J3MGs2Mkh5d1ZUTTZsZXpSbGc0QUU1eGRiVXJOdUlIaUR5N0w1c21RVkZiT1Axb2UtWW14U3ct?oc=5,Inquirer.net,2026-08-10T07:02:00+05:30,en,Andaman and Nicobar Islands,,"(""heat advisory"" OR ""heat action plan"" OR ""heat alert"" OR ""IMD warning"" OR ""IMD alert"" OR ""red alert"" OR ""orange alert"" OR ""yellow alert"" OR ""NDMA advisory"" OR ""cooling shelter"" OR ""relief measures"" OR ""heat compensation"" OR ""severe weather warning"") Andaman and Nicobar Islands","Visayas grid under yellow alert again
MANILA, Philippines — Thin power supply in the Visayas persisted on Monday, prompting the grid operator to impose a three-hour yellow alert.
In an advisory, the National Grid Corp. of the Philippines (NGCP) said the alert status will be in effect from 5 p.m. to 8 p.m.
READ: DOE vows better Visayas power before Marcos exits
As of 8 a.m., the available capacity was 2,350 megawatts (MW) while peak demand was 2,276 MW.
Outages at large coal plants and limited power imports from Mindanao still drove the new yellow alert.
The Visayas grid, which heavily relies from power imports from Luzon and Mindanao, has been suffering from tight electricity supply for months.
READ: Visayas power woes highlight need for gridwide upgrade
Department of Energy (DOE) Secretary Sharon Garin earlier said that while the Visayas has many renewable energy power plants, it still needs steadier backing from baseload assets.
A yellow alert indicates that available power reserves are thinning, meaning any unexpected plant outage could trigger service interruptions. /pai",0.5166666666666666
